pupilnolongeronrolltableid,NativeId,dob,surname,forename,middlenames,preferredsurname,formersurname,upn,formerupn,uniquelearnernumber,sex,entrydate,leavingdate,pupilnolongeronrollorderseqcolumn,sourceid,schoolcensustableid,parttime,termlysessionspossible,termlysessionsauthorised,termlysessionsunauthorised,moveonrollflag,missingaddress,summerhalfterm2sessionsauthorised,summerhalfterm2sessionspossible,summerhalfterm2sessionsunauthorised,qualhrs,qualhrspreviousyear,nonqualhrspreviousyear,tlevelqualhrs,tlevelnonqualhrs,nonqualhrs,summerhalfterm2sessionseducational,summerhalfterm2sessionsexceptional,summerhalfterm2sessionscoronavirus,boarder,language,ncyearleaving,mathsgcsehighestpriorattainment,mathsgcsepriorattainmentyear11,englishgcsehighestpriorattainment,englishgcsepriorattainmentyear11,mathsgcsefundingexemption,englishgcsefundingexemption,mathsgcsehighestpriorattainmentpreviousyear,englishgcsehighestpriorattainmentpreviousyear
01080e0c-45b,SCH5,2012-Jan-21 00:00:00,SUR9125,FOR8776,MID6388,PSUR6605,FSUR9602,5ff4489b-998,a3cb1dfc-942,7c93a96f-2,F,2024-Jul-03 00:00:00,2024-Dec-03 00:00:00,1,8140d532,1f49253a,False,132.0,9.0,,283d9c6e,a255d151,8.0,130.0,,834.0,741.0,123.0,752.0,139.0,139.0,,4.0,,,ENG,X,,,,,N,,2,
01dfc5f8-834,SCH2,2019-Jul-03 00:00:00,SUR4855,FOR9474,MID6248,PSUR4029,FSUR6469,feaf306f-955,c57c7ce8-2da,f3f16822-f,M,2023-Oct-18 00:00:00,2024-Dec-07 00:00:00,1,bbb88aae,fc5baf9b,False,125.0,,,d9568c95,0a50a9b7,7.0,123.0,,780.0,812.0,126.0,765.0,123.0,130.0,,,,,ENG,9,,3,,,,,,
0328b124-b96,SCH8,2011-Dec-31 00:00:00,SUR5727,FOR3624,MID3796,PSUR3520,FSUR9685,891b90ee-118,2f3fd102-01d,077b374c-8,M,2024-Mar-04 00:00:00,2024-Nov-16 00:00:00,1,37cce5c6,83b031ab,,123.0,,,f26a4634,d8404e0c,7.0,140.0,3.0,786.0,784.0,130.0,820.0,117.0,129.0,,,,,BEL,5,,1,5,,,,,
036af847-83a,SCH8,2008-Dec-05 00:00:00,SUR7134,FOR9344,MID7183,PSUR8168,FSUR7434,6647404e-915,95993d64-7c2,528024db-9,F,2024-Jul-26 00:00:00,2024-Oct-02 00:00:00,1,71a1a214,0ff1d035,False,128.0,8.0,3.0,490bdf14,769ac4c2,8.0,132.0,,747.0,753.0,130.0,782.0,125.0,138.0,,,,,ENG,3,,,,,,,,
0692560f-4c8,SCH6,2019-Nov-12 00:00:00,SUR8713,FOR2977,MID1522,PSUR1059,FSUR1044,a3602bb0-301,dc5636ed-45f,60c430ae-0,M,2024-May-12 00:00:00,2024-Dec-06 00:00:00,1,29d9d02b,b314eec7,False,135.0,8.0,,561125e5,ba05b0e8,7.0,126.0,,729.0,754.0,132.0,783.0,131.0,130.0,,3.0,,,PNJA,R,5,1,,,,,,
06d15343-253,SCH2,2011-Sep-07 00:00:00,SUR8856,FOR6079,MID8484,PSUR2748,FSUR1141,20953336-771,77446454-412,7eef324f-f,M,2023-Jul-28 00:00:00,2024-Sep-03 00:00:00,1,cb1df8d8,61532ed6,False,132.0,,,3da560a0,5f08694a,8.0,134.0,4.0,796.0,803.0,126.0,765.0,126.0,124.0,,,3.0,,ENG,E2,,,,,,,,
074ac27e-041,SCH3,2018-Aug-09 00:00:00,SUR1087,FOR8910,MID9961,PSUR2775,FSUR8442,9b537574-b61,d4516ce9-126,10d5559c-5,F,2024-Jun-03 00:00:00,2024-Oct-28 00:00:00,1,6a9c6bac,88a75291,False,129.0,8.0,,fd35641e,0c15ac70,8.0,129.0,,766.0,804.0,127.0,783.0,143.0,133.0,,2.0,,,GER,10,,1,B,,,,,
07988c39-7b6,SCH6,2014-Jul-12 00:00:00,SUR5394,FOR5881,MID1560,PSUR6566,FSUR6054,3a8bc56b-ed9,85c9b5ef-961,ec573cf5-7,F,2023-May-28 00:00:00,2024-Sep-13 00:00:00,1,15087d4c,c693016f,False,120.0,8.0,,43e02b78,418b113f,8.0,133.0,2.0,791.0,736.0,131.0,828.0,132.0,122.0,,,2.0,,ENG,8,5,,,,,,,
0903e6de-706,SCH5,2015-Mar-24 00:00:00,SUR1715,FOR3809,MID1856,PSUR5629,FSUR9409,62b142f3-6ae,6ca60ceb-99f,877ab235-5,M,2024-Feb-06 00:00:00,2024-Sep-30 00:00:00,1,f53547ae,f8b06dd1,False,127.0,8.0,,630e34b7,e986945e,8.0,130.0,3.0,766.0,778.0,138.0,801.0,131.0,124.0,,,,N,ENG,11,,,,,,,9,
096a33fd-3c4,SCH6,2020-Apr-01 00:00:00,SUR8932,FOR5941,MID6689,PSUR6548,FSUR4179,50ab6877-972,8f714f41-3b3,c1a84d27-4,F,2023-Jul-15 00:00:00,2024-Sep-29 00:00:00,1,4f873fb9,d797af75,False,133.0,7.0,,f4a2b1ec,7022f3a7,,138.0,,,836.0,139.0,821.0,128.0,134.0,3.0,,,,ENG,5,7,1,,,,,,8
0a3d35fa-4a0,SCH5,2020-Aug-28 00:00:00,SUR3811,FOR8413,MID2202,PSUR7190,FSUR3551,5cba58d7-1b5,0fdf5f09-e93,b93342e8-b,F,2024-Mar-25 00:00:00,2024-Oct-06 00:00:00,1,a2065eca,0671c94a,False,125.0,8.0,2.0,9f9ba31e,2cf23dc2,7.0,139.0,3.0,808.0,822.0,137.0,735.0,132.0,128.0,,,,,ENG,7,,1,,,,,,
0b680153-77d,SCH6,2018-Dec-12 00:00:00,SUR9753,FOR2213,MID1643,PSUR3050,FSUR6051,db8a3112-595,598a98b9-4c1,887a8dc5-9,M,2022-Sep-13 00:00:00,2024-Oct-14 00:00:00,1,1d3246f9,e497dc2a,True,131.0,8.0,,7485214d,28782366,8.0,134.0,,833.0,781.0,128.0,,132.0,133.0,,,3.0,,ENG,10,,3,,2,,L,,
0be50e5b-a48,SCH8,2017-Feb-05 00:00:00,SUR3743,FOR8536,MID6145,PSUR4749,FSUR7536,d088f80c-8c4,6674e3ce-ee1,986033ff-f,F,2022-Nov-24 00:00:00,2024-Nov-20 00:00:00,1,71a4a4dd,54bc1695,True,131.0,,,bd79265d,b7c59d26,8.0,134.0,,840.0,780.0,133.0,841.0,128.0,137.0,3.0,,,,ENG,14,,,,1,,N,4,
0d6cae32-9fa,SCH6,2009-May-22 00:00:00,SUR5653,FOR3748,MID3570,PSUR4923,FSUR4771,05094ca8-a35,6b838fb8-6fd,30e1d1a1-c,M,2019-Feb-03 00:00:00,2024-Nov-13 00:00:00,1,27388f26,d49d4180,,125.0,7.0,,ef317b48,964f8255,8.0,127.0,3.0,746.0,837.0,122.0,753.0,136.0,133.0,3.0,,,,ENG,5,,2,,,F,,6,
0e6c3ea7-acc,SCH7,2015-Sep-14 00:00:00,SUR3740,FOR4081,MID5216,PSUR7645,FSUR5942,29f21ec2-688,686b6342-8f5,2109a64d-7,F,2022-May-11 00:00:00,2024-Nov-27 00:00:00,1,56ff8eea,f6fff61d,False,127.0,8.0,,59cbaa50,53f4f9e8,9.0,136.0,4.0,832.0,806.0,,799.0,133.0,129.0,,,,,ENG,8,,1,,,,O,,
0f61728c-0fd,SCH4,2018-Dec-07 00:00:00,SUR8822,FOR7984,MID6792,PSUR1074,FSUR8730,21191eed-88b,f0df92d8-781,a125c804-2,M,2022-Apr-07 00:00:00,2024-Sep-24 00:00:00,1,55dfc58d,1d9d8899,False,129.0,8.0,,b507a116,669a1ef1,8.0,132.0,3.0,784.0,848.0,127.0,798.0,130.0,128.0,,,,N,ENG,E1,,,,,L,,,
0f665c65-dc2,SCH8,2015-Dec-03 00:00:00,SUR5035,FOR2311,MID8821,PSUR8318,FSUR5610,5be3d7c3-0bd,879aaf04-271,27e6891f-3,F,2021-Apr-22 00:00:00,2024-Oct-06 00:00:00,1,11e52f82,63d6649f,True,127.0,7.0,,38280046,5ea217df,8.0,132.0,3.0,727.0,758.0,128.0,789.0,135.0,129.0,,,3.0,,ENG,10,,,,,,,A,
1071e2d9-c65,SCH5,2015-Oct-19 00:00:00,SUR9899,FOR6780,MID5349,PSUR7232,FSUR4514,8e0468fc-161,8f50c97c-6ef,22f8f269-0,F,2024-Aug-07 00:00:00,2024-Nov-25 00:00:00,1,ebf3c7cc,d5cf56c1,False,125.0,8.0,4.0,7427d997,1b372a87,8.0,130.0,,773.0,743.0,129.0,792.0,,125.0,3.0,,3.0,,ENG,14,,,,,F,,,9
112d828e-d30,SCH3,2012-Sep-30 00:00:00,SUR3705,FOR1006,MID3621,PSUR8837,FSUR9535,864f1785-b1c,c2fc015c-c3d,ef04dbda-3,M,2022-Nov-04 00:00:00,2024-Oct-25 00:00:00,1,528d3c70,9bab9707,True,137.0,7.0,,ec4cf634,ab0dad6f,8.0,127.0,,817.0,796.0,124.0,,139.0,134.0,,,,,ENG,5,,,,,,,6,
11c1db33-719,SCH3,2014-Dec-10 00:00:00,SUR1662,FOR8553,MID8836,PSUR4205,FSUR5512,459856a3-edb,dfde4d4b-318,c0a235c9-f,F,2021-Jun-02 00:00:00,2024-Dec-13 00:00:00,1,414ec460,d21ba14b,True,125.0,8.0,2.0,3a59eff8,d0816a78,8.0,134.0,,772.0,747.0,127.0,782.0,115.0,135.0,3.0,2.0,,,ENG,E2,,,,3,,,,
12006ab5-3c9,SCH4,2013-Feb-17 00:00:00,SUR7205,FOR5849,MID5109,PSUR3290,FSUR7000,bc4abd57-a42,98e0b0d2-b22,c3608d43-3,M,2023-Jul-01 00:00:00,2024-Nov-19 00:00:00,1,4987af6d,3c9fe836,False,123.0,7.0,3.0,29f53906,7cf7065b,,120.0,,818.0,780.0,140.0,797.0,128.0,128.0,,,,,CYM,4,,,6,,F,,,
12975d34-d08,SCH1,2015-Sep-19 00:00:00,SUR3472,FOR5150,MID4435,PSUR7328,FSUR6667,7d511651-832,2a87970b-d9a,b9f74e05-6,F,2021-Dec-06 00:00:00,2024-Sep-20 00:00:00,1,fe0b491f,62882fc5,False,128.0,7.0,,0edcc0ef,fc15fca9,8.0,132.0,3.0,796.0,795.0,126.0,738.0,134.0,128.0,,2.0,,,ENG,8,,,5,3,,,3,
1443ef7d-d85,SCH6,2009-Feb-07 00:00:00,SUR1538,FOR2452,MID9582,PSUR5221,FSUR3056,1a7cc1a7-9f0,10376c60-1f1,cb94fe4e-8,M,2024-Jun-30 00:00:00,2024-Nov-24 00:00:00,1,adc300b0,87de0b6d,False,130.0,,,9951e5d6,14333df6,8.0,131.0,,787.0,819.0,128.0,802.0,142.0,142.0,,4.0,,6,ENG,7,,,G,2,,,,
14784faa-02d,SCH4,2020-Apr-29 00:00:00,SUR4224,FOR8554,MID4224,PSUR7369,FSUR3327,6f4967fc-718,aff75fcc-0c4,9c64c4c1-a,M,2023-Aug-26 00:00:00,2024-Sep-05 00:00:00,1,8a60780b,5617a9fd,False,132.0,,,20bf8e5b,8a2623fb,9.0,127.0,3.0,793.0,799.0,132.0,794.0,135.0,128.0,,,,,ENG,8,,1,,1,N,,6,
15599ab9-8db,SCH3,2011-Mar-26 00:00:00,SUR5737,FOR3234,MID5177,PSUR5076,FSUR9514,a06b1f82-152,8b0c78bc-b51,eb5729ce-f,M,2024-Oct-06 00:00:00,2024-Nov-20 00:00:00,1,8d9e89fa,67e9c6f8,False,132.0,,,7a76dc11,44005a30,8.0,131.0,3.0,781.0,716.0,132.0,800.0,134.0,128.0,,,,,ENG,11,,,E,,,,,
1562cc94-53b,SCH5,2014-Dec-19 00:00:00,SUR5731,FOR1505,MID2951,PSUR6441,FSUR7658,c83abe07-0a3,0c6b1109-b2a,e62e9a84-0,F,2024-Mar-23 00:00:00,2024-Sep-19 00:00:00,1,436110e1,b2ba40c0,False,131.0,8.0,,5e461a00,47b573de,9.0,134.0,,758.0,747.0,127.0,781.0,122.0,133.0,,3.0,,,UKR,9,6,,,,,N,,
1562cc94-53b,SCH3,2014-Dec-19 00:00:00,SUR5731,FOR1505,MID2951,PSUR6441,FSUR7658,c83abe07-0a3,0c6b1109-b2a,e62e9a84-0,F,2024-Sep-20 00:00:00,2024-Sep-28 00:00:00,2,ae5952e4,7bcde1ad,True,134.0,8.0,,b3f45c42,6379323c,,124.0,,799.0,728.0,136.0,754.0,130.0,136.0,,,,,CYM,R,,,5,,,,,
163ef103-bdf,SCH3,2011-Jul-17 00:00:00,SUR6018,FOR9269,MID5541,PSUR8005,FSUR8187,7c49155b-04f,6632395a-45a,04c32e6c-e,M,2023-May-13 00:00:00,2024-Oct-09 00:00:00,1,ddf91af6,14c98122,True,133.0,8.0,,f4eb2b49,b42b23d9,8.0,136.0,,788.0,756.0,131.0,811.0,128.0,127.0,,,,,ENG,8,,,,,O,,D,
1654402c-bea,SCH8,2015-Dec-28 00:00:00,SUR7625,FOR7622,MID4414,PSUR5770,FSUR3557,3068e62f-705,abd0f4a9-635,10e68c1d-b,M,2023-Jan-01 00:00:00,2024-Sep-29 00:00:00,1,830e1666,677171cc,False,127.0,8.0,,aee5737f,a9309a45,,130.0,,739.0,815.0,137.0,801.0,122.0,128.0,,,,,ENG,11,,,,,F,,,
168eb4ea-88e,SCH3,2007-Nov-19 00:00:00,SUR2384,FOR4976,MID6080,PSUR3898,FSUR9300,285c70cf-a78,78845c84-6f0,db34b58d-b,F,2022-May-19 00:00:00,2024-Sep-20 00:00:00,1,d7ea8c18,6c3e682b,True,130.0,8.0,,d55374df,20d834dc,8.0,132.0,,806.0,772.0,128.0,824.0,126.0,130.0,,,,,BNG,E2,,,,,,,,
16cc8db8-9ef,SCH1,2015-Jun-22 00:00:00,SUR1921,FOR9980,MID7841,PSUR4909,FSUR2064,c4ca5882-6c6,f1f33014-821,1663c09e-5,M,2023-Dec-07 00:00:00,2024-Oct-06 00:00:00,1,68a60631,5e286daa,,134.0,7.0,3.0,d0fa7d1a,11499cdd,,125.0,,786.0,750.0,129.0,755.0,129.0,121.0,,,,,GER,8,,,,,,N,,
16cc8db8-9ef,SCH6,2015-Jun-22 00:00:00,SUR1921,FOR9980,MID7841,PSUR4909,FSUR2064,c4ca5882-6c6,f1f33014-821,1663c09e-5,M,2024-Oct-07 00:00:00,2024-Dec-18 00:00:00,2,1ec6e30e,f073eb62,,143.0,7.0,,bc4b175c,db136c31,9.0,136.0,,747.0,761.0,121.0,792.0,126.0,128.0,4.0,4.0,,,BEL,R,,,,,,,9,
16d4ed7f-9ee,SCH2,2011-Apr-30 00:00:00,SUR3879,FOR4477,MID9388,PSUR5279,FSUR9648,c35db2e9-518,41a26376-d57,e48a0842-3,F,2022-Jan-30 00:00:00,2024-Sep-11 00:00:00,1,526ef8ba,64bfa6bf,False,128.0,8.0,,cc0915ec,a2bf7f75,8.0,132.0,,765.0,785.0,133.0,760.0,131.0,129.0,3.0,,,,ENG,8,,1,,,,F,,
1731e571-660,SCH4,2015-Jan-06 00:00:00,SUR4178,FOR8939,MID9441,PSUR7293,FSUR7052,6002735a-224,a3059462-706,d2d4aea7-d,M,2019-Jul-31 00:00:00,2024-Nov-09 00:00:00,1,ebc58fd7,d6e281f7,False,127.0,8.0,3.0,940dbc1b,05263510,8.0,127.0,,837.0,765.0,134.0,755.0,130.0,133.0,2.0,,,,UKR,1,,,,,U,,,
1893358a-01a,SCH5,2016-Nov-06 00:00:00,SUR7805,FOR7541,MID1560,PSUR3130,FSUR8076,27702f73-1ee,3d7a6b39-370,14a5a216-1,F,2018-Sep-27 00:00:00,2024-Nov-13 00:00:00,1,bb24b936,a871238d,False,132.0,8.0,,32fab9d0,282182a2,8.0,129.0,,804.0,797.0,136.0,759.0,128.0,136.0,3.0,,,,ENG,10,,,,,,L,,
18c2cbf3-3cf,SCH8,2020-Aug-31 00:00:00,SUR7087,FOR9093,MID7493,PSUR6957,FSUR5685,c6c8e5a9-588,e895e9bf-d9d,76038040-b,M,2022-Sep-04 00:00:00,2024-Oct-13 00:00:00,1,3b7c002b,8053ee98,False,124.0,7.0,,2072b361,485a556d,7.0,136.0,2.0,721.0,721.0,131.0,739.0,131.0,125.0,,,,,ENG,E2,,,,,,,7,
1954a7ee-06b,SCH7,2018-Feb-04 00:00:00,SUR2369,FOR4410,MID1299,PSUR9425,FSUR8204,bb1dd23d-1a5,a30c4f6a-642,b78b54a5-6,F,2024-May-20 00:00:00,2024-Nov-21 00:00:00,1,f6eeebea,ba14b993,False,134.0,8.0,,bd37b6a5,999cbfce,7.0,138.0,3.0,786.0,793.0,129.0,726.0,128.0,130.0,,,4.0,,ENG,11,,,,,,,,3
1a3e9dee-5ba,SCH8,2015-Apr-28 00:00:00,SUR9644,FOR6374,MID3662,PSUR8032,FSUR2549,19c3c466-524,e923bad8-5da,763c2588-5,M,2023-Nov-22 00:00:00,2024-Sep-07 00:00:00,1,ca1f5927,72be4330,False,139.0,8.0,,bad65001,e350c59c,9.0,138.0,,782.0,767.0,133.0,713.0,129.0,126.0,,4.0,,6,UKR,4,,,,,N,,,
1b79dc2b-dd0,SCH2,2015-Dec-13 00:00:00,SUR1248,FOR2339,MID8603,PSUR6218,FSUR9038,2dd0c5b5-b80,eed5cc65-713,ed37aecd-3,F,2024-Nov-13 00:00:00,2024-Dec-01 00:00:00,1,f4d7984e,85d8ee75,False,123.0,8.0,3.0,29569a9a,360238f5,8.0,136.0,,752.0,742.0,134.0,756.0,133.0,134.0,,,,,ENG,E2,,2,6,1,,,,
1d4d45cb-6e1,SCH6,2011-Oct-05 00:00:00,SUR4172,FOR3761,MID5303,PSUR9686,FSUR7572,e4429a36-679,9a7f75b8-d5d,71f44636-f,M,2022-Oct-22 00:00:00,2024-Dec-01 00:00:00,1,c9df28cf,543b5f53,False,131.0,7.0,,d3041a34,4f27c5e6,8.0,137.0,,774.0,813.0,128.0,784.0,130.0,126.0,,,3.0,,,10,,,7,,,,B,E
1d7b2d8f-5f0,SCH1,2016-Sep-22 00:00:00,SUR7715,FOR8071,MID7422,PSUR4754,FSUR2726,ba02f0c4-46c,cf1f87eb-6c5,87cd7411-7,F,2022-Nov-15 00:00:00,2024-Oct-27 00:00:00,1,9d67c204,908f29f7,False,129.0,8.0,3.0,95ef0ee6,540620d0,9.0,133.0,,793.0,803.0,126.0,751.0,115.0,132.0,3.0,,,,PNJA,10,,,,,,N,,B
1d7cbbae-4fd,SCH5,2013-Apr-01 00:00:00,SUR9914,FOR4530,MID5336,PSUR7333,FSUR9816,a39ae020-5b5,db83774f-b5f,0d424bec-b,F,2023-Apr-05 00:00:00,2024-Oct-16 00:00:00,1,48166086,b600a3e6,False,124.0,8.0,,29af8a35,270f95ed,7.0,132.0,,792.0,770.0,131.0,764.0,135.0,119.0,4.0,,3.0,,ENG,7,,,,,,,,
1e9de64f-25b,SCH6,2012-Sep-04 00:00:00,SUR2552,FOR2133,MID5955,PSUR5951,FSUR8701,eee6ac70-7e2,4200f36d-522,1da8e174-2,F,2024-Oct-02 00:00:00,2024-Dec-15 00:00:00,1,19a3cf00,5a970b54,True,139.0,8.0,3.0,31ce1294,122002a6,8.0,127.0,,784.0,788.0,131.0,,135.0,129.0,,,,7,,N1,,,,,O,,,
1ebec59e-da5,SCH5,2014-Aug-17 00:00:00,SUR2480,FOR1263,MID4818,PSUR8953,FSUR5986,73e66cd6-18e,37516286-743,1109de16-6,M,2023-May-13 00:00:00,2024-Sep-08 00:00:00,1,2175af90,e14b0af2,False,127.0,8.0,,d491b1f6,201f946d,8.0,135.0,3.0,789.0,749.0,138.0,768.0,133.0,138.0,,4.0,3.0,,ENG,9,,1,,,,,,
1f828f95-542,SCH3,2018-Aug-02 00:00:00,SUR4760,FOR6212,MID6152,PSUR5627,FSUR6613,0f0bcc56-c91,fb58a9a9-665,a2d8f404-5,F,2024-Aug-07 00:00:00,2024-Nov-02 00:00:00,1,c258ed2b,8bc7c7ee,False,131.0,,4.0,d496dac6,35131c41,7.0,124.0,,779.0,804.0,128.0,780.0,122.0,130.0,,,,,ENG,N2,,,,,O,,,
20d86a54-a15,SCH8,2009-Nov-22 00:00:00,SUR4943,FOR3122,MID4269,PSUR6788,FSUR5633,3cbbf953-a6a,2213fc67-eeb,50c67a68-0,M,2023-Mar-17 00:00:00,2024-Dec-20 00:00:00,1,dce0fe00,a5a8837c,False,129.0,,,273cfc54,bc01a0ec,8.0,123.0,,776.0,781.0,134.0,846.0,121.0,125.0,,,,,ENG,5,,,6,,O,,,
22116cd2-249,SCH2,2012-Mar-07 00:00:00,SUR4436,FOR2420,MID4433,PSUR3848,FSUR7100,ff9292c8-1c4,c3ae10de-c47,c6da6783-9,M,2024-Feb-20 00:00:00,2024-Dec-20 00:00:00,1,ca155ee8,39a68b63,False,138.0,7.0,,496e7e00,c58b3345,7.0,133.0,,840.0,728.0,127.0,794.0,122.0,126.0,3.0,,,,ENG,N1,,,,,,,,8
2275ad2c-647,SCH2,2014-Oct-17 00:00:00,SUR7188,FOR7951,MID5703,PSUR3803,FSUR6966,4a12607e-4a3,40a56b25-ae5,a211f000-2,F,2019-Jul-28 00:00:00,2024-Dec-17 00:00:00,1,ad66eb70,19272294,False,127.0,7.0,3.0,c9660cd5,0c06ad03,,129.0,,821.0,781.0,131.0,774.0,125.0,128.0,,,3.0,N,ENG,1,,,A*,,,,,
24086543-42d,SCH5,2010-Nov-10 00:00:00,SUR6351,FOR5059,MID5917,PSUR7786,FSUR7517,2d436ead-94e,849ce972-4d4,33ea879d-1,M,2024-Apr-01 00:00:00,2024-Sep-24 00:00:00,1,546a7019,ffccdc71,True,130.0,9.0,,5401f4d2,c55c02b5,8.0,127.0,,758.0,792.0,129.0,760.0,132.0,129.0,,,,,,5,,,,2,,F,,
247075c4-446,SCH5,2014-Jun-05 00:00:00,SUR9208,FOR5673,MID5436,PSUR3263,FSUR8448,6873e687-f8b,a03d247b-574,f649fcc2-3,F,2024-Jul-22 00:00:00,2024-Sep-21 00:00:00,1,7ddd441c,f11a0bf3,False,130.0,8.0,3.0,5f5917bd,d27689a5,7.0,128.0,,781.0,741.0,133.0,827.0,129.0,134.0,,,,,PNJA,5,,,,,,,,
26670992-04f,SCH4,2014-Aug-16 00:00:00,SUR5442,FOR2157,MID5036,PSUR2078,FSUR2736,72df0d57-ff7,31e16a82-705,21b50070-4,F,2024-May-01 00:00:00,2024-Sep-23 00:00:00,1,5162b970,9e5df7d0,False,130.0,9.0,,00a61c5f,001c02e7,8.0,139.0,,718.0,801.0,125.0,729.0,128.0,,3.0,,2.0,,ENG,9,,,,,,,,
26c5dfea-fc4,SCH7,2010-Jul-13 00:00:00,SUR2749,FOR1808,MID3847,PSUR4274,FSUR1448,74a56715-fe3,7169966e-f15,9d5d79f3-e,F,2024-Aug-03 00:00:00,2024-Oct-27 00:00:00,1,2a2dffd8,9389dcec,False,140.0,7.0,,8cb50fc4,772539c4,9.0,135.0,,769.0,761.0,131.0,827.0,142.0,124.0,,,4.0,,PNJA,R,,,6,,,,,8
276b1e45-2cd,SCH5,2018-May-13 00:00:00,SUR2922,FOR8586,MID9672,PSUR4699,FSUR7919,d3f4ceb8-2ca,70c1cc12-ff3,8be57170-3,F,2024-Sep-30 00:00:00,2024-Oct-11 00:00:00,1,657ca26d,56e5986f,False,131.0,8.0,3.0,19ca9557,82b1df75,8.0,138.0,,755.0,748.0,134.0,826.0,137.0,126.0,,,,,ENG,11,,,9,,,,5,
276b1e45-2cd,SCH1,2018-May-13 00:00:00,SUR2922,FOR8586,MID9672,PSUR4699,FSUR7919,d3f4ceb8-2ca,70c1cc12-ff3,8be57170-3,F,2024-Oct-12 00:00:00,2024-Dec-13 00:00:00,2,471b13c3,e863e174,False,132.0,8.0,3.0,d429444e,a4c38e8d,9.0,125.0,3.0,808.0,777.0,,780.0,137.0,124.0,,,3.0,,ENG,10,,,,,,,,
27746f0c-2a4,SCH5,2012-Mar-31 00:00:00,SUR4560,FOR5193,MID7853,PSUR3507,FSUR7695,110c7616-899,d7c99c2f-e19,86d0bc74-7,F,2024-Feb-08 00:00:00,2024-Sep-08 00:00:00,1,2569ce7c,27ab340c,False,127.0,8.0,3.0,0d2a1a45,bbf2c2fd,,140.0,,785.0,804.0,128.0,735.0,130.0,124.0,3.0,,,,ENG,11,,1,,,,,8,
283fb12f-a07,SCH7,2018-May-27 00:00:00,SUR7927,FOR1808,MID3498,PSUR6513,FSUR6937,e4fc08ed-763,0a6171d2-cdd,da4e2a66-9,F,2024-Apr-17 00:00:00,2024-Dec-18 00:00:00,1,f6d433e5,50413f3a,,130.0,,,427c9b3d,d5224d1c,8.0,120.0,,784.0,806.0,129.0,761.0,131.0,125.0,,,,,CYM,9,,,,,,,6,
28bd0049-3b0,SCH6,2013-Jun-28 00:00:00,SUR5762,FOR3692,MID7893,PSUR3414,FSUR3990,fe88c6c3-744,36d0f9cb-ebd,e6a914aa-6,F,2024-Jun-30 00:00:00,2024-Oct-02 00:00:00,1,1318c755,dff2ceeb,False,120.0,8.0,3.0,3af65d93,17d579f5,8.0,127.0,,801.0,834.0,124.0,749.0,136.0,128.0,,3.0,,,CYM,4,,,,,F,,,
28f9c03e-592,SCH1,2016-Jul-12 00:00:00,SUR9190,FOR5801,MID7292,PSUR4536,FSUR4405,b34097cb-f08,141f82ff-743,d3d93e01-d,F,2024-Sep-29 00:00:00,2024-Oct-02 00:00:00,1,029622f3,31f6c2ff,False,128.0,7.0,,1fd2f1c7,77c21fa8,8.0,134.0,,762.0,790.0,126.0,817.0,133.0,123.0,,3.0,,,ENG,1,A,,9,2,,,,
299dc74b-cf5,SCH4,2009-Jul-14 00:00:00,SUR1274,FOR1522,MID5885,PSUR1124,FSUR9376,e3067f1f-33d,c194860d-528,4020e567-0,F,2022-Jan-15 00:00:00,2024-Nov-10 00:00:00,1,1ba6d919,242a6732,False,135.0,,,c5450a5b,00d39446,8.0,127.0,,739.0,736.0,127.0,759.0,125.0,130.0,3.0,,,,PNJA,2,,1,,,,,,
2b7b8941-9c4,SCH7,2009-Feb-17 00:00:00,SUR2360,FOR9723,MID6154,PSUR4661,FSUR6297,e3833cf1-6ca,a7c9fca2-3e0,fc9b25b0-9,M,2023-Sep-06 00:00:00,2024-Sep-24 00:00:00,1,60e5c24e,d22d6fd7,False,120.0,8.0,,fb8b201e,da6169e9,8.0,132.0,3.0,804.0,807.0,133.0,794.0,136.0,134.0,4.0,,,,ENG,9,,3,,,L,,,
2cbd0b69-214,SCH7,2014-Mar-17 00:00:00,SUR3121,FOR2311,MID7111,PSUR4004,FSUR3019,ad234b9e-3d9,a3cad5fd-1c3,73abbcdc-4,F,2023-Apr-16 00:00:00,2024-Sep-18 00:00:00,1,da4161c4,8a595e50,False,117.0,8.0,,5344253e,c95aee9b,,133.0,,778.0,787.0,129.0,758.0,131.0,125.0,,3.0,,,ENG,7,,,7,1,,,,
2d725523-695,SCH5,2013-Apr-07 00:00:00,SUR8420,FOR3753,MID1829,PSUR7520,FSUR2962,73ad8cfd-1ad,365f2296-cdb,e3ade57e-0,F,2024-May-17 00:00:00,2024-Oct-09 00:00:00,1,226e49f5,22152265,False,129.0,8.0,3.0,a7eebe12,152ac6d4,8.0,139.0,,807.0,756.0,129.0,813.0,121.0,142.0,,,3.0,,ENG,3,,2,,,,,,
2e9061d6-bd2,SCH2,2018-Mar-18 00:00:00,SUR4432,FOR5937,MID1537,PSUR4192,FSUR2305,2b2e5009-11e,694d5486-2c1,5fbb5e9e-2,M,2020-Dec-26 00:00:00,2024-Oct-12 00:00:00,1,340c9478,82dc475b,,136.0,8.0,,3b6d96f0,4718fea2,8.0,128.0,,747.0,778.0,127.0,689.0,125.0,122.0,,,,,ENG,14,,2,5,,,,,
2e9061d6-bd2,SCH7,2018-Mar-18 00:00:00,SUR4432,FOR5937,MID1537,PSUR4192,FSUR2305,2b2e5009-11e,694d5486-2c1,5fbb5e9e-2,M,2024-Oct-13 00:00:00,2024-Dec-06 00:00:00,2,63aa5055,474c1ee2,True,133.0,,,0531b6ed,848ce9cd,8.0,127.0,3.0,779.0,801.0,127.0,796.0,138.0,130.0,,,,7,ENG,3,,,2,,,,,
2fe6779e-38f,SCH3,2012-Dec-07 00:00:00,SUR9503,FOR9933,MID2476,PSUR6010,FSUR9160,c86e705d-277,5e73f3d2-6b3,7677b676-5,F,2024-Aug-17 00:00:00,2024-Sep-01 00:00:00,1,4c3ee410,7eb7bd54,False,132.0,9.0,,e493a4ba,e153376a,,133.0,2.0,702.0,787.0,128.0,783.0,133.0,136.0,,,,,ENG,9,,,,1,,,9,
30685158-c9d,SCH7,2014-Aug-29 00:00:00,SUR9305,FOR3098,MID9847,PSUR5492,FSUR5783,d14cd294-b72,5b661eb9-144,8266b96d-a,M,2021-Jun-20 00:00:00,2024-Sep-17 00:00:00,1,5e9fdd6c,ddc8b917,False,124.0,8.0,,0ec03016,3b0dbc38,8.0,126.0,,765.0,778.0,122.0,777.0,135.0,126.0,,,3.0,,ENG,9,8,,,,O,,,
306997fd-d42,SCH1,2014-Jul-27 00:00:00,SUR4869,FOR7202,MID9116,PSUR1522,FSUR2728,a779237d-533,eb3c1716-0a0,6cc7b365-3,F,2024-Jun-26 00:00:00,2024-Sep-17 00:00:00,1,ab87885d,06254a67,False,121.0,8.0,,a3a73415,68d31d29,8.0,133.0,4.0,721.0,763.0,127.0,779.0,136.0,131.0,,,,,ENG,M,,,,,,,,
30919da5-13d,SCH2,2016-Aug-20 00:00:00,SUR4560,FOR7133,MID9403,PSUR8900,FSUR7548,1f4b189d-ac7,1cec906b-ea0,5bf51714-3,M,2023-Jan-15 00:00:00,2024-Nov-08 00:00:00,1,82b5fbd4,ff965a91,False,137.0,8.0,,0ec57084,6af9423e,8.0,120.0,,777.0,838.0,127.0,805.0,129.0,127.0,3.0,,2.0,,CYM,14,NR,2,B,,F,,,
30c7e295-8fe,SCH7,2018-Jul-31 00:00:00,SUR8841,FOR7972,MID9021,PSUR1008,FSUR2091,1535286c-c59,73022815-3f3,f982bea2-0,M,2022-Aug-16 00:00:00,2024-Nov-06 00:00:00,1,3ee78e9e,def7070d,False,129.0,9.0,,007ff081,9dcac50b,9.0,139.0,,765.0,817.0,131.0,785.0,136.0,128.0,,,,,UKR,1,,,,,,,,
3168e844-e66,SCH2,2013-May-10 00:00:00,SUR5090,FOR3745,MID3825,PSUR8884,FSUR8847,d97097df-eec,88a17687-4c9,29e06255-8,F,2023-Jan-15 00:00:00,2024-Nov-15 00:00:00,1,076c534d,f03813db,False,123.0,,,9d4347be,52763348,8.0,133.0,,799.0,776.0,119.0,758.0,134.0,136.0,,,,,ENG,E1,,3,,,,,C,
321a806e-1cb,SCH8,2016-Jan-06 00:00:00,SUR9162,FOR5333,MID3748,PSUR1784,FSUR6098,4396b85d-0dc,4eb83a28-a45,db5d904b-4,M,2019-Sep-29 00:00:00,2024-Oct-25 00:00:00,1,28280caf,32c4a8d0,False,129.0,,2.0,f4b49293,eaca5e23,9.0,129.0,,745.0,794.0,119.0,791.0,127.0,134.0,3.0,,,,CYM,3,,,8,,O,,,
32fc6627-1b1,SCH6,2015-Sep-17 00:00:00,SUR7648,FOR8711,MID5698,PSUR8972,FSUR1965,6931899d-096,a6f14232-7d1,aceaecda-8,M,2023-Sep-18 00:00:00,2024-Sep-16 00:00:00,1,d0e97d84,a874474d,False,130.0,8.0,3.0,c23e817c,28a25925,8.0,131.0,,801.0,733.0,134.0,780.0,128.0,128.0,,,,,CYM,12,,,,1,,,3,
35ece27f-2f8,SCH6,2007-Nov-08 00:00:00,SUR2425,FOR7274,MID5317,PSUR6836,FSUR8759,50e690a4-c3e,430eee7a-075,84e7ae0e-f,F,2023-Nov-23 00:00:00,2024-Dec-05 00:00:00,1,9c3c9b05,f7d22dfc,True,126.0,8.0,,9677e372,8698d16a,8.0,140.0,3.0,751.0,799.0,125.0,800.0,124.0,127.0,,,,,ENG,R,,,8,,,U,,
36bff8b2-d86,SCH1,2013-Oct-14 00:00:00,SUR1210,FOR2003,MID1037,PSUR3292,FSUR3578,5836bccd-eb6,4cdd82f4-900,5024b0bd-8,M,2024-Sep-29 00:00:00,2024-Oct-28 00:00:00,1,5239eb3a,20b3fe74,False,127.0,7.0,,46746842,c3c014e3,8.0,135.0,,743.0,728.0,127.0,783.0,127.0,139.0,,,,,ENG,10,,3,5,,,,,
37699aaf-cdc,SCH8,2020-Jul-17 00:00:00,SUR7730,FOR5695,MID1622,PSUR9844,FSUR9966,1d2e4c64-20e,be2a6fc5-c2c,d7cbd05e-8,M,2023-Mar-01 00:00:00,2024-Sep-16 00:00:00,1,bef96e2c,18566270,False,124.0,8.0,,2bbf577b,32801530,,133.0,,823.0,771.0,126.0,780.0,124.0,126.0,,,,,ENG,11,,,,,,,,
37a7936b-27f,SCH6,2016-May-19 00:00:00,SUR9098,FOR5337,MID9372,PSUR9756,FSUR9572,5cb7fca3-3b6,f4ab7495-dff,323fbbac-d,F,2022-Mar-10 00:00:00,2024-Sep-10 00:00:00,1,5fee063c,10102fa5,,128.0,7.0,,53964716,5a783dd3,8.0,132.0,,794.0,811.0,132.0,769.0,134.0,128.0,,,,,CYM,1,A*,,8,,,,,
37ec12e3-407,SCH6,2011-Sep-15 00:00:00,SUR2522,FOR5272,MID9087,PSUR3160,FSUR1976,f9408232-959,54ec04cf-198,6da06582-7,M,2021-Dec-25 00:00:00,2024-Oct-12 00:00:00,1,f20b65e3,7fdf3d20,True,133.0,9.0,,123046df,01c3e9c8,,120.0,3.0,820.0,801.0,126.0,721.0,133.0,126.0,,,,,,9,,,D,,,,,
382bdc5f-f19,SCH2,2009-Apr-17 00:00:00,SUR5881,FOR2744,MID6030,PSUR1177,FSUR7162,400298c2-9fb,21385588-616,774ecd4f-6,M,2019-Jun-01 00:00:00,2024-Oct-28 00:00:00,1,93168587,db071a95,True,134.0,7.0,,3d40d5b4,242d87b2,9.0,127.0,,776.0,825.0,129.0,759.0,130.0,134.0,,,3.0,,RUS,11,,1,,1,L,,,
3983cb6d-635,SCH7,2018-Sep-25 00:00:00,SUR2206,FOR3530,MID5260,PSUR6028,FSUR1900,142d4630-17c,0e3ff637-5e5,37905fbb-4,F,2024-Mar-10 00:00:00,2024-Dec-17 00:00:00,1,edee4ed5,539df186,False,129.0,8.0,2.0,79d41e7b,4d727249,8.0,126.0,,806.0,828.0,133.0,788.0,128.0,131.0,,,,,TRI,7,,,,,,,B,E
39f6c3f6-043,SCH5,2011-Dec-06 00:00:00,SUR7398,FOR8849,MID5014,PSUR3623,FSUR4589,d549c40d-7a4,7eaeb308-f6c,dcc92ecb-2,F,2024-Jul-03 00:00:00,2024-Oct-11 00:00:00,1,0286e4af,471d4a73,,137.0,,4.0,0800fa2d,c93c98a1,,134.0,,766.0,789.0,124.0,771.0,129.0,136.0,,,,,ENG,3,,,,,,,,
3a2e596c-42c,SCH8,2016-Sep-27 00:00:00,SUR7374,FOR8992,MID8392,PSUR9098,FSUR1846,c31acbed-66f,ade6c6b8-6b1,3c2c94c8-7,M,2020-Jan-08 00:00:00,2024-Oct-27 00:00:00,1,1e784caa,888e3da4,False,129.0,8.0,3.0,d823b89e,27160932,8.0,130.0,,759.0,772.0,129.0,723.0,129.0,127.0,,2.0,,,GAL,X,,,,,,,,
3a4c7f7c-658,SCH2,2007-Nov-20 00:00:00,SUR4452,FOR1564,MID7037,PSUR9216,FSUR5104,c7024cba-f8a,3ddd8c17-85f,45540f5d-6,M,2023-Mar-23 00:00:00,2024-Oct-25 00:00:00,1,b385e86c,6d652e6c,False,130.0,,,0863e622,50d844dd,7.0,125.0,3.0,746.0,790.0,133.0,788.0,132.0,131.0,,3.0,,,GAL,2,,,,,,,,
3a804849-d12,SCH4,2015-Mar-20 00:00:00,SUR7110,FOR4561,MID4069,PSUR1966,FSUR3005,f3e643cf-a0f,56f87730-fc8,b3aa2896-6,F,2022-Jul-17 00:00:00,2024-Dec-01 00:00:00,1,756f50cf,fb546c9e,False,122.0,8.0,,9ae134b8,5e692e87,8.0,134.0,,773.0,800.0,136.0,772.0,128.0,137.0,,,,,PRST,R,,,7,,,,,
3b1f1d81-87e,SCH6,2019-Feb-13 00:00:00,SUR8071,FOR7947,MID2053,PSUR8153,FSUR8277,9789ba56-265,374ae78c-1e2,5f325869-2,M,2023-Apr-21 00:00:00,2024-Dec-01 00:00:00,1,01c7ba65,28ed0387,False,130.0,7.0,,061db6a2,09f91cd5,7.0,126.0,3.0,754.0,791.0,131.0,805.0,131.0,128.0,3.0,,4.0,,ENG,4,,,5,,,,A,
3bad4efe-d6f,SCH5,2010-Mar-12 00:00:00,SUR1106,FOR6930,MID9657,PSUR4716,FSUR4680,48e40629-ac4,b59c13f4-647,dd4f482e-a,F,2023-Nov-09 00:00:00,2024-Oct-05 00:00:00,1,e4165bed,5fa86de2,False,127.0,8.0,,c305dd55,d299b17d,,124.0,3.0,718.0,806.0,132.0,729.0,138.0,125.0,,3.0,,,TRI,12,7,2,,,,,,
3dfe61ff-aa3,SCH8,2015-Jan-26 00:00:00,SUR3690,FOR5926,MID6462,PSUR7865,FSUR8859,307bf82d-c57,ebf950e4-2a7,414e813e-e,F,2024-Aug-14 00:00:00,2024-Nov-23 00:00:00,1,a58f07f3,6fe263e9,False,118.0,,,c0953ff4,a98196ee,,130.0,3.0,839.0,811.0,140.0,765.0,130.0,131.0,,,3.0,,ENG,,,1,,,L,,,
3e8ec835-807,SCH2,2012-Feb-20 00:00:00,SUR6803,FOR8451,MID2585,PSUR6682,FSUR3104,3ed86293-e4e,66c68005-0f7,9f1dd0e1-b,F,2023-Nov-05 00:00:00,2024-Dec-08 00:00:00,1,8f1d0334,3f1fcd01,True,126.0,9.0,,f922c483,9bb6a193,8.0,134.0,,729.0,780.0,129.0,786.0,124.0,132.0,,3.0,,,ENG,14,B,,,,,,,
3f16848e-29e,SCH5,2012-Mar-15 00:00:00,SUR7150,FOR7221,MID3507,PSUR9236,FSUR4070,76c6ae63-430,9d9bd581-68d,bf57a772-f,M,2024-Aug-17 00:00:00,2024-Nov-06 00:00:00,1,d1b2caaa,d61da519,False,135.0,8.0,3.0,0c179d53,a17befbc,8.0,123.0,,754.0,777.0,134.0,776.0,132.0,133.0,,,,,ENG,13,,,,2,,,,
41be4345-c0e,SCH3,2018-Nov-06 00:00:00,SUR2635,FOR8334,MID8735,PSUR4392,FSUR8292,419d08ce-8cb,2cd75ed0-2be,80894f40-2,F,2024-Sep-13 00:00:00,2024-Nov-10 00:00:00,1,3b52fe28,ceb0a178,False,127.0,8.0,,d91d9bff,54433b83,8.0,130.0,,755.0,733.0,137.0,729.0,127.0,129.0,,,,,ENG,4,9,,,,,,C,
41d37c9d-866,SCH6,2017-Oct-05 00:00:00,SUR4087,FOR1062,MID3070,PSUR3363,FSUR3986,168cf1c4-2a2,27598591-1de,417c1551-9,F,2022-Jun-24 00:00:00,2024-Oct-21 00:00:00,1,c612d990,4f9274ef,False,136.0,7.0,,9e0300a0,c3723b9b,8.0,128.0,,814.0,760.0,134.0,836.0,124.0,128.0,,3.0,,,ENG,R,,,,,F,L,,
4263c1aa-20f,SCH6,2016-Mar-17 00:00:00,SUR2896,FOR7631,MID5240,PSUR8057,FSUR5007,c16dc5c9-df1,68250627-9b1,e9fef954-e,F,2024-Mar-26 00:00:00,2024-Oct-09 00:00:00,1,40c25f3b,191fc1f9,False,142.0,8.0,,0096c078,20cb1992,,128.0,,775.0,,125.0,780.0,127.0,132.0,3.0,2.0,2.0,,ENG,M,7,,A,,F,,,
42e1c81b-046,SCH4,2011-Jul-01 00:00:00,SUR9122,FOR9616,MID8855,PSUR1395,FSUR4682,0fde8e28-133,f81bfc7f-eef,99682be9-e,F,2024-Aug-19 00:00:00,2024-Dec-12 00:00:00,1,ea8d7f8b,4603a5da,False,129.0,8.0,,93269487,11ed4235,7.0,134.0,,779.0,772.0,128.0,768.0,129.0,,,,,,,13,,,9,,,,,
46a5f26c-5f9,SCH3,2016-Sep-06 00:00:00,SUR6867,FOR9252,MID9923,PSUR3261,FSUR5573,9c13ccbc-09c,aef11483-3f3,3ef9cc5e-2,F,2024-May-26 00:00:00,2024-Nov-09 00:00:00,1,42dbefea,2e814033,False,130.0,,3.0,44bb5a1f,cd79b039,8.0,120.0,,789.0,816.0,124.0,801.0,131.0,136.0,,,,,ENG,3,,,A,,,O,,
476fb5bd-08b,SCH8,2015-Mar-18 00:00:00,SUR9678,FOR2449,MID4668,PSUR7623,FSUR4172,2160e3bd-a3e,1cca1ae3-305,de1f6a2c-f,M,2024-Feb-12 00:00:00,2024-Sep-22 00:00:00,1,eb2f9b4d,21efdb01,False,130.0,8.0,3.0,0718de0d,11a9d6b5,9.0,124.0,4.0,816.0,742.0,129.0,753.0,128.0,128.0,,,2.0,,ENG,E1,,,,,,,,
4994be27-d14,SCH1,2011-Mar-24 00:00:00,SUR6360,FOR2150,MID1320,PSUR3698,FSUR6357,9d0ecdcb-864,72d7791c-dd8,d92c4b82-0,M,2019-May-29 00:00:00,2024-Nov-18 00:00:00,1,1c5b75fa,395180b8,True,125.0,8.0,3.0,33557065,45b4092e,8.0,127.0,3.0,802.0,751.0,124.0,800.0,130.0,139.0,,,,,CYM,9,8,,,,,,A,
4b7f2450-a28,SCH1,2014-Mar-07 00:00:00,SUR2956,FOR2425,MID7676,PSUR2329,FSUR4295,017cedd2-b6c,49a20d02-25c,3a3ff834-d,M,2019-Jul-20 00:00:00,2024-Dec-02 00:00:00,1,2ba4cd82,78b03cce,False,132.0,8.0,,ed70e39c,663372c2,,135.0,,789.0,814.0,121.0,771.0,129.0,130.0,3.0,,,,CYM,14,C,,,,,O,,
4b8d6c3e-e4e,SCH5,2018-Nov-02 00:00:00,SUR3242,FOR4555,MID3941,PSUR7518,FSUR7874,30e778ef-a90,33fd6c61-091,6f9df32d-4,F,2022-May-04 00:00:00,2024-Nov-30 00:00:00,1,ae25c980,9a87d60f,False,131.0,,,5bf86de0,53da881a,8.0,131.0,,763.0,757.0,130.0,785.0,132.0,133.0,3.0,,,,ENG,1,,,A*,,,,,
4d275902-63d,SCH4,2014-Mar-15 00:00:00,SUR2916,FOR3175,MID9876,PSUR5752,FSUR5607,b9cbdfa1-224,d69414c7-bd3,701c3ade-f,M,2024-Mar-06 00:00:00,2024-Nov-01 00:00:00,1,c26c7502,0c5c2568,False,125.0,9.0,,a3018c79,88c07c6e,,126.0,3.0,797.0,815.0,126.0,780.0,132.0,129.0,,,,,ENG,2,7,,,,L,,,
4dbc8a62-839,SCH7,2018-Jun-12 00:00:00,SUR5432,FOR8671,MID9190,PSUR1139,FSUR6760,db6d322e-56c,631a2400-733,517bef93-3,M,2019-Apr-05 00:00:00,2024-Sep-21 00:00:00,1,75cd9d52,49adbc64,False,135.0,8.0,3.0,dafc84a8,224dacdb,9.0,136.0,,739.0,763.0,124.0,787.0,132.0,136.0,,2.0,,,,M,,,,,,,,6
4dbc8a62-839,SCH5,2018-Jun-12 00:00:00,SUR5432,FOR8671,MID9190,PSUR1139,FSUR6760,db6d322e-56c,631a2400-733,517bef93-3,M,2024-Sep-22 00:00:00,2024-Sep-29 00:00:00,2,1dfa3aca,e8fe8d99,,138.0,8.0,,98fc8cb7,78e771bd,8.0,135.0,,790.0,757.0,129.0,773.0,137.0,127.0,,,3.0,,,4,A*,,8,,,,,
4dfb4338-908,SCH8,2012-Oct-04 00:00:00,SUR6456,FOR6459,MID2847,PSUR4861,FSUR5468,f2d73b9e-fe4,5de3baae-96a,26a5f4e2-2,M,2024-Mar-30 00:00:00,2024-Sep-30 00:00:00,1,fa303a83,65e253c6,False,130.0,8.0,,41002936,8a56d10e,8.0,140.0,3.0,796.0,809.0,130.0,750.0,122.0,133.0,,,,,ENG,N1,3,,,,,,,
4e234b4d-bd5,SCH7,2020-Mar-25 00:00:00,SUR1184,FOR8722,MID7133,PSUR9019,FSUR9112,3110881c-cf6,188d26ed-2bc,93c175e8-e,M,2024-Oct-19 00:00:00,2024-Nov-23 00:00:00,1,44295c4f,71425d96,True,133.0,9.0,2.0,5fb65761,28778b77,8.0,127.0,3.0,762.0,825.0,129.0,794.0,129.0,134.0,,,,N,ENG,E1,,,,,,,,NR
4f2de2c1-cd6,SCH6,2010-May-21 00:00:00,SUR1188,FOR8467,MID5137,PSUR9945,FSUR3203,990da3ab-264,0f0df4ee-a50,e72e88e7-9,F,2024-Apr-07 00:00:00,2024-Dec-17 00:00:00,1,bb3d3a6f,e27079ec,False,124.0,8.0,,1510632b,be3328f0,8.0,127.0,,793.0,782.0,124.0,787.0,129.0,128.0,,,,,ENG,11,,,,,O,,B,C
4f4dbc1f-b05,SCH4,2017-Feb-12 00:00:00,SUR7635,FOR9780,MID7132,PSUR1583,FSUR2420,557b49a1-a6d,6f8cdf4d-529,5f94eccb-9,F,2022-Nov-20 00:00:00,2024-Nov-14 00:00:00,1,d4bf372b,bd8d3015,False,126.0,8.0,3.0,9ce999e7,52bfdd87,7.0,125.0,3.0,762.0,787.0,128.0,737.0,127.0,129.0,,,,,PNJA,4,8,,,,,,,
504cefaa-4c2,SCH1,2016-Mar-30 00:00:00,SUR7810,FOR6895,MID2059,PSUR8071,FSUR1816,e0d2b783-a45,ae1631fa-838,dc7d7de9-e,F,2023-Nov-08 00:00:00,2024-Oct-15 00:00:00,1,de4e8130,2ae226c8,False,124.0,8.0,,bf082880,7105cecf,,135.0,,774.0,822.0,123.0,769.0,127.0,133.0,,3.0,,,ENG,10,,,5,,,,,
51611823-18e,SCH1,2014-Apr-17 00:00:00,SUR5777,FOR1616,MID6660,PSUR7434,FSUR6910,7060e853-be8,e4483554-b90,358831e7-0,F,2024-Aug-18 00:00:00,2024-Sep-28 00:00:00,1,76efc407,91ce7c7d,True,133.0,9.0,,40f00730,57f3ecc4,7.0,132.0,3.0,819.0,783.0,138.0,725.0,121.0,139.0,,,2.0,,CYM,12,,,,,,L,,B
51a66a4a-dba,SCH1,2007-Sep-19 00:00:00,SUR8476,FOR6982,MID4778,PSUR2222,FSUR3203,7a899e8a-cf7,d7e5b1d4-c0a,fd76b3bf-b,F,2023-Mar-29 00:00:00,2024-Oct-15 00:00:00,1,7ac31bdd,485c3037,False,133.0,,,e2ddf054,d7cd4eb3,9.0,129.0,,807.0,796.0,134.0,803.0,128.0,126.0,3.0,,,,ENG,7,,,,,,,,
5216b3df-9b9,SCH2,2012-Jul-04 00:00:00,SUR4092,FOR1955,MID6592,PSUR6071,FSUR2040,0d83593c-b95,eabbe98e-0cc,35e5452f-f,F,2023-May-04 00:00:00,2024-Nov-13 00:00:00,1,31a6d22b,e4c19b0c,False,119.0,8.0,,bdbad853,884f440d,8.0,128.0,,791.0,803.0,122.0,719.0,130.0,139.0,3.0,,,,ENG,R,,,,1,,,,
5230c3d6-80b,SCH1,2013-Oct-26 00:00:00,SUR5158,FOR8671,MID4752,PSUR4235,FSUR7414,110ab0a2-980,4fe4c74f-aa5,43e8ee4f-e,F,2024-Apr-14 00:00:00,2024-Dec-15 00:00:00,1,137d7571,fd02dce3,False,125.0,8.0,3.0,a82329c9,0eb03b95,8.0,140.0,2.0,787.0,786.0,125.0,783.0,134.0,134.0,3.0,,,,,2,,,,1,,,9,
525883e7-573,SCH2,2009-Nov-22 00:00:00,SUR7612,FOR9795,MID8583,PSUR1146,FSUR2652,607007d1-8fb,53e11e14-6a4,ef875ab4-4,F,2019-May-10 00:00:00,2024-Sep-16 00:00:00,1,5f600ecb,bb9512a8,True,126.0,8.0,,f7c53377,651c8b2e,8.0,126.0,,784.0,759.0,134.0,751.0,124.0,130.0,,,,N,ENG,2,,,,,,,,
52776bc2-0ae,SCH2,2016-May-10 00:00:00,SUR4684,FOR4628,MID8565,PSUR5675,FSUR9360,94a1fd41-ad7,c7c0f20f-580,2ccc9f84-6,M,2024-Aug-24 00:00:00,2024-Sep-11 00:00:00,1,68d8d09b,d2d8ddde,False,140.0,7.0,,b84a654a,0179e0c2,7.0,126.0,,766.0,697.0,119.0,780.0,134.0,127.0,,,,,ENG,8,,,,,,,,
55967b4a-db9,SCH1,2012-Feb-03 00:00:00,SUR4874,FOR7853,MID3822,PSUR5706,FSUR7225,6082f60c-973,157efd8a-ea4,6818c4db-6,M,2020-Nov-28 00:00:00,2024-Dec-01 00:00:00,1,8406b02c,79d328ca,False,123.0,7.0,,1ecf80a8,351a398c,8.0,125.0,,773.0,806.0,135.0,758.0,137.0,139.0,,,,,,13,,,,,,,,
56e6f777-e9e,SCH2,2018-Oct-25 00:00:00,SUR2113,FOR9775,MID7802,PSUR3502,FSUR3381,fc792ee9-366,759e991f-3ca,8ed05b89-0,F,2024-May-31 00:00:00,2024-Oct-05 00:00:00,1,85e36d72,25c79383,False,127.0,8.0,,8c288eb9,3f98171d,8.0,134.0,,773.0,843.0,126.0,763.0,132.0,132.0,,3.0,,,ENG,M,,,7,1,,,,
577fa18b-a42,SCH6,2019-Jul-30 00:00:00,SUR1646,FOR1195,MID1070,PSUR5504,FSUR8794,2e48f1c0-1cb,1b7cc6ce-e4e,d18887ab-c,M,2024-Feb-28 00:00:00,2024-Sep-14 00:00:00,1,42f0b6f0,2fd28848,True,127.0,,,6a9536b8,aa083f66,,133.0,,783.0,735.0,128.0,791.0,139.0,122.0,,,3.0,,ENG,X,,,,,,,,
592c7b63-67a,SCH5,2009-Sep-11 00:00:00,SUR9295,FOR4624,MID3069,PSUR2087,FSUR9263,8a77c3d4-778,d548d95c-d44,fdc57ca8-6,M,2024-Apr-15 00:00:00,2024-Oct-11 00:00:00,1,551a02aa,2de7bd81,False,131.0,8.0,,861954ee,5753c541,8.0,135.0,,806.0,818.0,125.0,767.0,127.0,133.0,,,,,ENG,E2,,,,,,,9,
592c7b63-67a,SCH6,2009-Sep-11 00:00:00,SUR9295,FOR4624,MID3069,PSUR2087,FSUR9263,8a77c3d4-778,d548d95c-d44,fdc57ca8-6,M,2024-Oct-12 00:00:00,2024-Nov-02 00:00:00,2,5864d146,c97dd633,True,135.0,8.0,,5cec75b1,af0037bf,8.0,129.0,,755.0,784.0,126.0,760.0,133.0,133.0,3.0,2.0,,,GER,9,9,,,,,F,,
599b0699-6d2,SCH7,2009-Aug-05 00:00:00,SUR5287,FOR7700,MID7238,PSUR9697,FSUR7423,7cb32e8a-9a1,42442082-f73,3609d778-f,M,2024-Aug-15 00:00:00,2024-Nov-16 00:00:00,1,723b0f96,7560c2fd,False,127.0,8.0,3.0,093c0fac,5030da57,9.0,124.0,4.0,769.0,782.0,124.0,811.0,130.0,129.0,,,,,ENG,N2,,,,1,U,L,,9
5a69b6d3-776,SCH1,2012-Dec-25 00:00:00,SUR6309,FOR2323,MID6882,PSUR8528,FSUR6999,0c215631-2cf,328211a7-403,6953bf3a-7,M,2023-Dec-05 00:00:00,2024-Dec-19 00:00:00,1,5f435680,6bb50199,False,129.0,8.0,4.0,67c20268,c4fedd8c,8.0,139.0,,781.0,783.0,137.0,793.0,131.0,131.0,,,,,ENG,13,,,,,N,,9,
5a90b96e-dc0,SCH4,2019-Mar-07 00:00:00,SUR9003,FOR4934,MID2935,PSUR4501,FSUR8360,bb9b1046-c3a,56b15091-48f,38358356-4,M,2021-Sep-26 00:00:00,2024-Oct-04 00:00:00,1,68a62360,e66cbcea,True,126.0,8.0,,7763a638,80030bad,7.0,127.0,,775.0,791.0,131.0,818.0,130.0,134.0,,3.0,3.0,,ENG,N2,,,,2,,L,,
5ab99577-d4b,SCH4,2019-Mar-19 00:00:00,SUR5946,FOR6631,MID3024,PSUR7712,FSUR4051,a8260c7c-c25,fec6e378-09b,97c82760-c,M,2024-May-05 00:00:00,2024-Nov-10 00:00:00,1,efb05069,f138156f,False,130.0,8.0,,b39ec138,3767bf35,,136.0,,780.0,765.0,135.0,727.0,126.0,130.0,,3.0,,,PNJA,11,A*,2,,,,U,C,
5b9df564-b4b,SCH5,2014-Jun-18 00:00:00,SUR2548,FOR9289,MID8121,PSUR2189,FSUR8697,aff93e87-5e5,b50bfad4-de5,6d9effbc-2,F,2020-Jan-05 00:00:00,2024-Dec-08 00:00:00,1,050c0cf5,614c9b8f,False,131.0,8.0,,26e03589,ef2da5a2,8.0,132.0,,794.0,760.0,126.0,804.0,138.0,133.0,,3.0,2.0,,,R,,,,,,N,,
5dd4fb52-0fe,SCH1,2017-Dec-03 00:00:00,SUR3402,FOR5968,MID8543,PSUR6519,FSUR4679,ec2aa66b-2c1,79c8e430-972,d0408b8d-7,M,2024-Jan-24 00:00:00,2024-Sep-09 00:00:00,1,b7380476,5c138cc0,,124.0,9.0,,4fd4a5c1,4efb20f4,8.0,135.0,,815.0,758.0,124.0,758.0,129.0,127.0,,3.0,4.0,,ENG,6,,,,,F,,,
5e9b0399-7ad,SCH3,2017-Jul-05 00:00:00,SUR8966,FOR9249,MID1543,PSUR8682,FSUR7115,46c4fbc2-352,a08f77a1-441,21875d9e-9,F,2024-Sep-26 00:00:00,2024-Nov-12 00:00:00,1,9bda7ec5,111475bd,False,132.0,9.0,,2adf2be6,8263f1a0,8.0,131.0,,794.0,799.0,133.0,785.0,133.0,128.0,,,3.0,,ENG,9,,3,,1,O,,,
5ea80c75-03d,SCH8,2015-Jan-20 00:00:00,SUR1301,FOR5596,MID5710,PSUR2206,FSUR6362,d6b1b16f-de4,1d7e7cbb-030,d71c23c8-d,F,2024-May-20 00:00:00,2024-Nov-06 00:00:00,1,e5ffd105,22de7133,,132.0,8.0,,2d22437e,64907c71,7.0,129.0,,783.0,809.0,131.0,767.0,131.0,123.0,,3.0,,,GER,R,,,,,,F,,
62bf83d0-86e,SCH1,2016-Aug-29 00:00:00,SUR2573,FOR6377,MID6995,PSUR1879,FSUR2757,8db63808-174,4a432768-7e0,81429f53-2,M,2022-Sep-21 00:00:00,2024-Nov-13 00:00:00,1,d03d45bd,cfc35a77,False,143.0,9.0,,b9a10ec8,f5553643,8.0,127.0,,781.0,778.0,128.0,786.0,130.0,128.0,,,,,ENG,7,,,,,,,E,
62f155a1-fe0,SCH3,2008-Jun-29 00:00:00,SUR6354,FOR7727,MID9852,PSUR4136,FSUR4827,05f3585b-c31,79e32e11-561,d6200b0b-b,M,2024-Jul-12 00:00:00,2024-Sep-24 00:00:00,1,02f2b04c,cc4b14ed,False,124.0,8.0,,c1b833a6,52b3aa13,8.0,132.0,,816.0,816.0,131.0,755.0,133.0,133.0,,,,,ENG,N2,A,3,,1,F,,,
65727ad3-e8b,SCH1,2019-Apr-22 00:00:00,SUR5478,FOR1952,MID3758,PSUR6932,FSUR2896,9c6425b2-f7e,7948ba0f-48c,742d83de-9,M,2022-Oct-20 00:00:00,2024-Nov-13 00:00:00,1,8cace9b4,cf825ee7,False,132.0,8.0,,c6de09e5,0fa11d41,7.0,117.0,,783.0,724.0,125.0,738.0,123.0,127.0,,,4.0,,GER,11,,,,,,F,,D
66961134-186,SCH8,2013-Sep-26 00:00:00,SUR5509,FOR8619,MID7879,PSUR3973,FSUR6084,456d1364-2eb,35a31040-a4c,b5f19fa5-7,M,2020-Apr-05 00:00:00,2024-Dec-14 00:00:00,1,f935f8dc,815fd2cb,False,132.0,,,39ceaccb,9725deb5,8.0,129.0,3.0,805.0,772.0,132.0,800.0,135.0,132.0,3.0,,,,ENG,10,9,,A*,1,,N,,
67c15cfa-be3,SCH3,2010-Jun-07 00:00:00,SUR6095,FOR9279,MID8176,PSUR7559,FSUR8334,8c43faa9-991,3c8d32e1-d4a,18445e65-3,M,2020-Mar-17 00:00:00,2024-Oct-24 00:00:00,1,aa1c2626,43ca5162,True,127.0,8.0,,5928c54b,bf9ee085,,130.0,,760.0,759.0,131.0,810.0,136.0,136.0,,,3.0,,ENG,13,,,9,,F,,,7
685dfbbb-5da,SCH2,2016-May-04 00:00:00,SUR4497,FOR7554,MID7647,PSUR1295,FSUR2326,167876f9-69e,cb09c061-744,eb28bfa2-f,M,2023-Oct-02 00:00:00,2024-Nov-07 00:00:00,1,b6f9a300,1fbe3ee8,True,129.0,,3.0,56528591,47531463,8.0,126.0,,782.0,775.0,132.0,745.0,135.0,139.0,,,,N,,13,,,,,N,,,5
6a51eec8-517,SCH8,2017-Sep-25 00:00:00,SUR4872,FOR8268,MID7342,PSUR1109,FSUR9151,d0054cdc-e8e,b0a487fc-64f,0dbca70b-e,M,2022-Jun-19 00:00:00,2024-Sep-21 00:00:00,1,e9235d87,0b84bc16,False,131.0,8.0,,d24f8b67,e4a82172,9.0,138.0,,768.0,790.0,130.0,818.0,132.0,138.0,3.0,,,,BNG,13,,,,,,L,,
6b0c139a-300,SCH2,2015-Dec-28 00:00:00,SUR6934,FOR4808,MID3696,PSUR5248,FSUR9577,d8946393-391,adc7cdee-9b8,00a6f26c-3,F,2024-Mar-26 00:00:00,2024-Nov-16 00:00:00,1,92970826,f4a4d9a2,,131.0,8.0,3.0,19affcb8,a23f532c,8.0,127.0,,764.0,812.0,123.0,752.0,138.0,122.0,,,,,ENG,R,,,,,,,,
6b69d5d4-846,SCH1,2020-Jun-30 00:00:00,SUR6931,FOR6515,MID7170,PSUR5557,FSUR2733,a6ac222e-177,3125fa9d-eb4,a0c0a228-2,M,2019-Mar-03 00:00:00,2024-Sep-01 00:00:00,1,a2deced5,64a212a8,False,132.0,8.0,,9ba478bd,50f51cbb,8.0,139.0,,780.0,816.0,136.0,753.0,128.0,128.0,,,2.0,,,E2,,,,,U,F,,
6c5e58b1-353,SCH3,2019-Aug-15 00:00:00,SUR8497,FOR2824,MID8514,PSUR9068,FSUR1758,98ae324d-ee1,d646332c-4ff,5fb51d23-4,F,2024-Apr-29 00:00:00,2024-Sep-27 00:00:00,1,20d94c35,fde14037,False,129.0,9.0,,d7fee366,ea631f07,8.0,136.0,,765.0,791.0,131.0,798.0,128.0,134.0,,,,,ENG,6,,,,,,,,
6dcc09f7-26a,SCH2,2007-Oct-01 00:00:00,SUR6594,FOR7883,MID5547,PSUR6781,FSUR6659,2aecbefe-f8b,6f608354-777,64b071fe-9,M,2020-May-03 00:00:00,2024-Nov-23 00:00:00,1,6454ba85,73178543,False,135.0,7.0,2.0,37c9a160,233bd59f,8.0,136.0,3.0,787.0,848.0,135.0,727.0,129.0,128.0,3.0,,,,ENG,E1,D,,,,N,,,
6e4a4ea0-311,SCH3,2009-Apr-06 00:00:00,SUR5980,FOR3772,MID7366,PSUR6325,FSUR9020,a500fe6d-010,537510aa-2ab,93ccf6d4-b,M,2023-Feb-20 00:00:00,2024-Sep-09 00:00:00,1,243d3c82,58c4987d,True,128.0,,,7194e6da,40633770,8.0,128.0,3.0,720.0,832.0,123.0,815.0,131.0,131.0,,,,,ENG,4,,,,,N,,,
6e649435-8aa,SCH2,2014-Aug-03 00:00:00,SUR3353,FOR4231,MID5508,PSUR1571,FSUR8476,7a88e0a2-934,31f516eb-b4e,bef3ff10-a,F,2023-Mar-25 00:00:00,2024-Nov-29 00:00:00,1,2ed472d8,4087699a,False,132.0,,,3ee553d1,12b0cb45,,127.0,,773.0,,133.0,774.0,132.0,133.0,,,,,CYM,E1,,,,,,,,
6ef97b15-aa5,SCH1,2009-Nov-26 00:00:00,SUR4657,FOR6120,MID6104,PSUR2149,FSUR2155,f0651e56-efa,5c8be7b4-931,360aa2f9-8,F,2024-Mar-14 00:00:00,2024-Sep-12 00:00:00,1,417973d8,6897b48b,False,126.0,,,1d124bb9,63392d21,8.0,136.0,,789.0,730.0,138.0,867.0,121.0,130.0,,3.0,,,ENG,14,,,,1,,,U,
6f7c1e27-b85,SCH3,2010-Aug-12 00:00:00,SUR5049,FOR2839,MID6364,PSUR5185,FSUR8622,730a2791-f79,54c62ebc-4c3,3518a150-f,M,2023-May-16 00:00:00,2024-Oct-06 00:00:00,1,b942f26c,2600e031,False,144.0,7.0,,056374ac,14edac57,8.0,126.0,,807.0,744.0,129.0,817.0,131.0,125.0,,,,N,,10,,,5,,,,,
6f9b3226-c22,SCH7,2018-Dec-11 00:00:00,SUR3743,FOR2903,MID8368,PSUR3766,FSUR9343,1833c5c1-4c1,b769f623-e3a,6adfd020-1,M,2022-Nov-18 00:00:00,2024-Oct-08 00:00:00,1,48f3efed,c6f8ec5a,False,131.0,8.0,3.0,faebbf71,04cd9f7c,8.0,134.0,,776.0,764.0,124.0,757.0,127.0,128.0,,,,,ENG,12,,1,,1,O,,,
70051bff-ddc,SCH8,2011-Oct-07 00:00:00,SUR8372,FOR3187,MID7756,PSUR1066,FSUR6089,43758582-2a2,c6ceb58a-889,f688f2b3-c,F,2023-May-09 00:00:00,2024-Nov-30 00:00:00,1,1265bd81,6a83b2c4,False,139.0,8.0,,e66bf85e,0ff1e513,9.0,122.0,,769.0,804.0,131.0,795.0,125.0,128.0,,,,,UKR,4,7,,,,U,,,
70a45efa-0b7,SCH6,2016-Nov-13 00:00:00,SUR2652,FOR5045,MID3233,PSUR3542,FSUR3955,812c5ce3-e3b,1ce34dde-c37,2519b373-1,F,2022-Apr-27 00:00:00,2024-Oct-01 00:00:00,1,252ae03f,219a0190,True,124.0,8.0,,819a8ce7,904946b6,8.0,133.0,,810.0,802.0,125.0,798.0,128.0,128.0,2.0,,3.0,,,N1,,1,,,,,,
70ddf6c8-01b,SCH3,2008-Nov-29 00:00:00,SUR6638,FOR9962,MID4281,PSUR3962,FSUR7013,fafc242f-571,ac8bdcc4-171,16f6b494-5,M,2024-Feb-12 00:00:00,2024-Dec-18 00:00:00,1,1dfc9751,a1821381,False,142.0,8.0,,665754e3,1211df39,8.0,131.0,,822.0,,122.0,807.0,125.0,137.0,,,,,ENG,5,,,,,,,,
71c32772-892,SCH7,2012-Aug-20 00:00:00,SUR7482,FOR7301,MID9548,PSUR1315,FSUR1257,e97e4684-d5c,ea0ea5ce-c72,151795de-b,F,2023-May-21 00:00:00,2024-Sep-15 00:00:00,1,7a6ac3d3,d2d49c33,False,134.0,8.0,,462d029e,34012eef,8.0,132.0,,777.0,831.0,119.0,769.0,130.0,136.0,,,,,ENG,E1,9,,,,,,,
74a91a96-af4,SCH2,2019-Nov-04 00:00:00,SUR5059,FOR8650,MID3800,PSUR7576,FSUR4034,d4d0ba56-0e9,272655cb-c47,0a471265-8,F,2024-Nov-17 00:00:00,2024-Dec-06 00:00:00,1,cdc3a37f,749c9656,False,131.0,8.0,,54672226,84ae8224,8.0,137.0,,802.0,813.0,135.0,786.0,123.0,128.0,,2.0,,,,6,,,,1,,N,,
75784139-9e7,SCH2,2018-Aug-20 00:00:00,SUR6790,FOR2529,MID9682,PSUR8762,FSUR6337,accdf61a-d98,b17af0db-050,82dca705-b,M,2020-Jan-20 00:00:00,2024-Sep-01 00:00:00,1,d9ff437f,518ad3af,False,128.0,8.0,,5e340954,07619598,7.0,133.0,,758.0,725.0,135.0,780.0,131.0,131.0,,,,,ENG,7,,,,,,,6,
774a1d38-f0d,SCH4,2017-Aug-15 00:00:00,SUR3903,FOR4526,MID2507,PSUR2070,FSUR9256,685eaaec-d40,6d8026a7-5fc,7efa2ae3-6,M,2024-Jul-20 00:00:00,2024-Sep-07 00:00:00,1,5c0050f9,94772021,False,129.0,8.0,,28df8c96,53b480c9,8.0,135.0,,751.0,808.0,132.0,776.0,131.0,126.0,,,,,ENG,7,,,,,,,,
77d50da3-99f,SCH1,2009-Nov-27 00:00:00,SUR2466,FOR8842,MID2560,PSUR8934,FSUR8024,1d469eca-6b1,9daa1703-b71,d64ec018-4,M,2024-Aug-04 00:00:00,2024-Oct-22 00:00:00,1,5400fee2,46f61b29,False,139.0,8.0,,3a2d787b,ef1ee63f,8.0,128.0,3.0,700.0,816.0,128.0,758.0,133.0,127.0,,,,,ENG,E2,,,,,,,,
77d50da3-99f,SCH5,2009-Nov-27 00:00:00,SUR2466,FOR8842,MID2560,PSUR8934,FSUR8024,1d469eca-6b1,9daa1703-b71,d64ec018-4,M,2024-Oct-23 00:00:00,2024-Oct-26 00:00:00,2,adbc8952,50fa35aa,False,129.0,8.0,,cc512705,a376da8f,8.0,128.0,,825.0,799.0,128.0,756.0,124.0,132.0,,,,,ENG,E1,,,,,,,,
780290b1-6d3,SCH3,2012-Mar-06 00:00:00,SUR4959,FOR1783,MID8467,PSUR7540,FSUR1647,a6f2a863-99b,e04c5d52-03a,d69876d9-3,F,2022-Jul-29 00:00:00,2024-Sep-06 00:00:00,1,03c20505,772bee4a,False,133.0,8.0,3.0,b7bc9d90,13edc41e,,127.0,,778.0,775.0,135.0,802.0,128.0,134.0,,,3.0,,ENG,8,,,,,F,,,
78a4f264-d3b,SCH5,2011-Aug-01 00:00:00,SUR8161,FOR1714,MID9122,PSUR6377,FSUR6292,a26ffc0c-81d,9fa0a7bb-aa8,e26ed62c-6,F,2023-Aug-03 00:00:00,2024-Oct-26 00:00:00,1,8aaa4a04,8d9fd56a,True,134.0,8.0,,17fc9003,d6cbaec2,,135.0,,793.0,763.0,130.0,746.0,136.0,124.0,,3.0,,,DAN,10,7,,,,,,,
78d37276-d60,SCH3,2014-Sep-15 00:00:00,SUR3545,FOR2433,MID6298,PSUR4341,FSUR1160,e85bf46e-a71,29228c05-65f,44f197b9-d,M,2022-Mar-06 00:00:00,2024-Oct-02 00:00:00,1,c712aead,27a8900e,False,140.0,,,648d6294,8d0f9a55,9.0,137.0,,775.0,772.0,124.0,781.0,134.0,129.0,,,,,ENG,7,,,,,,,,
78f37771-8d3,SCH4,2008-Sep-30 00:00:00,SUR6449,FOR3602,MID2658,PSUR6116,FSUR6841,82d5ab11-d6b,cda553fb-988,5b42c90c-8,F,2023-Apr-17 00:00:00,2024-Oct-09 00:00:00,1,975ded57,24a6962d,False,144.0,,3.0,e217cbb5,e8459abd,8.0,140.0,3.0,757.0,753.0,124.0,778.0,133.0,,,,,,CYM,M,1,,,,U,,,2
78f5c40e-01a,SCH3,2017-Jun-16 00:00:00,SUR6502,FOR7087,MID2711,PSUR5223,FSUR1340,003118fe-38d,682f0947-f7d,c688794f-6,F,2023-Jul-26 00:00:00,2024-Sep-03 00:00:00,1,c85e2968,b9e6c267,False,130.0,8.0,,d0a1175f,04a4ef12,,136.0,,794.0,756.0,137.0,,121.0,131.0,,,,,ENG,9,C,,,,,,F,
79c24ef6-cf8,SCH4,2017-Oct-27 00:00:00,SUR3257,FOR5478,MID6061,PSUR5631,FSUR8140,0f53ffaa-87f,fe6432c5-5ec,81c0b137-5,F,2023-Jul-01 00:00:00,2024-Nov-18 00:00:00,1,f5c6c2dc,924918b3,False,136.0,8.0,3.0,f0b85855,8a9add99,8.0,126.0,3.0,820.0,774.0,123.0,760.0,132.0,128.0,,,,B,CYM,14,,3,,,,,,
7a32ac97-744,SCH2,2011-Sep-03 00:00:00,SUR7392,FOR5472,MID3498,PSUR5813,FSUR1354,4fa9661b-add,279c60cf-45d,53deaf12-9,F,2021-Apr-10 00:00:00,2024-Oct-12 00:00:00,1,507af273,f56e9b54,True,122.0,8.0,,e6aa87f7,7364c14c,8.0,134.0,,768.0,713.0,131.0,800.0,134.0,139.0,,,,N,ENG,8,,1,,,,,,
7ac77376-f07,SCH7,2010-Sep-06 00:00:00,SUR7132,FOR6842,MID3461,PSUR3844,FSUR3239,cb26dfac-151,a79a1e9b-7e4,7bf8491e-0,F,2023-May-07 00:00:00,2024-Sep-10 00:00:00,1,ad3a9ffd,00c804c9,False,126.0,7.0,,b5b2d2c6,174e1e6a,8.0,127.0,3.0,772.0,759.0,128.0,765.0,126.0,137.0,,,3.0,,ENG,14,,3,,,U,O,,
7b340756-b25,SCH7,2016-Feb-05 00:00:00,SUR2862,FOR2347,MID2790,PSUR7754,FSUR8720,d4cc05e6-386,d1fb8ca2-c2e,f8ca66f5-3,M,2023-May-10 00:00:00,2024-Dec-05 00:00:00,1,8c14b3c2,ac65a44e,False,125.0,8.0,,50c57c29,3912106b,7.0,134.0,3.0,775.0,792.0,129.0,838.0,138.0,140.0,,,,,ENG,N2,,,9,2,L,,,
7f022de1-178,SCH3,2015-Aug-25 00:00:00,SUR9379,FOR7622,MID6610,PSUR5140,FSUR3546,3ad7a7ed-fdd,9e4f37a5-363,84da162a-a,F,2023-May-28 00:00:00,2024-Nov-28 00:00:00,1,1cf91323,73690e36,False,126.0,8.0,,04f4ae64,4b5daf54,8.0,128.0,2.0,799.0,827.0,137.0,731.0,126.0,129.0,,,,,GAL,5,,,,1,,,,
7f7b5a7f-a96,SCH6,2013-Dec-22 00:00:00,SUR1828,FOR4745,MID5949,PSUR3219,FSUR1073,7f3bc825-32e,450b8767-415,ce722905-7,F,2024-Feb-25 00:00:00,2024-Nov-09 00:00:00,1,c479862c,a04fb2f0,True,132.0,8.0,,ab87ce41,a4cc8a56,8.0,138.0,3.0,789.0,762.0,131.0,755.0,131.0,126.0,,,,,ENG,N1,,1,,1,,,,
858b40e6-aea,SCH1,2018-Sep-03 00:00:00,SUR3143,FOR2711,MID3186,PSUR7855,FSUR3570,9f7f8a60-641,07d537ea-67a,c0214a7d-4,F,2024-May-11 00:00:00,2024-Sep-02 00:00:00,1,2abdab9f,22999728,False,124.0,8.0,,6e8fee79,ee6b9a84,8.0,133.0,,761.0,818.0,128.0,829.0,138.0,130.0,4.0,,3.0,,ENG,R,5,,,,,,,
860a2bea-4e2,SCH4,2019-Sep-30 00:00:00,SUR2156,FOR6519,MID9744,PSUR1828,FSUR1318,2da8c3fe-c36,314a0086-b09,c0ae7e9a-f,M,2024-Mar-29 00:00:00,2024-Oct-08 00:00:00,1,a334f845,ee7bc25c,False,129.0,7.0,4.0,27e12056,d40e261c,8.0,134.0,,740.0,798.0,125.0,842.0,136.0,135.0,,,,,ENG,E2,,,,,,,,
862db5db-ba3,SCH2,2009-Nov-12 00:00:00,SUR5140,FOR8160,MID7554,PSUR7654,FSUR6844,af43204d-984,2827464e-c6f,bf634942-2,M,2020-Feb-09 00:00:00,2024-Oct-07 00:00:00,1,74246d50,66ea75c4,False,128.0,,,d12fcfd4,b655975e,7.0,129.0,,779.0,831.0,122.0,766.0,131.0,132.0,3.0,,,,ENG,4,,,6,,,U,,
862db5db-ba3,SCH1,2009-Nov-12 00:00:00,SUR5140,FOR8160,MID7554,PSUR7654,FSUR6844,af43204d-984,2827464e-c6f,bf634942-2,M,2024-Oct-08 00:00:00,2024-Nov-16 00:00:00,2,11d63af2,c2414c36,False,127.0,,,c6115b4c,9e967ee9,,137.0,3.0,808.0,787.0,127.0,820.0,127.0,129.0,,3.0,,,ENG,R,,1,,,,O,6,4
86959d0a-4eb,SCH7,2018-Nov-20 00:00:00,SUR5716,FOR9489,MID8599,PSUR3716,FSUR4068,894a0423-e35,47c7f624-939,3958f415-a,F,2024-May-17 00:00:00,2024-Sep-27 00:00:00,1,46a22420,648517f0,False,119.0,8.0,,99ded7e3,7d5ee08f,8.0,125.0,,769.0,766.0,129.0,744.0,134.0,127.0,,,3.0,,,12,,,,,,,8,
86a8623f-3fe,SCH5,2016-Feb-08 00:00:00,SUR9877,FOR3903,MID4611,PSUR9042,FSUR9665,75bcde9a-653,0eac5e96-838,8ed83864-2,M,2020-Apr-19 00:00:00,2024-Nov-09 00:00:00,1,01170bb8,a0cbca15,False,122.0,8.0,,6cebcd57,c4d48ff5,8.0,124.0,,835.0,782.0,133.0,835.0,128.0,124.0,3.0,,,,ENG,6,,,,,O,,,
86a8623f-3fe,SCH2,2016-Feb-08 00:00:00,SUR9877,FOR3903,MID4611,PSUR9042,FSUR9665,75bcde9a-653,0eac5e96-838,8ed83864-2,M,2024-Nov-10 00:00:00,2024-Nov-11 00:00:00,2,3aaeee0c,b4f9976e,False,127.0,8.0,,87b0f96a,12cb45e9,9.0,140.0,3.0,785.0,774.0,130.0,780.0,132.0,132.0,,3.0,3.0,,ENG,6,,,,2,,,,
86e1f003-378,SCH4,2020-Mar-23 00:00:00,SUR7889,FOR4497,MID3937,PSUR8937,FSUR3318,282d6967-488,b739eb9c-d65,b6f7e68c-2,F,2024-Oct-22 00:00:00,2024-Nov-21 00:00:00,1,f9c1c0d1,5e9c6d4a,False,126.0,8.0,3.0,5af59f88,036668dd,8.0,130.0,,807.0,774.0,129.0,771.0,132.0,126.0,,,,,CYM,12,,,8,,N,,,
87d147b6-35b,SCH1,2013-Sep-17 00:00:00,SUR5200,FOR1774,MID5852,PSUR7949,FSUR8336,aba223ea-adf,2096c191-20a,872f3709-5,M,2019-Jan-03 00:00:00,2024-Nov-06 00:00:00,1,965c1722,3115be2a,False,129.0,7.0,,fbce38df,c95e5d88,8.0,122.0,,761.0,792.0,132.0,773.0,128.0,130.0,,3.0,,,ENG,7,A,,,,,,,
88a6e08a-cf1,SCH3,2020-Feb-17 00:00:00,SUR9748,FOR4741,MID9472,PSUR5606,FSUR1363,b9ab9b71-939,c4edc18b-356,4aa6d5dc-8,M,2022-Sep-02 00:00:00,2024-Oct-14 00:00:00,1,6c1500a0,50d49f59,False,128.0,9.0,3.0,e5d72cfd,5a9d396f,7.0,125.0,,747.0,752.0,,801.0,132.0,130.0,2.0,,,,ENG,7,,,,,O,,,5
88ed5bb6-693,SCH3,2013-Sep-12 00:00:00,SUR8103,FOR8483,MID7628,PSUR4997,FSUR6521,3cad5786-836,f7f87178-374,885a3c8f-d,F,2023-Dec-15 00:00:00,2024-Nov-02 00:00:00,1,757da1a3,894e82e8,,122.0,8.0,3.0,cadddd33,399f4130,8.0,133.0,,763.0,729.0,129.0,784.0,139.0,139.0,,,,,ENG,E2,,1,,,,,9,4
8916bfec-ac8,SCH3,2018-Jun-30 00:00:00,SUR2042,FOR1808,MID7849,PSUR4077,FSUR3462,6d72e7b5-151,b3a15be2-502,2f1ae3f7-3,M,2019-Jun-14 00:00:00,2024-Oct-28 00:00:00,1,8e348a60,7d2bea5d,False,134.0,9.0,,12972bc2,03fe88cb,7.0,128.0,,780.0,741.0,135.0,769.0,139.0,132.0,3.0,,2.0,,ENG,2,,,,,,,,
89b0c552-ccb,SCH1,2015-Dec-05 00:00:00,SUR2637,FOR5153,MID2076,PSUR7091,FSUR1818,b10e758e-bc3,8dfb29c1-389,2eb2ae6c-6,F,2024-Jan-02 00:00:00,2024-Nov-02 00:00:00,1,50d183f6,4710bec3,,132.0,8.0,,2e627743,24daa1c7,7.0,135.0,2.0,741.0,821.0,134.0,787.0,131.0,124.0,3.0,4.0,3.0,,ENG,3,,2,,,,,,
8b305174-485,SCH3,2017-Sep-22 00:00:00,SUR8576,FOR1413,MID9345,PSUR7198,FSUR7653,18466c7e-705,2b23bc42-575,3299c7cb-9,F,2024-Jun-27 00:00:00,2024-Sep-11 00:00:00,1,c88402b5,273652b7,False,130.0,8.0,,b4363e68,95bb948d,8.0,136.0,3.0,818.0,826.0,123.0,809.0,134.0,129.0,,2.0,,,ENG,E1,,2,,,,,,
8b5fda7a-682,SCH2,2008-Feb-14 00:00:00,SUR5707,FOR7369,MID1480,PSUR4105,FSUR8501,7995645e-3d4,31564808-a2e,18f2d377-e,M,2023-Aug-06 00:00:00,2024-Dec-04 00:00:00,1,2402dd82,8255a5a2,False,125.0,8.0,,c796ea0c,130cbe9e,8.0,136.0,,781.0,774.0,128.0,794.0,,124.0,,2.0,,,ENG,6,A*,,,,,,,A
8c34c548-872,SCH5,2017-Dec-15 00:00:00,SUR3248,FOR4762,MID1776,PSUR6263,FSUR5121,99e3cf7b-be0,269a38fd-b07,50fac98a-9,F,2023-Nov-04 00:00:00,2024-Oct-04 00:00:00,1,71beaaea,85a0d7a3,False,133.0,8.0,,460a4a03,4e7ad04d,8.0,130.0,,782.0,800.0,133.0,759.0,131.0,122.0,3.0,,,,ENG,N1,,,U,,F,N,B,
8c3b504d-682,SCH4,2009-Apr-25 00:00:00,SUR9414,FOR2912,MID3557,PSUR9344,FSUR4329,c2f74ec6-b82,0a96aef5-7c6,1741895e-a,F,2022-Oct-18 00:00:00,2024-Sep-08 00:00:00,1,fe592042,0f4e9bf5,False,131.0,9.0,,e0c486bd,c665e561,,124.0,2.0,799.0,796.0,133.0,834.0,130.0,128.0,3.0,,,,CHI,2,,,,,,,,
8c555a7c-bd8,SCH7,2007-Nov-18 00:00:00,SUR3952,FOR8486,MID6416,PSUR8205,FSUR8336,98a45741-e7d,8b3772d0-0a3,14c896c1-0,M,2022-Feb-05 00:00:00,2024-Sep-30 00:00:00,1,4c4342e6,8dbe0fc6,False,132.0,8.0,2.0,0a45e338,b357e7df,7.0,130.0,,731.0,733.0,130.0,771.0,126.0,128.0,,,,,ENG,X,C,,,1,,,,
8c555a7c-bd8,SCH6,2007-Nov-18 00:00:00,SUR3952,FOR8486,MID6416,PSUR8205,FSUR8336,98a45741-e7d,8b3772d0-0a3,14c896c1-0,M,2024-Oct-01 00:00:00,2024-Oct-02 00:00:00,2,f966d953,53baef03,True,133.0,8.0,,b16c35da,3a20a9c0,8.0,139.0,3.0,826.0,711.0,127.0,793.0,131.0,129.0,,2.0,,,ENG,R,,,,,,,,
8ce2775b-5f4,SCH7,2010-Jul-27 00:00:00,SUR6454,FOR9731,MID2930,PSUR2090,FSUR8680,4eb33cf1-3b9,091a86ad-a66,1c7ec3c9-b,M,2024-Nov-11 00:00:00,2024-Dec-05 00:00:00,1,59e86fcf,283cba38,False,132.0,9.0,,a137fb14,3774ef62,8.0,131.0,,767.0,762.0,133.0,761.0,136.0,130.0,3.0,,,,ENG,2,,,,,,,,
8d3131f3-852,SCH4,2012-Dec-07 00:00:00,SUR8809,FOR3912,MID3688,PSUR6975,FSUR9677,332c4854-622,b767d457-0ee,9c19f8b7-0,F,2023-Jan-03 00:00:00,2024-Sep-08 00:00:00,1,e910bf91,1a5f0b89,,134.0,8.0,,9d8c6fb0,ff768540,,126.0,,764.0,810.0,129.0,820.0,127.0,132.0,,,,,ENG,4,,,,,,,,
8d51bc1e-548,SCH1,2013-Nov-12 00:00:00,SUR6689,FOR9512,MID8626,PSUR1009,FSUR7968,a46091ab-3e1,e0fa4faf-5e3,7fa101e2-0,M,2024-Jun-18 00:00:00,2024-Sep-06 00:00:00,1,0bf98dbc,b76f856d,True,135.0,,,1be4b234,2bca3cd8,7.0,133.0,,802.0,749.0,130.0,793.0,,119.0,,,3.0,,,10,,1,,,,,,C
8dfb2b6a-77c,SCH1,2020-Mar-05 00:00:00,SUR4339,FOR3320,MID1181,PSUR1941,FSUR9688,98c534c1-223,6d9c1436-dfa,47ae77e3-4,M,2024-Jul-07 00:00:00,2024-Nov-24 00:00:00,1,4615720f,5c1af69f,False,135.0,8.0,,2feff372,abfe5482,8.0,131.0,,760.0,775.0,136.0,817.0,115.0,124.0,,,3.0,,,7,,,,,N,,,
8e68e48f-758,SCH5,2016-Sep-19 00:00:00,SUR8789,FOR5586,MID3799,PSUR8795,FSUR9075,8ac7be5e-292,0b9aaacd-198,514224db-2,M,2022-Aug-06 00:00:00,2024-Dec-09 00:00:00,1,5abf28d2,be4d37a7,False,128.0,8.0,3.0,ca2ccb69,40f246f1,9.0,126.0,,771.0,818.0,128.0,776.0,134.0,126.0,,,,,ENG,5,,,,,,,U,
90502a6b-881,SCH6,2010-Nov-19 00:00:00,SUR4025,FOR5436,MID9310,PSUR8926,FSUR3299,d7341302-fbd,14caf60b-8d7,504c906c-8,M,2024-May-06 00:00:00,2024-Nov-12 00:00:00,1,be1aca1a,5fcc04c8,False,124.0,,,83465f0b,415a31b9,8.0,131.0,,754.0,765.0,132.0,756.0,131.0,131.0,4.0,3.0,,,ENG,14,,,,,,,8,
910c08b1-2d5,SCH7,2018-Mar-25 00:00:00,SUR4686,FOR8066,MID8677,PSUR7617,FSUR4353,40ee3fa7-2de,f991b95d-0fc,0cdeb4fb-e,M,2022-Oct-04 00:00:00,2024-Oct-13 00:00:00,1,339ebb22,e4dc90f4,False,132.0,,,458b99bf,34f20c9a,8.0,138.0,3.0,774.0,790.0,136.0,786.0,127.0,131.0,,,,,CYM,12,,,,2,,O,,D
91c064c2-240,SCH7,2017-Jan-02 00:00:00,SUR4880,FOR1121,MID9190,PSUR6210,FSUR3463,72d3749b-f75,85d1daf0-bc7,e2beede1-1,M,2024-Jul-11 00:00:00,2024-Nov-23 00:00:00,1,61712dbf,4bac1af4,True,127.0,7.0,,48d51b8c,6d6f449c,8.0,126.0,,797.0,817.0,124.0,797.0,126.0,127.0,,3.0,,,ENG,E1,,,,,U,,,
91f0eed3-38a,SCH8,2017-May-29 00:00:00,SUR1139,FOR3406,MID1263,PSUR1037,FSUR2639,c00c89c4-560,52669e7c-5f1,c484796a-a,M,2022-Mar-20 00:00:00,2024-Nov-26 00:00:00,1,8f72eeab,00a4dec4,False,126.0,7.0,3.0,7271a23d,ab2e989c,7.0,140.0,,738.0,767.0,131.0,732.0,135.0,138.0,,,,,ENG,10,,,,,,,G,
91f19092-eea,SCH3,2015-Jan-23 00:00:00,SUR9714,FOR5253,MID2299,PSUR7717,FSUR2600,1aa9333b-3da,6a28c563-8e4,b28b5d5c-b,F,2021-Jul-19 00:00:00,2024-Dec-05 00:00:00,1,aa6f2ae3,e1fba421,False,131.0,7.0,,4f75d075,ae12330c,8.0,136.0,,833.0,776.0,121.0,802.0,134.0,128.0,,3.0,,,RUS,10,,,,2,,,,
923cebd2-7e0,SCH2,2019-Dec-06 00:00:00,SUR5854,FOR8247,MID9703,PSUR3393,FSUR9935,396a0df4-ea7,7ec72490-658,3236f59f-4,F,2022-Mar-09 00:00:00,2024-Dec-13 00:00:00,1,0d99df07,da3de160,False,121.0,7.0,,a88ac245,1ae7de69,,129.0,,795.0,781.0,127.0,802.0,134.0,130.0,3.0,3.0,,,ENG,12,,,9,,,,8,
925f9ced-958,SCH6,2017-Apr-12 00:00:00,SUR3669,FOR5307,MID6635,PSUR8434,FSUR2049,ab094a24-649,4a70c61c-0f5,1dd55529-1,F,2024-Jun-19 00:00:00,2024-Oct-08 00:00:00,1,110fdc4f,653c52ac,False,131.0,9.0,3.0,9cee36d8,ac7858ba,7.0,132.0,,767.0,795.0,132.0,787.0,128.0,141.0,,2.0,,,ENG,1,,,,,,,,
9432b74b-390,SCH6,2010-Aug-13 00:00:00,SUR5516,FOR5795,MID4205,PSUR4074,FSUR1590,c3cea271-9e6,e790a4fb-731,09805a1a-7,M,2024-Jul-31 00:00:00,2024-Dec-15 00:00:00,1,493bb564,fbc13223,,133.0,8.0,,37475b71,d90fdd28,9.0,129.0,,816.0,774.0,139.0,812.0,129.0,139.0,,,,,ENG,1,,,,,,,,5
95082eff-a6f,SCH4,2013-Jan-29 00:00:00,SUR3529,FOR8431,MID7459,PSUR5197,FSUR8308,2059ec16-cd7,5acf673d-af1,bdce0128-8,M,2020-May-22 00:00:00,2024-Nov-28 00:00:00,1,3a29ed22,17fda6c9,,121.0,7.0,,e16a7404,136a45e4,8.0,123.0,,782.0,790.0,144.0,794.0,136.0,127.0,3.0,3.0,,,,7,,3,,,,U,,6
963f3c56-50b,SCH4,2010-May-10 00:00:00,SUR5787,FOR8473,MID8387,PSUR5273,FSUR4335,163272b9-1d6,09d940a1-796,f1e005da-9,M,2024-Aug-16 00:00:00,2024-Nov-22 00:00:00,1,d03e9292,1d0e028d,False,,8.0,,67bec5f4,2a7fcafa,9.0,131.0,,774.0,776.0,127.0,775.0,125.0,122.0,,,3.0,,,N1,,3,,,,,,
96e52299-58d,SCH5,2010-Oct-25 00:00:00,SUR6672,FOR4461,MID3331,PSUR5253,FSUR6914,5cadaa0d-f69,6d068203-b63,e3a01ef2-5,M,2022-Sep-12 00:00:00,2024-Nov-14 00:00:00,1,d04f70f1,0ac2174a,False,128.0,9.0,,d5495de9,88af6a4b,8.0,136.0,,737.0,764.0,129.0,830.0,124.0,132.0,,,,,ENG,13,,,F,,,,,
97a7fa44-546,SCH4,2010-Jan-07 00:00:00,SUR1002,FOR1904,MID7866,PSUR2894,FSUR9822,234bb7e6-6a6,f7fbad43-659,834fe5dc-5,F,2023-Nov-12 00:00:00,2024-Sep-28 00:00:00,1,19ad6877,116dda73,False,128.0,,,09b7cb68,63eca600,8.0,127.0,,824.0,779.0,137.0,766.0,130.0,135.0,,3.0,,,GAL,6,,,,,,,,
97a83368-0fa,SCH1,2019-Apr-21 00:00:00,SUR6778,FOR6767,MID7490,PSUR2386,FSUR8747,4593dfa5-845,8d96badf-273,7e023cd1-a,F,2023-Nov-17 00:00:00,2024-Oct-21 00:00:00,1,8f1322c9,6d9f1e73,False,127.0,7.0,,4bff3214,17d7f42d,,124.0,,734.0,756.0,132.0,763.0,133.0,134.0,,3.0,3.0,,,N2,E,,,,O,,,
9cc325c2-a73,SCH6,2016-Nov-02 00:00:00,SUR4229,FOR2429,MID6172,PSUR1846,FSUR7820,246062bc-83a,a0b7feb8-e11,7886a603-5,M,2018-Nov-03 00:00:00,2024-Nov-29 00:00:00,1,b2f2a755,0beaf07c,,139.0,8.0,3.0,6a1bc3e8,a5984565,8.0,122.0,3.0,781.0,749.0,134.0,781.0,123.0,134.0,,,,,ENG,14,,,9,2,,F,,
9d282582-47e,SCH8,2016-Aug-18 00:00:00,SUR2303,FOR6492,MID5871,PSUR2444,FSUR5046,b97e9ed8-f40,e155c97c-580,3cfe52f6-6,M,2023-Nov-25 00:00:00,2024-Nov-07 00:00:00,1,6451bf32,5b7eec33,False,120.0,8.0,,1a0e617f,e4078bba,8.0,133.0,3.0,767.0,756.0,135.0,783.0,129.0,130.0,,2.0,,,,3,,,,,,,,
9e1c714a-247,SCH7,2008-Jan-09 00:00:00,SUR5823,FOR4199,MID7228,PSUR8196,FSUR9940,951f7ac8-22d,4cb6078e-9c9,88b928c7-a,M,2019-Apr-11 00:00:00,2024-Oct-25 00:00:00,1,90a9d97e,12a261cf,False,131.0,7.0,,3392f97f,f738a317,,128.0,,778.0,821.0,140.0,780.0,129.0,123.0,,,,,ENG,5,,,,,,,9,
9e2fb9c7-6d5,SCH8,2018-Dec-04 00:00:00,SUR4423,FOR1139,MID1144,PSUR4223,FSUR2737,ae5134c1-797,d16bcf7a-f6f,66dccd79-3,F,2019-Dec-11 00:00:00,2024-Oct-05 00:00:00,1,f8da3dc3,6f84304e,False,133.0,8.0,4.0,82b0d9c3,8e84033f,8.0,130.0,3.0,797.0,808.0,125.0,,134.0,133.0,2.0,3.0,,B,ENG,9,8,,,,,,,
a0b2d3a1-e20,SCH4,2009-May-29 00:00:00,SUR9354,FOR1360,MID6578,PSUR1053,FSUR4150,7ffdd116-716,5ffd4ad8-fa9,4b58d557-d,F,2023-Oct-01 00:00:00,2024-Oct-21 00:00:00,1,18116dc5,da096bd4,False,133.0,8.0,,7da449a5,89e91678,8.0,128.0,,817.0,758.0,126.0,789.0,133.0,131.0,,,,,ENG,9,,2,,,,O,6,9
a0e5cbf7-a8f,SCH6,2009-Jan-07 00:00:00,SUR7559,FOR4680,MID4660,PSUR6643,FSUR2064,f046c0fa-156,d026c565-de1,2fd21ec1-d,F,2021-Aug-11 00:00:00,2024-Sep-25 00:00:00,1,8f97f52f,a6f41cab,False,132.0,8.0,,2fac6a80,ca4215a4,9.0,129.0,3.0,813.0,833.0,132.0,800.0,126.0,130.0,,,,,,X,,,,,,,7,
a43b8bd6-2b1,SCH6,2017-Jan-31 00:00:00,SUR9498,FOR8598,MID6051,PSUR9824,FSUR4539,6335557e-a52,0f063fa0-23a,07a46ef5-5,M,2023-Jun-04 00:00:00,2024-Nov-07 00:00:00,1,8f791b0c,db9cd58d,False,123.0,8.0,,0c4dccaf,cbbfcc15,7.0,130.0,,768.0,738.0,130.0,729.0,129.0,132.0,,,,N,ENG,10,7,,C,,,,,7
a480608f-407,SCH5,2018-Oct-19 00:00:00,SUR8743,FOR7236,MID6202,PSUR1470,FSUR4996,86fcefad-f1f,a79976ac-a61,339b08be-4,F,2022-Oct-08 00:00:00,2024-Oct-25 00:00:00,1,f3c93fed,e43efc39,True,127.0,8.0,,1ae917cc,4b067ff6,8.0,133.0,,797.0,783.0,133.0,783.0,123.0,127.0,,,,,ENG,9,,,,,,,,A*
a6203b1e-dd3,SCH4,2017-Nov-01 00:00:00,SUR3381,FOR9228,MID6718,PSUR3197,FSUR2489,1b859012-e77,47ecdd3a-011,921f5a37-c,F,2022-Mar-12 00:00:00,2024-Oct-18 00:00:00,1,579ae8e7,f546826a,True,129.0,8.0,,1f6fee6a,24254144,8.0,130.0,,680.0,741.0,118.0,812.0,122.0,124.0,,,,,,13,,,2,,U,,,
a651fbc0-6e2,SCH1,2011-Apr-09 00:00:00,SUR7282,FOR6535,MID2893,PSUR8889,FSUR8658,efa9f999-1fe,abeff37a-846,080f40bc-3,F,2023-Oct-22 00:00:00,2024-Nov-26 00:00:00,1,edfc0c1d,814e1252,False,132.0,8.0,,d1cb303e,d4307bcd,,129.0,3.0,769.0,803.0,130.0,783.0,124.0,125.0,,3.0,,,,E2,NR,,A,,,,,4
a67cb344-f20,SCH6,2018-Oct-08 00:00:00,SUR2861,FOR9905,MID5356,PSUR5273,FSUR2088,d42c1055-d62,9426a2cf-477,e442a628-8,F,2020-Jul-13 00:00:00,2024-Nov-29 00:00:00,1,7e13d6cb,cf795237,False,127.0,8.0,3.0,05b4aadc,856adf07,8.0,126.0,,711.0,812.0,134.0,793.0,127.0,124.0,,,,,ENG,R,,,,,F,,,
a6930be5-b58,SCH5,2018-Nov-15 00:00:00,SUR9393,FOR4264,MID2665,PSUR9638,FSUR9056,c07b3073-4da,205efa42-a89,c66a088a-0,F,2023-Mar-17 00:00:00,2024-Oct-06 00:00:00,1,b8785147,c2152995,,136.0,8.0,,94236b6d,f01b54cb,8.0,125.0,,728.0,769.0,131.0,754.0,128.0,127.0,,,,,ENG,10,,1,,2,,,,
a6c6f0ac-099,SCH1,2013-Oct-20 00:00:00,SUR9852,FOR4250,MID2890,PSUR7605,FSUR8564,4ca868b1-d57,619ec038-63e,d2410732-6,M,2020-Oct-17 00:00:00,2024-Nov-17 00:00:00,1,c83aef85,eac2a5f7,False,128.0,8.0,,adca9db0,d8d256c1,7.0,132.0,3.0,776.0,759.0,136.0,843.0,127.0,126.0,,,,,GAL,6,U,,6,,,,,9
a8e87f2b-0d1,SCH3,2007-Nov-22 00:00:00,SUR4372,FOR8179,MID6201,PSUR7543,FSUR4861,1e848a1a-015,631eff73-2dc,d9d11029-6,F,2020-Mar-19 00:00:00,2024-Nov-06 00:00:00,1,c9197df7,2431d7d1,False,137.0,8.0,3.0,b4c5c2be,18cfe01b,9.0,127.0,,783.0,815.0,128.0,801.0,131.0,130.0,3.0,,2.0,,GAL,4,,,3,,,,6,C
a9e24eb6-082,SCH2,2019-Dec-04 00:00:00,SUR4670,FOR8826,MID1516,PSUR2371,FSUR7604,ecf125d4-2f8,b33e5aa7-66b,c94314e3-3,F,2021-Mar-03 00:00:00,2024-Oct-17 00:00:00,1,2577ff25,3e183666,False,123.0,,,6d5b4722,0e00bb9c,9.0,134.0,,764.0,768.0,133.0,783.0,130.0,131.0,2.0,,,N,ENG,6,3,,NR,,,,,
aa1253b2-a8f,SCH8,2008-Oct-05 00:00:00,SUR4889,FOR2035,MID3629,PSUR5577,FSUR4130,7a2de3e2-8e9,947269c2-19a,09666bcd-3,F,2021-Mar-30 00:00:00,2024-Nov-23 00:00:00,1,572b6a46,8c84696c,False,133.0,8.0,,451a6a44,14043ed8,8.0,125.0,,754.0,772.0,127.0,852.0,126.0,132.0,,,,,ENG,R,,,,3,,,,
ad90af0f-2d8,SCH2,2013-Dec-13 00:00:00,SUR5102,FOR2248,MID3291,PSUR5966,FSUR8477,e13bb7e2-e70,30998e65-4f7,981f6a15-2,F,2022-Apr-25 00:00:00,2024-Oct-06 00:00:00,1,ead9c068,19e2943a,False,128.0,8.0,,8446932a,3bd7f6be,8.0,137.0,,752.0,829.0,127.0,761.0,137.0,115.0,,,,,ENG,9,,,,,,,,
ae38e996-6ee,SCH8,2015-Jul-16 00:00:00,SUR9687,FOR9808,MID3056,PSUR5504,FSUR2998,adb7f587-049,30ac4d64-d5b,7a1da6b3-8,M,2023-Nov-12 00:00:00,2024-Sep-15 00:00:00,1,be58877c,1295b312,False,141.0,7.0,,b3514cfe,2adad2f4,8.0,132.0,,800.0,795.0,136.0,818.0,129.0,131.0,,3.0,,,ENG,R,,,,,,,,
ae42fc9d-a71,SCH2,2008-Nov-03 00:00:00,SUR1512,FOR4053,MID3593,PSUR3380,FSUR9708,7ef3e640-693,6c39d3e5-c4e,c87a4e0e-e,F,2021-Jun-01 00:00:00,2024-Sep-15 00:00:00,1,64e586fb,5e374bb9,False,122.0,9.0,,f162a219,a8cc76ed,8.0,125.0,3.0,741.0,762.0,130.0,714.0,138.0,129.0,,3.0,,,ENG,4,,,,3,,,,F
ae5378bb-59c,SCH1,2019-Sep-16 00:00:00,SUR4877,FOR1412,MID6596,PSUR9331,FSUR7856,191dfe6b-650,fa09e9a1-da9,5b0b8436-b,F,2021-Apr-12 00:00:00,2024-Oct-06 00:00:00,1,6ac04369,458862ee,False,134.0,8.0,,fb435658,f03ec3f9,8.0,131.0,,717.0,760.0,129.0,804.0,134.0,123.0,,,,N,PNJA,12,E,,,,,,,
aed87bfe-a39,SCH4,2016-Mar-26 00:00:00,SUR6705,FOR9639,MID1123,PSUR1649,FSUR5327,0f8b70b6-1a3,2a749f60-610,f46c4d13-8,F,2024-Nov-14 00:00:00,2024-Nov-22 00:00:00,1,e6959f4c,1488b3bd,False,131.0,8.0,,cf3446a7,4ed59d4e,7.0,123.0,,694.0,708.0,138.0,724.0,135.0,131.0,,,,,,7,,,,,N,,,3
aef65c9d-868,SCH6,2010-Jun-10 00:00:00,SUR7607,FOR7266,MID5896,PSUR3916,FSUR3062,e61478ed-7af,5a619782-908,a6790c75-7,M,2024-Jan-31 00:00:00,2024-Nov-16 00:00:00,1,8d5b07a3,1fd44cdc,True,133.0,8.0,,618e68e3,89724f9e,8.0,129.0,,789.0,781.0,129.0,793.0,140.0,126.0,,,4.0,,ENG,M,,,,,,,B,
af5a46c5-351,SCH7,2008-Aug-19 00:00:00,SUR9800,FOR5398,MID2051,PSUR2362,FSUR6655,e351629f-137,8baa06e6-a63,386b5ec7-5,F,2022-Dec-22 00:00:00,2024-Nov-07 00:00:00,1,63352454,fb105f0f,False,137.0,8.0,,ff36f2fa,492195b3,,130.0,,779.0,823.0,132.0,819.0,127.0,128.0,3.0,,4.0,,ENG,5,,2,C,,,,,
b142e1ac-988,SCH3,2012-Mar-04 00:00:00,SUR5529,FOR8526,MID4119,PSUR4181,FSUR4678,e67330c7-8d5,4e9f01f0-9a5,fdb755b1-b,F,2019-Nov-16 00:00:00,2024-Nov-13 00:00:00,1,1832f007,ff68ce7b,False,128.0,,,ec3d2bf1,c52a3b50,9.0,136.0,3.0,804.0,784.0,131.0,776.0,125.0,137.0,,,,,GER,13,,,,,,,,
b314f4da-0cc,SCH5,2010-Dec-29 00:00:00,SUR4058,FOR7181,MID6988,PSUR5045,FSUR2619,666eb0b5-fe0,1fa95257-cce,0227bcec-9,M,2022-Jul-15 00:00:00,2024-Oct-13 00:00:00,1,87b333f0,bfb75064,False,127.0,,,39d5ae12,b9187fdd,8.0,132.0,,786.0,768.0,134.0,777.0,127.0,135.0,,,,,ENG,E2,,1,,,,,,
b3d2a7a0-def,SCH2,2010-Jun-22 00:00:00,SUR9851,FOR8490,MID5330,PSUR6256,FSUR1888,2bb8d3a6-99a,5fcc237b-2ff,90a88ab6-c,F,2022-Jun-04 00:00:00,2024-Nov-30 00:00:00,1,4850e29d,baaa1648,False,126.0,8.0,,f8e6dfb9,31026abb,,123.0,,832.0,739.0,142.0,742.0,127.0,132.0,,,,,ENG,N2,A,,7,,,O,,
b4acbf8a-da7,SCH3,2018-Nov-13 00:00:00,SUR9194,FOR5604,MID8754,PSUR3948,FSUR3811,0087121e-5eb,0a47c9c3-c83,778d71d1-3,M,2023-Apr-01 00:00:00,2024-Oct-17 00:00:00,1,21185221,94848e21,,131.0,7.0,,3e8ef2e3,10400b33,7.0,130.0,,803.0,773.0,134.0,788.0,133.0,127.0,,,3.0,,ENG,7,,,,,U,,,9
b78198ab-1fc,SCH3,2008-Jun-26 00:00:00,SUR7837,FOR5195,MID1678,PSUR1895,FSUR9354,91d9ef03-8be,c88189a5-d5d,95eb8f89-b,F,2022-Jun-03 00:00:00,2024-Nov-03 00:00:00,1,af910b89,da220beb,False,140.0,8.0,,05042c7b,951a56be,8.0,126.0,,776.0,816.0,135.0,797.0,122.0,136.0,3.0,,,,,8,D,,,,,F,,
b90f55ef-f92,SCH6,2011-Jun-09 00:00:00,SUR7140,FOR7280,MID1553,PSUR6424,FSUR2768,0b4c33d5-efe,8c796e62-5d4,249e9715-3,M,2019-Dec-14 00:00:00,2024-Oct-16 00:00:00,1,b0697812,8982a732,False,141.0,8.0,3.0,0c6fb1e4,b5646e18,8.0,130.0,4.0,786.0,792.0,125.0,817.0,126.0,127.0,4.0,,,,CYM,9,,,,,,,6,
bd28ca36-848,SCH3,2019-Jan-28 00:00:00,SUR4331,FOR6196,MID8174,PSUR9547,FSUR3716,4828e284-c6c,0ded19d8-f49,6b4ce358-e,M,2024-Jul-31 00:00:00,2024-Nov-18 00:00:00,1,4d46f67d,afdb510a,,122.0,8.0,3.0,2189776d,ffc38c5d,9.0,126.0,,808.0,772.0,136.0,724.0,125.0,130.0,,3.0,,,ENG,5,,,,,,,,
bd94de19-636,SCH6,2008-Jan-20 00:00:00,SUR8996,FOR8641,MID8052,PSUR1057,FSUR3607,1e35e124-d02,b22a8f35-7ea,4de91b0d-f,M,2019-Jul-09 00:00:00,2024-Oct-26 00:00:00,1,2246798e,ea7cf760,False,128.0,8.0,,c16bf676,d790a0ca,7.0,134.0,,740.0,837.0,138.0,774.0,131.0,143.0,4.0,,,,ENG,14,8,,,,,O,,
bd96ac01-817,SCH7,2019-Dec-22 00:00:00,SUR2974,FOR9490,MID1074,PSUR3521,FSUR6947,4737bf98-af0,abc08f1f-1dd,c49fa931-4,F,2021-Dec-28 00:00:00,2024-Nov-19 00:00:00,1,26264bbf,853610b9,False,123.0,8.0,,6112034f,59a63e43,7.0,125.0,,787.0,774.0,126.0,741.0,136.0,134.0,,3.0,,,CYM,11,,,,,F,,,
be80437d-1b6,SCH6,2013-May-29 00:00:00,SUR4197,FOR3049,MID9114,PSUR1007,FSUR1948,c1c129f0-987,f6bac4ed-933,2fa4eec5-d,F,2020-Jul-23 00:00:00,2024-Oct-12 00:00:00,1,176be577,257456c4,False,130.0,7.0,3.0,7d05ca35,bcff6139,8.0,127.0,,762.0,737.0,134.0,814.0,129.0,127.0,,,,,ENG,4,,,,,,,,
bfcb20c4-0fc,SCH4,2020-Jan-10 00:00:00,SUR4369,FOR6313,MID3092,PSUR2392,FSUR2414,b74e0864-2f2,be48bb15-43b,c893b65f-1,M,2022-May-22 00:00:00,2024-Oct-19 00:00:00,1,d23ecd02,4501f534,False,130.0,,3.0,20928adc,1dd3fbbc,8.0,130.0,4.0,808.0,762.0,128.0,843.0,134.0,138.0,,,,,ENG,11,C,,,1,,,,
bfd16adf-6f5,SCH5,2015-Jul-03 00:00:00,SUR4477,FOR4760,MID8584,PSUR9688,FSUR2858,db93064c-284,d7b23974-43d,48f4a3f0-2,F,2024-Nov-27 00:00:00,2024-Dec-18 00:00:00,1,e5f0a048,d5cf7332,True,125.0,8.0,3.0,4b471d29,e10159de,8.0,132.0,3.0,783.0,836.0,133.0,755.0,134.0,130.0,3.0,,,N,ENG,9,,,,,,,,
c0208c94-906,SCH3,2008-Jun-09 00:00:00,SUR5831,FOR8570,MID3703,PSUR9496,FSUR9702,17f4d596-399,a3f6eada-ca6,ae499b98-3,F,2023-Mar-24 00:00:00,2024-Nov-28 00:00:00,1,f215e74e,b4898d2c,True,131.0,,,9e236d53,9a608514,9.0,134.0,,765.0,773.0,134.0,819.0,142.0,125.0,,,,N,ENG,12,,,,,,,,
c0aaf85a-2d5,SCH5,2015-May-11 00:00:00,SUR7651,FOR5823,MID8388,PSUR2118,FSUR1810,ea4b4120-b33,b1575408-08a,902ee2df-8,F,2021-Feb-14 00:00:00,2024-Nov-18 00:00:00,1,287132d9,749fafeb,False,129.0,8.0,,738521a9,47fc5cc7,8.0,139.0,,772.0,796.0,130.0,735.0,129.0,125.0,,,,,,N1,,,C,3,F,N,,
c15186da-4fe,SCH5,2012-Dec-05 00:00:00,SUR6149,FOR4439,MID9621,PSUR5229,FSUR3294,fd05374d-da4,43682206-83d,5fd33626-6,M,2024-Jul-27 00:00:00,2024-Dec-01 00:00:00,1,f005c3c6,e7cfb597,True,125.0,7.0,,840c2cf9,318ab321,7.0,124.0,,777.0,789.0,127.0,774.0,128.0,129.0,2.0,,,,ENG,N1,,,,,,,,
c1d08b95-340,SCH1,2014-Jul-31 00:00:00,SUR1558,FOR2302,MID9217,PSUR9314,FSUR8664,a03af18e-60d,8c5a92df-7d4,d66aad02-1,F,2023-Jul-13 00:00:00,2024-Dec-10 00:00:00,1,2f091e7c,77b53ca5,False,,7.0,2.0,793d9918,514f2097,8.0,132.0,3.0,752.0,813.0,137.0,856.0,129.0,138.0,,,,,ENG,9,NR,,A*,,L,,,
c3f3d4a8-052,SCH4,2009-Sep-20 00:00:00,SUR2352,FOR4074,MID2166,PSUR4812,FSUR4845,8c34f664-9e5,7cb52289-749,c9e3efff-0,F,2023-Oct-23 00:00:00,2024-Oct-24 00:00:00,1,1e994abf,d56df9e5,False,123.0,8.0,,80d7a4ee,eb42b47b,8.0,133.0,,755.0,758.0,126.0,827.0,132.0,127.0,,,,,GER,4,,,,,,,7,
c512bcce-b3a,SCH7,2011-May-06 00:00:00,SUR7158,FOR4511,MID9822,PSUR5215,FSUR3397,2b7706c5-da0,3709ced8-03a,a0b148c2-c,M,2023-Mar-01 00:00:00,2024-Nov-13 00:00:00,1,eb1df547,189b85da,False,132.0,7.0,2.0,42085984,d657c5ed,7.0,137.0,,864.0,837.0,127.0,800.0,132.0,122.0,,,,6,ENG,12,,1,,,,,6,6
c56456c6-7b2,SCH8,2015-Jul-27 00:00:00,SUR3479,FOR9617,MID1982,PSUR8979,FSUR7783,c3d344d2-cf1,69636ca6-5cd,d2b0727a-a,M,2020-Apr-06 00:00:00,2024-Nov-05 00:00:00,1,63120adb,d506d7f1,,127.0,8.0,3.0,360a4ec0,5ee3ce5c,8.0,130.0,2.0,801.0,807.0,129.0,740.0,138.0,121.0,,,,,ENG,10,3,2,,1,,,,
c5d6c2d6-fa1,SCH2,2008-Mar-25 00:00:00,SUR2477,FOR8649,MID4479,PSUR2043,FSUR3244,3bedfdb1-21a,08430d69-d07,3c4b78b5-0,F,2024-Jan-18 00:00:00,2024-Dec-15 00:00:00,1,321167b7,1df1b2b2,False,136.0,7.0,3.0,083aba59,739b74e1,,126.0,,761.0,746.0,129.0,796.0,132.0,134.0,,3.0,,,ENG,N1,D,,6,,,,,
c6502337-d55,SCH3,2016-Jun-09 00:00:00,SUR4079,FOR4314,MID1485,PSUR6662,FSUR2666,0a767752-8ec,c1eca7ee-f5c,34af062f-d,M,2024-Aug-23 00:00:00,2024-Oct-05 00:00:00,1,04b1f8f1,f1664846,False,125.0,9.0,3.0,d8aaf6f0,073a0015,7.0,124.0,3.0,770.0,733.0,122.0,785.0,134.0,134.0,,,,,GER,5,,,A*,1,,,,
c6502337-d55,SCH2,2016-Jun-09 00:00:00,SUR4079,FOR4314,MID1485,PSUR6662,FSUR2666,0a767752-8ec,c1eca7ee-f5c,34af062f-d,M,2024-Oct-06 00:00:00,2024-Oct-15 00:00:00,2,c20919c5,9ab6af82,True,130.0,,3.0,c2ccca9b,e8f39829,7.0,133.0,3.0,763.0,820.0,127.0,784.0,128.0,130.0,,,,,UKR,2,9,,,1,O,,,
c652ed51-6dd,SCH4,2013-Jun-02 00:00:00,SUR3497,FOR3371,MID9096,PSUR7087,FSUR5222,4946024f-1d7,09bbdb48-4a9,8fc46f73-4,M,2024-Jun-13 00:00:00,2024-Oct-19 00:00:00,1,3ad92a0d,dcf16ce7,True,118.0,7.0,3.0,1e0ac76b,a33f7e5c,8.0,131.0,,778.0,812.0,137.0,772.0,138.0,139.0,,3.0,3.0,,ENG,5,,,,,,,,A*
c7bc64d4-883,SCH6,2014-May-17 00:00:00,SUR2770,FOR1928,MID7318,PSUR4375,FSUR9691,bd40c7a8-f6a,d7c9e226-b0b,545629d7-f,M,2024-Jul-10 00:00:00,2024-Sep-19 00:00:00,1,86173985,6db9eb94,False,133.0,8.0,,f8f04a59,bf7e57cb,8.0,124.0,,772.0,803.0,132.0,799.0,124.0,126.0,3.0,3.0,,,ENG,13,,,,,U,,,
c9baeb7f-3ad,SCH3,2013-May-12 00:00:00,SUR7526,FOR6531,MID5106,PSUR8964,FSUR5404,ec9b6f97-773,d10e5173-6f4,ce06b462-8,F,2021-Oct-06 00:00:00,2024-Nov-27 00:00:00,1,a6f40b60,25c8235f,,135.0,8.0,3.0,df8fa3fb,43488921,,131.0,,801.0,802.0,136.0,784.0,129.0,136.0,3.0,,3.0,,ENG,12,7,,9,,,N,,
ca089524-ebd,SCH8,2012-May-17 00:00:00,SUR2607,FOR7015,MID6545,PSUR4669,FSUR9772,2735554f-e0a,85e78318-edc,f21eff6f-7,F,2024-May-20 00:00:00,2024-Dec-18 00:00:00,1,c5c8c5b7,98f78f4b,True,133.0,8.0,,8d935045,68efb8be,8.0,132.0,,798.0,778.0,129.0,756.0,131.0,134.0,,,,,,2,6,,8,,N,,C,
cbc4ca16-1cc,SCH1,2008-Jan-12 00:00:00,SUR6152,FOR9176,MID7658,PSUR1885,FSUR8265,64bc21a4-938,8051d553-f5e,82b4471f-a,M,2024-Sep-23 00:00:00,2024-Nov-17 00:00:00,1,888abb34,f8b36853,False,125.0,8.0,3.0,552bb720,dc231a5a,8.0,134.0,,778.0,735.0,134.0,726.0,129.0,,,,,,,10,,,C,,L,,,
cbfc90b2-e20,SCH4,2016-May-25 00:00:00,SUR2625,FOR8920,MID7957,PSUR7395,FSUR3420,f4957634-22d,6d03e7bd-0f1,b9513693-2,M,2020-Jan-07 00:00:00,2024-Dec-18 00:00:00,1,b8579fc4,4adf1eee,False,126.0,7.0,3.0,eda7e9ca,55e052b0,9.0,130.0,,768.0,776.0,128.0,746.0,132.0,132.0,,,,,ENG,3,,,,,,,,9
cd14b0d3-622,SCH8,2016-Jul-04 00:00:00,SUR4744,FOR8346,MID5964,PSUR9677,FSUR4658,c01066d2-2ea,745fe717-8c7,40e4dd16-d,M,2020-Dec-19 00:00:00,2024-Sep-07 00:00:00,1,d2363e89,0e0da2f6,False,120.0,8.0,,3487b274,c54b2dab,8.0,138.0,,738.0,814.0,129.0,744.0,127.0,124.0,,,,N,ENG,4,,,,,F,,A*,A*
ce84f7ba-d1a,SCH2,2011-Jan-17 00:00:00,SUR9569,FOR7021,MID8040,PSUR5336,FSUR5460,6553ff50-d9a,599c3715-a59,e59bf62f-6,F,2022-May-12 00:00:00,2024-Nov-01 00:00:00,1,a222f4e6,9d04b7a4,False,132.0,8.0,3.0,0357027d,b5045003,9.0,136.0,3.0,776.0,769.0,136.0,796.0,133.0,126.0,,,,,ENG,M,,,,,,,,
cf444d77-219,SCH2,2015-Jan-21 00:00:00,SUR1437,FOR9748,MID9532,PSUR8389,FSUR9909,44948324-523,516680b5-656,9e272c80-5,M,2018-Oct-06 00:00:00,2024-Nov-12 00:00:00,1,5177cac0,374ce74b,True,126.0,8.0,2.0,e724e470,aa34841a,8.0,146.0,,712.0,767.0,127.0,817.0,125.0,127.0,,,,,CYM,E1,,,,,,,,
cff8d221-0c0,SCH8,2018-Jul-29 00:00:00,SUR7983,FOR6715,MID7016,PSUR3011,FSUR2288,9cbabeed-7ca,45facbf5-d8d,4ce15819-9,M,2024-Jun-18 00:00:00,2024-Oct-15 00:00:00,1,c4b68afb,07392525,False,136.0,8.0,3.0,8e4dcc15,25d6eced,,134.0,,740.0,730.0,130.0,772.0,137.0,131.0,2.0,,,,,11,,,,,,F,,
d10692db-8c9,SCH5,2015-Mar-05 00:00:00,SUR6410,FOR3712,MID8719,PSUR7674,FSUR7697,54df0a40-a07,e364ff04-81f,5cd81efa-3,M,2024-Jun-21 00:00:00,2024-Nov-30 00:00:00,1,ddda28b4,af783e00,False,128.0,9.0,,7cb9b3b1,1637ad4b,9.0,127.0,,766.0,818.0,136.0,789.0,134.0,126.0,,,3.0,,ENG,1,,,,,,,,
d1c3c14a-22b,SCH5,2013-Nov-10 00:00:00,SUR7339,FOR2300,MID8720,PSUR9677,FSUR5734,6573a76e-470,d77d3a90-2cb,e9bda51b-6,F,2021-Jul-02 00:00:00,2024-Nov-07 00:00:00,1,3da8a3f4,e0da374c,True,135.0,8.0,,f29a5d04,c8514e38,8.0,128.0,,845.0,849.0,118.0,753.0,136.0,135.0,,3.0,,,ENG,4,G,,8,,,,,
d1c9565c-c38,SCH4,2013-Apr-08 00:00:00,SUR1300,FOR8677,MID2600,PSUR5739,FSUR6219,95f87960-35f,2725376e-020,983a9bad-8,F,2022-Dec-08 00:00:00,2024-Oct-11 00:00:00,1,16df9b82,e08627fc,True,136.0,9.0,,7e46cd27,bc297f79,8.0,124.0,,744.0,786.0,127.0,786.0,128.0,127.0,3.0,,,,UKR,12,,,,,,L,,
d209bc65-4a5,SCH2,2019-Jul-17 00:00:00,SUR9937,FOR6568,MID2473,PSUR7354,FSUR8771,26d6d8af-abb,9405d8bb-c01,6da4f879-4,M,2022-Jan-02 00:00:00,2024-Sep-23 00:00:00,1,13fc4e19,b33ae2e6,False,136.0,9.0,,d70b5842,614d0585,8.0,135.0,,838.0,770.0,129.0,770.0,130.0,131.0,,3.0,,,,6,,,,2,U,,,
d2e39b41-d9d,SCH7,2016-Dec-19 00:00:00,SUR4461,FOR8660,MID9016,PSUR3088,FSUR6001,7b836205-ff9,c0bfe349-a57,6c9dd1e7-e,F,2024-Aug-19 00:00:00,2024-Nov-26 00:00:00,1,547ed1d7,2f726c40,True,125.0,8.0,,d573997a,6bbb96c8,8.0,131.0,,740.0,810.0,127.0,791.0,128.0,125.0,,,,,CYM,6,,,,,,,,
d5aab466-b29,SCH2,2014-Sep-23 00:00:00,SUR8678,FOR4539,MID7679,PSUR3651,FSUR8261,90310c6b-a80,f856b0de-ad5,21b96699-d,F,2024-May-01 00:00:00,2024-Oct-19 00:00:00,1,3aea49e7,1b5d39e3,False,126.0,7.0,,8da2b91c,ad0e2bac,,,,746.0,737.0,139.0,783.0,133.0,126.0,,2.0,,,ENG,10,,,,,,,5,
d5e593a5-475,SCH4,2012-Sep-11 00:00:00,SUR9025,FOR5295,MID7404,PSUR4127,FSUR7852,24d4f080-ec7,41f6381c-ae6,68aefca7-9,M,2023-May-25 00:00:00,2024-Sep-19 00:00:00,1,246577d2,f225f380,False,130.0,8.0,,39ef8c59,432b42c5,9.0,126.0,,794.0,758.0,126.0,736.0,130.0,138.0,,3.0,3.0,,,1,9,,,,,,,
d7c73cb9-a94,SCH1,2016-Jun-29 00:00:00,SUR8216,FOR6605,MID8773,PSUR8160,FSUR7352,8c2c7f74-0fc,641e9d26-e5e,a1558702-4,M,2022-Jul-04 00:00:00,2024-Dec-02 00:00:00,1,e94cd298,d3dded7e,False,127.0,8.0,3.0,03124683,a18e6ae2,8.0,129.0,,794.0,796.0,129.0,731.0,124.0,122.0,,3.0,,,BNG,N2,,1,,,,,,
d8f3bebc-8c9,SCH8,2009-Jul-16 00:00:00,SUR7624,FOR6973,MID7121,PSUR2539,FSUR2508,1bf7f55f-68c,0a2a0314-65b,3642c3ee-2,F,2024-Jun-06 00:00:00,2024-Dec-18 00:00:00,1,dfdff025,7b0359c8,True,135.0,10.0,2.0,606cffef,c91ea222,7.0,129.0,,730.0,801.0,137.0,771.0,136.0,126.0,,,,,ENG,9,,,,,,,,
d99e047e-c28,SCH5,2008-Oct-14 00:00:00,SUR7065,FOR5536,MID4889,PSUR9124,FSUR8092,4afbf20c-2f5,4b377d3d-30b,08ea3ddb-f,M,2023-Oct-21 00:00:00,2024-Sep-25 00:00:00,1,f178450f,cbf8caa7,False,133.0,8.0,,39114c4f,0555c00f,8.0,134.0,3.0,768.0,774.0,131.0,779.0,121.0,135.0,,,,,ENG,E2,,2,,,,,,
daaa1972-abc,SCH7,2011-Apr-19 00:00:00,SUR2155,FOR3648,MID6454,PSUR2165,FSUR1047,028e4745-86b,8eb08247-37e,b8af3558-f,M,2023-Oct-15 00:00:00,2024-Sep-26 00:00:00,1,b1d6dd5b,8631f92d,True,131.0,7.0,3.0,d7ab88cf,3d72f8dc,8.0,121.0,,766.0,752.0,125.0,791.0,130.0,132.0,,,,,ENG,14,,2,,,,,,
db7d1df4-066,SCH3,2019-Oct-26 00:00:00,SUR2122,FOR6929,MID8740,PSUR3631,FSUR1827,6bbd7725-591,89852fa6-38f,a3f75c10-6,M,2023-Jan-03 00:00:00,2024-Nov-12 00:00:00,1,3aa136fb,b9595433,False,126.0,8.0,,05fbf627,f3c71a04,9.0,131.0,3.0,741.0,762.0,128.0,776.0,129.0,132.0,,,2.0,,ENG,6,,,,,,,,
dcb2e204-424,SCH5,2009-Sep-12 00:00:00,SUR4385,FOR3219,MID2829,PSUR6191,FSUR6593,37f7cebe-005,4c0cb074-f73,87af1010-1,M,2024-Aug-27 00:00:00,2024-Sep-07 00:00:00,1,42014bc1,4db5f103,False,141.0,7.0,,fc0903c7,eb1bdba9,9.0,126.0,3.0,741.0,801.0,140.0,812.0,135.0,133.0,,3.0,2.0,,,5,,,,,,,,
ddbc59f0-e34,SCH5,2014-Sep-30 00:00:00,SUR4935,FOR5646,MID6107,PSUR9444,FSUR9121,b9caed9d-d4d,aae40bf9-b20,f4215a90-7,M,2024-Feb-19 00:00:00,2024-Nov-28 00:00:00,1,c6483d79,79cdcfbc,False,131.0,,,e597a556,f4e4feb0,8.0,141.0,,764.0,,130.0,732.0,128.0,130.0,,,,,ENG,N2,,,,,N,,,
de68af1d-816,SCH2,2010-May-25 00:00:00,SUR6441,FOR2103,MID8543,PSUR7164,FSUR6291,06eb2329-b3f,897c3d9c-b76,eb22507c-f,M,2021-Apr-09 00:00:00,2024-Oct-06 00:00:00,1,3ac585e8,12db46b2,False,126.0,8.0,,b7e9f154,3f1ac63c,8.0,127.0,,811.0,780.0,135.0,765.0,122.0,144.0,,,,,CYM,N1,1,,NR,,O,,,G
de7f089d-3d9,SCH4,2012-Nov-16 00:00:00,SUR9091,FOR8539,MID4851,PSUR9400,FSUR4592,513a8a5d-c11,e39e2132-541,0430b32f-3,M,2024-May-03 00:00:00,2024-Nov-16 00:00:00,1,e508fa40,61810683,,134.0,9.0,,bd8fc639,166e0829,7.0,131.0,4.0,775.0,761.0,127.0,731.0,130.0,125.0,,,3.0,,ENG,10,,,,,,,,6
debdbd8e-f85,SCH7,2013-Jul-15 00:00:00,SUR2871,FOR7032,MID6449,PSUR5004,FSUR6609,822ab9c9-2a4,81108833-733,5a66679b-2,M,2024-Feb-17 00:00:00,2024-Oct-17 00:00:00,1,6f15a776,81233eed,False,131.0,7.0,,7c817f7f,4cd58ff9,,126.0,3.0,734.0,,128.0,752.0,121.0,126.0,,,,,,N1,4,,,,,,,
df5aadb3-029,SCH5,2009-Apr-24 00:00:00,SUR9356,FOR8839,MID5958,PSUR7459,FSUR7595,0cc61e1e-dea,11561382-e93,2bb26c55-7,M,2022-Dec-29 00:00:00,2024-Nov-09 00:00:00,1,592a9f88,a12396ca,False,133.0,7.0,,1d6198bd,0c29f5ce,9.0,131.0,,725.0,806.0,125.0,801.0,135.0,120.0,,,,,GAL,6,B,,,,,O,,
e11a3109-d97,SCH7,2018-Jul-05 00:00:00,SUR5486,FOR4217,MID2981,PSUR2808,FSUR4680,c6c10dad-8bb,23dd6308-8f1,8d80de61-0,F,2022-Jul-29 00:00:00,2024-Dec-12 00:00:00,1,979bcb03,18fe5df4,False,128.0,8.0,,d9b23611,6e5faa62,8.0,132.0,,792.0,777.0,129.0,767.0,129.0,124.0,3.0,,3.0,,ENG,10,,,E,2,L,L,,
e1588eef-12c,SCH6,2010-Oct-03 00:00:00,SUR3548,FOR9535,MID1599,PSUR7676,FSUR3002,ca886f45-2be,be8ae1ab-fdd,22e1e133-1,M,2024-Aug-04 00:00:00,2024-Oct-21 00:00:00,1,ec4dfb6f,ce1a3f7c,True,125.0,8.0,,1c19a337,612faffe,9.0,127.0,,806.0,730.0,124.0,772.0,135.0,137.0,,3.0,,,ENG,M,,,G,,,,U,
e16985e0-10e,SCH7,2013-Nov-21 00:00:00,SUR8513,FOR4795,MID1815,PSUR3194,FSUR4454,ae103de5-75f,8fa48c18-ddd,7292fab7-8,F,2021-Sep-28 00:00:00,2024-Dec-11 00:00:00,1,dc56ced1,cf595ebc,False,129.0,8.0,3.0,424e23ad,13ef8209,8.0,125.0,,797.0,770.0,133.0,717.0,137.0,135.0,2.0,,3.0,B,TRI,4,,,,,,,,
e18133c8-662,SCH7,2017-Sep-24 00:00:00,SUR7851,FOR7851,MID2736,PSUR4828,FSUR6614,239e6c5a-dfc,42c24eb7-0e1,01a7cdba-5,F,2020-Dec-27 00:00:00,2024-Oct-01 00:00:00,1,592347ea,d62706b2,False,121.0,8.0,,b2cecc90,57654ae3,9.0,124.0,,762.0,763.0,132.0,793.0,126.0,120.0,2.0,3.0,,,ENG,12,,2,,3,,,,
e23d53eb-25e,SCH5,2015-Jul-20 00:00:00,SUR8344,FOR4190,MID2676,PSUR8431,FSUR3125,111fab82-7c3,66956801-169,6f4754b3-3,F,2020-Oct-27 00:00:00,2024-Nov-21 00:00:00,1,da604e35,a33fca05,True,125.0,8.0,,57194a45,753c4b8e,9.0,125.0,,797.0,753.0,132.0,735.0,139.0,128.0,3.0,2.0,3.0,,ENG,1,,2,,,L,,,
e394aa20-7fa,SCH2,2009-Aug-22 00:00:00,SUR5247,FOR7406,MID1698,PSUR4897,FSUR7054,fab69057-b3a,4c23f9ab-442,66e0d7b2-8,F,2024-Oct-02 00:00:00,2024-Oct-07 00:00:00,1,dd115e23,bd906cf0,False,129.0,,3.0,6224153e,56c358b4,8.0,129.0,,753.0,792.0,131.0,792.0,139.0,131.0,,,,,ENG,E2,9,,,,,,,
e59493cd-405,SCH1,2010-Jul-10 00:00:00,SUR4084,FOR3861,MID9082,PSUR5110,FSUR5190,232b7b12-16e,ba34e916-8ab,9c8055e5-b,M,2024-Jan-12 00:00:00,2024-Oct-11 00:00:00,1,fb3f400e,6297819c,False,128.0,8.0,,45467234,96887488,,133.0,3.0,757.0,773.0,130.0,771.0,130.0,137.0,,,,,ENG,E2,,,,1,U,,,C
e74d11bd-55f,SCH6,2018-Sep-22 00:00:00,SUR5757,FOR3105,MID8321,PSUR3014,FSUR5044,a4e54466-a05,917fa135-c08,892fbc6c-4,F,2019-Jul-26 00:00:00,2024-Sep-19 00:00:00,1,6fb3c8f1,549b6698,False,131.0,7.0,,31cc3f35,8f4b4817,7.0,127.0,,826.0,776.0,133.0,772.0,138.0,129.0,,,,,PNJA,14,,,,,,,,
e7a5dc39-25c,SCH3,2013-Aug-24 00:00:00,SUR2487,FOR7842,MID6985,PSUR5913,FSUR1306,fe72739b-0fe,291c047c-58b,9b17c99f-5,F,2020-Sep-18 00:00:00,2024-Nov-23 00:00:00,1,89add414,ae7f6434,False,135.0,8.0,,14609881,eeb05741,7.0,122.0,2.0,735.0,753.0,133.0,743.0,127.0,126.0,,,,,ENG,R,,,,,,,8,
e7c05dcd-4df,SCH5,2009-Oct-02 00:00:00,SUR7178,FOR4577,MID2999,PSUR7466,FSUR9354,68b47890-c64,fae808f1-29e,5556670b-d,M,2019-May-05 00:00:00,2024-Oct-14 00:00:00,1,01804967,a30e632d,False,135.0,8.0,3.0,1f82133e,01166302,7.0,130.0,,780.0,749.0,129.0,795.0,122.0,138.0,,,,N,,3,,,,,,,G,B
e7ceafca-4bf,SCH6,2014-Nov-22 00:00:00,SUR7826,FOR4109,MID1695,PSUR2769,FSUR7906,2b4c27fc-950,1a7c7a64-b4f,a7984493-c,M,2022-Oct-25 00:00:00,2024-Nov-26 00:00:00,1,def4469d,f505f56f,,127.0,9.0,,f828be44,804df077,8.0,125.0,3.0,792.0,749.0,124.0,796.0,136.0,129.0,,,,6,ENG,X,,3,,1,,,1,
e7f25645-f6b,SCH7,2009-Jul-05 00:00:00,SUR8731,FOR2090,MID2410,PSUR3027,FSUR9460,8e0f907a-d1d,de45f487-a39,bd2a8b7c-7,F,2020-Sep-07 00:00:00,2024-Nov-03 00:00:00,1,1c7e080a,450546a5,,122.0,8.0,,830fe20d,d72d5248,8.0,122.0,3.0,739.0,854.0,130.0,752.0,126.0,133.0,,,,,ENG,E1,,,,,,,5,NR
e8933d55-008,SCH8,2013-Sep-15 00:00:00,SUR8189,FOR7450,MID2315,PSUR6930,FSUR6937,52877e96-b74,9b7f6837-344,e538dc3e-b,F,2024-Jun-06 00:00:00,2024-Oct-23 00:00:00,1,a68fefc7,05979071,False,132.0,9.0,,f159c56d,3a31b8ba,8.0,131.0,,789.0,746.0,123.0,739.0,128.0,132.0,,2.0,,,ENG,7,3,,,,,,9,
e8ec5b80-016,SCH6,2009-Jul-16 00:00:00,SUR9751,FOR4982,MID6522,PSUR2106,FSUR9800,029ac92d-7d3,00ab0b23-fed,3c1a43d1-d,M,2024-Jul-26 00:00:00,2024-Sep-21 00:00:00,1,bc42395e,da45ad35,True,134.0,7.0,,c21571f4,db0948ec,8.0,130.0,,794.0,820.0,133.0,781.0,125.0,133.0,,,2.0,B,CYM,R,,,,,,,,
e92cde0a-bc2,SCH8,2012-May-03 00:00:00,SUR6909,FOR4502,MID1745,PSUR1463,FSUR7558,403560c2-94c,f171f90a-dca,1784f3ba-6,M,2023-Sep-18 00:00:00,2024-Oct-06 00:00:00,1,6e01b38b,8a42faf8,True,128.0,8.0,3.0,3888e439,c489e1ee,,124.0,,802.0,784.0,127.0,757.0,128.0,135.0,,,,,ENG,E2,,,,,,,,
e9bde712-19a,SCH8,2016-Apr-09 00:00:00,SUR9296,FOR3047,MID7730,PSUR2272,FSUR1565,b1da0b8d-e29,d38e4f08-0d9,4505bc0f-b,M,2023-Jan-20 00:00:00,2024-Oct-15 00:00:00,1,afce471a,98292e67,False,130.0,9.0,,c007b6b9,e63d3f4a,,129.0,,765.0,778.0,133.0,785.0,124.0,130.0,,,3.0,N,,13,,,,,O,,,
ece65289-c87,SCH5,2015-Nov-08 00:00:00,SUR1655,FOR4787,MID2724,PSUR1659,FSUR1276,b8bfe297-25c,e0b55ff4-24c,69966add-a,F,2024-Jun-29 00:00:00,2024-Oct-10 00:00:00,1,62a38a10,c6d69596,False,129.0,9.0,,a00b056d,d15b29e6,,132.0,,770.0,830.0,136.0,792.0,139.0,137.0,3.0,,,,ENG,4,,,,,N,,,U
ecf9dd69-8db,SCH5,2019-Oct-19 00:00:00,SUR3577,FOR6320,MID5107,PSUR1222,FSUR6246,3b2229ad-3a7,383d88cd-d30,4733afe5-f,F,2019-Aug-10 00:00:00,2024-Sep-27 00:00:00,1,83b6df9f,f43f3f10,True,126.0,,2.0,ff18b892,a5017e4e,8.0,130.0,,728.0,792.0,123.0,781.0,130.0,126.0,3.0,,,,UKR,3,,,,,,U,,2
ed020016-d3f,SCH5,2008-Nov-20 00:00:00,SUR6829,FOR2058,MID3353,PSUR5840,FSUR9837,415ea2c9-d42,5b7f7478-f2a,503b24e0-6,M,2018-Dec-05 00:00:00,2024-Nov-25 00:00:00,1,3654e72d,ee362244,False,131.0,8.0,,6af87a5b,0f07686c,8.0,130.0,,778.0,803.0,127.0,780.0,137.0,141.0,,,,,ENG,3,,,,,,,,
ed28155d-b09,SCH7,2017-Oct-18 00:00:00,SUR6104,FOR9617,MID2157,PSUR6911,FSUR6622,ebf31e1c-099,91cb616b-2b7,90ab67fb-9,F,2024-Mar-08 00:00:00,2024-Oct-20 00:00:00,1,4aa450ca,5d8a845d,False,128.0,9.0,,1d290d8a,406e8485,8.0,138.0,3.0,742.0,724.0,129.0,779.0,132.0,127.0,,,,,ENG,5,,,,,U,,,
ed69ec26-b2b,SCH6,2019-Feb-14 00:00:00,SUR6811,FOR6221,MID7757,PSUR3321,FSUR1988,a9e75d96-42f,90b1f11c-f94,34a69398-2,F,2024-Feb-22 00:00:00,2024-Dec-02 00:00:00,1,d41fe2cf,9a3cbf5d,False,128.0,8.0,,5a3a151f,1830e663,8.0,130.0,,767.0,751.0,132.0,795.0,134.0,124.0,,,,,ENG,N2,,,,1,,,,
eebeeb32-b77,SCH1,2014-May-19 00:00:00,SUR3205,FOR2413,MID9498,PSUR9425,FSUR8137,93333b6e-b64,233cffd0-4a4,6afcc6da-b,M,2023-Aug-06 00:00:00,2024-Oct-21 00:00:00,1,2e40603c,bfb05331,True,133.0,8.0,,c077cc4b,418086be,9.0,130.0,,734.0,796.0,129.0,803.0,136.0,136.0,,,,,ENG,2,,,,1,,,,
ef575e33-13f,SCH4,2013-Apr-14 00:00:00,SUR1614,FOR2526,MID8547,PSUR7278,FSUR7622,fd4c0211-e4e,a444bf5c-98f,3ffd2052-d,F,2024-Jun-08 00:00:00,2024-Oct-25 00:00:00,1,ad377f41,f2acfb7e,True,131.0,8.0,,8522d65d,41be63be,,136.0,,758.0,834.0,129.0,795.0,129.0,121.0,,,,,ENG,11,,,,3,,,,6
efb16443-0e0,SCH2,2019-Nov-02 00:00:00,SUR3911,FOR8981,MID1902,PSUR3001,FSUR1192,9e99c376-29b,4e0dc4de-9bb,76b81331-7,M,2024-Mar-03 00:00:00,2024-Sep-05 00:00:00,1,717578a1,34f9a3c3,,129.0,8.0,,34384fd5,afcec4cb,8.0,138.0,,753.0,785.0,127.0,722.0,133.0,131.0,3.0,3.0,3.0,N,ENG,6,,,,1,,,,9
f01aeef5-4fd,SCH5,2017-Jun-21 00:00:00,SUR2940,FOR1690,MID3757,PSUR2262,FSUR2205,f03ef9cf-e34,a73636ef-0a3,aacc1a40-4,F,2022-Jan-10 00:00:00,2024-Nov-07 00:00:00,1,c18745b0,b0c8b384,False,137.0,8.0,,c9234b40,5bfdc51b,,136.0,,808.0,753.0,131.0,778.0,133.0,128.0,,,,,ENG,11,,,F,,,,6,
f1963879-559,SCH2,2020-Mar-14 00:00:00,SUR6728,FOR6548,MID4246,PSUR9926,FSUR2766,9c41aee1-e9e,306130d6-842,054e9c50-b,F,2024-Oct-21 00:00:00,2024-Nov-28 00:00:00,1,467ab2fb,bf9968ea,True,129.0,8.0,,d515ef83,20aef5cf,9.0,124.0,,795.0,770.0,130.0,802.0,133.0,131.0,3.0,,,,ENG,11,,,,,,,,A
f1fbc3db-714,SCH3,2012-Sep-18 00:00:00,SUR4294,FOR6080,MID1828,PSUR8160,FSUR3310,7098b290-73b,7d8e614f-08c,bee4db1e-4,F,2022-Jun-21 00:00:00,2024-Nov-04 00:00:00,1,2cc18388,4c00224e,,120.0,9.0,3.0,d2c5a7fa,bffc147a,9.0,,3.0,829.0,747.0,130.0,714.0,133.0,131.0,,3.0,,,ENG,M,6,,A,,,,,
f3bea166-588,SCH5,2014-Jan-14 00:00:00,SUR2546,FOR7837,MID3585,PSUR6137,FSUR2208,d3cd8595-943,9138e08e-ab4,459363b6-7,M,2024-Jul-05 00:00:00,2024-Sep-18 00:00:00,1,89335cec,93b72869,,131.0,8.0,,dbe0fb62,bbd6df68,8.0,132.0,,770.0,778.0,134.0,794.0,134.0,132.0,,,3.0,,,9,,,B,,O,,,
f757d6a0-ef6,SCH5,2019-Jul-16 00:00:00,SUR9906,FOR5805,MID4514,PSUR3262,FSUR6326,89ef397b-312,09931673-600,210ae1cd-d,M,2020-Oct-28 00:00:00,2024-Sep-25 00:00:00,1,36e5aef6,c61aafad,False,130.0,8.0,,a7717f29,bfb34aba,8.0,136.0,,809.0,764.0,129.0,775.0,137.0,136.0,,,3.0,,ENG,12,,,,1,N,,3,
f7efd8be-7b3,SCH5,2018-Jun-03 00:00:00,SUR4485,FOR6382,MID1017,PSUR8973,FSUR8072,b535e52f-f7c,c60efc74-fec,d510c898-c,M,2024-Oct-27 00:00:00,2024-Dec-12 00:00:00,1,2bb191f1,d3723649,False,121.0,8.0,,0715da08,feccad13,7.0,132.0,2.0,761.0,797.0,134.0,713.0,128.0,137.0,4.0,,,,ENG,5,,,,,,U,,
f7f6a248-901,SCH7,2013-Sep-04 00:00:00,SUR9386,FOR7026,MID4709,PSUR1450,FSUR2532,daf7e27d-2ac,0260913b-312,a021da47-a,M,2022-Nov-24 00:00:00,2024-Dec-13 00:00:00,1,01e78881,8f46c33f,False,136.0,8.0,,8861d4e3,56ca31eb,7.0,127.0,,,790.0,127.0,821.0,122.0,126.0,,3.0,,,CYM,5,A,2,,,,,,
f88849ec-60a,SCH7,2013-Oct-20 00:00:00,SUR9027,FOR3616,MID6622,PSUR9035,FSUR6005,128afadb-701,bf2db6a6-458,1bcf5975-d,M,2021-Mar-26 00:00:00,2024-Oct-28 00:00:00,1,caf36b6e,6d78739f,False,138.0,8.0,,70ee4e95,559c6215,7.0,126.0,,797.0,772.0,124.0,778.0,128.0,134.0,,,3.0,,CYM,1,,,,,U,,,
f8b5f0ca-226,SCH4,2017-Sep-23 00:00:00,SUR3463,FOR6697,MID4511,PSUR3903,FSUR7640,4bc7ec9d-bff,73ea810a-f7e,293bbde2-0,M,2024-Aug-14 00:00:00,2024-Oct-01 00:00:00,1,4cce0467,462e77cd,False,130.0,8.0,,86af37fa,640b0b79,8.0,136.0,4.0,743.0,763.0,127.0,779.0,123.0,124.0,3.0,,,,ENG,M,,,,,O,L,,
f8b6e3eb-be1,SCH5,2016-Jan-14 00:00:00,SUR4880,FOR6156,MID3243,PSUR5571,FSUR8917,b4770109-5df,21d952e0-3ed,1d901ab4-6,M,2022-Jun-06 00:00:00,2024-Oct-06 00:00:00,1,cd03fa1e,2c4df813,False,130.0,8.0,,1a535ab4,23ad22f3,8.0,123.0,,799.0,776.0,139.0,,124.0,125.0,,,,,ENG,X,,,,,,,,
fb37209b-0f4,SCH5,2018-Jan-10 00:00:00,SUR6214,FOR3293,MID6518,PSUR2097,FSUR5484,8f1a08e6-49e,77b0fb70-e81,3a98caa1-1,M,2022-Feb-27 00:00:00,2024-Sep-25 00:00:00,1,a9d1c5aa,feb89950,False,128.0,9.0,,c66d7ae6,d37232a5,8.0,126.0,,778.0,772.0,130.0,783.0,127.0,133.0,,,,,PNJA,M,9,1,,,,,,
fdbda661-0a5,SCH8,2016-Jun-08 00:00:00,SUR3187,FOR3737,MID4532,PSUR4721,FSUR1711,35d35f52-49d,b4d0ccbb-39e,eda8f9e9-f,F,2024-Apr-12 00:00:00,2024-Dec-19 00:00:00,1,42ba3cae,18db1a3e,False,123.0,8.0,,3b7719d1,a159210e,8.0,121.0,,783.0,799.0,138.0,841.0,138.0,125.0,,,,,,E1,,,,,,O,,
ff7e8742-36a,SCH1,2012-Nov-03 00:00:00,SUR8536,FOR4204,MID3403,PSUR4967,FSUR7694,a29f0f3c-01b,dbf77715-fae,e5f3a90d-0,M,2019-Dec-17 00:00:00,2024-Nov-09 00:00:00,1,028b2fb3,00b60884,False,137.0,7.0,,7ecc8213,780b919d,8.0,126.0,,734.0,776.0,138.0,780.0,124.0,129.0,,,,,CYM,12,,2,,,N,,,
ff8fe436-66a,SCH3,2008-Aug-31 00:00:00,SUR4097,FOR7728,MID2517,PSUR9600,FSUR2797,77531433-826,f50c8aa8-b52,c3f33d29-5,F,2024-Feb-09 00:00:00,2024-Sep-28 00:00:00,1,6dff1794,a6f4d254,False,129.0,8.0,3.0,1c3db3a9,39a7e4e0,8.0,139.0,,784.0,801.0,130.0,768.0,129.0,127.0,3.0,4.0,,,ENG,9,8,,,,,,,C
