pupilnolongeronrolltableid,NativeId,addressesoffrolltableid,addressesoffrollorderseqcolumn,sourceid,uniquepropertyreferencenumber,postcode
01080e0c-45b,SCH5,a01f60ad,1,8140d532,1.0,Y0 2RV
01080e0c-45b,SCH5,7138ddf1,2,8140d532,-1.0,YF6 5PX
01080e0c-45b,SCH5,3203379c,3,8140d532,-1.0,B0 8HO
01080e0c-45b,SCH5,28bc719d,4,8140d532,1.0,Z8E 2EU
01080e0c-45b,SCH5,2481f877,5,8140d532,-1.0,P6 0JV
01dfc5f8-834,SCH2,c1bb7239,6,bbb88aae,0.0,PA0 7XS
01dfc5f8-834,SCH2,40979ecb,7,bbb88aae,1.0,PQ8E 5DU
01dfc5f8-834,SCH2,bba8c3ae,8,bbb88aae,0.0,J8 0SG
01dfc5f8-834,SCH2,23f24a66,9,bbb88aae,1.0,DQ2 4XB
01dfc5f8-834,SCH2,f42cabc9,10,bbb88aae,-0.0,S8R 1LC
01dfc5f8-834,SCH2,16ca4d76,11,bbb88aae,-0.0,GW3 1FG
01dfc5f8-834,SCH2,fc098930,12,bbb88aae,1.0,HN1B 3HS
0328b124-b96,SCH8,772ed92b,13,37cce5c6,-0.0,P6Z 5XN
0328b124-b96,SCH8,42004a0d,14,37cce5c6,-0.0,ON0 6YJ
0328b124-b96,SCH8,1fa844b4,15,37cce5c6,-0.0,VA4F 0TE
0328b124-b96,SCH8,d9423420,16,37cce5c6,-1.0,QI3 6TE
036af847-83a,SCH8,26e26f76,17,71a1a214,-0.0,UI4 9ZQ
036af847-83a,SCH8,ca35946f,18,71a1a214,-0.0,P9M 4EO
036af847-83a,SCH8,e6120118,19,71a1a214,1.0,HE7 9CR
036af847-83a,SCH8,73902fff,20,71a1a214,1.0,JZ6 7GL
0692560f-4c8,SCH6,d82af19b,21,29d9d02b,2.0,E9R 8ZG
0692560f-4c8,SCH6,fb683e34,22,29d9d02b,-1.0,VL3O 8XL
0692560f-4c8,SCH6,d446712b,23,29d9d02b,-2.0,O7U 7TE
06d15343-253,SCH2,ff86ea54,24,cb1df8d8,-1.0,G2 3IQ
06d15343-253,SCH2,7af5d33b,25,cb1df8d8,-1.0,CC8V 2VM
06d15343-253,SCH2,5cde80b3,26,cb1df8d8,-1.0,A6Z 0JS
06d15343-253,SCH2,7a6fdc4f,27,cb1df8d8,1.0,VL0A 2WD
06d15343-253,SCH2,d66da9dd,28,cb1df8d8,1.0,ZI2 7VI
074ac27e-041,SCH3,cfa313d9,29,6a9c6bac,-2.0,LW4 7RR
074ac27e-041,SCH3,10d1d40f,30,6a9c6bac,0.0,AW0 0BN
07988c39-7b6,SCH6,1a306da3,31,15087d4c,1.0,GV9 1VY
07988c39-7b6,SCH6,8fc70c4e,32,15087d4c,-2.0,XY4 3SH
07988c39-7b6,SCH6,da28f427,33,15087d4c,2.0,GO9K 6LB
07988c39-7b6,SCH6,bed85558,34,15087d4c,0.0,HS4 7DV
07988c39-7b6,SCH6,84f6b3a5,35,15087d4c,1.0,G4W 3UE
07988c39-7b6,SCH6,a69b0099,36,15087d4c,1.0,H9N 5XK
07988c39-7b6,SCH6,b2dfb76c,37,15087d4c,-0.0,C8 0BS
0903e6de-706,SCH5,35b720c4,38,f53547ae,1.0,XI7 3FK
0903e6de-706,SCH5,aa6b840b,39,f53547ae,-2.0,LP0N 3EJ
096a33fd-3c4,SCH6,d5096ee8,40,4f873fb9,-0.0,O9 5IO
096a33fd-3c4,SCH6,4771f061,41,4f873fb9,-2.0,AK3W 4QY
096a33fd-3c4,SCH6,7576bf7c,42,4f873fb9,-2.0,MG5 8GZ
096a33fd-3c4,SCH6,0fab0b38,43,4f873fb9,2.0,C9J 5OI
096a33fd-3c4,SCH6,5e7464da,44,4f873fb9,-1.0,E6 5HA
096a33fd-3c4,SCH6,4725797b,45,4f873fb9,0.0,ES1Q 0DE
096a33fd-3c4,SCH6,3567bc64,46,4f873fb9,-0.0,B4L 8YV
0a3d35fa-4a0,SCH5,0ba2ef2f,47,a2065eca,-0.0,A0B 8MN
0a3d35fa-4a0,SCH5,0d1e85d8,48,a2065eca,-2.0,NG6G 8EQ
0a3d35fa-4a0,SCH5,8496b806,49,a2065eca,-0.0,YZ4 5ID
0a3d35fa-4a0,SCH5,a6e753a2,50,a2065eca,1.0,K1M 6TN
0a3d35fa-4a0,SCH5,5bdb95b9,51,a2065eca,0.0,E3Q 8PZ
0a3d35fa-4a0,SCH5,0ea4288d,52,a2065eca,0.0,S4 0QF
0a3d35fa-4a0,SCH5,405e5637,53,a2065eca,1.0,NW2 0LD
0b680153-77d,SCH6,bdff090c,54,1d3246f9,2.0,KX3L 2OO
0b680153-77d,SCH6,331b45a3,55,1d3246f9,-1.0,N5M 2ZU
0b680153-77d,SCH6,263c5107,56,1d3246f9,-0.0,T7H 5RX
0b680153-77d,SCH6,c61085d7,57,1d3246f9,1.0,C3 2KU
0be50e5b-a48,SCH8,4146e62c,58,71a4a4dd,0.0,E1 6UH
0be50e5b-a48,SCH8,f4684f53,59,71a4a4dd,2.0,RX5G 3NC
0d6cae32-9fa,SCH6,a66e4104,60,27388f26,-1.0,S7J 6SP
0d6cae32-9fa,SCH6,026b9a13,61,27388f26,0.0,H3 6PI
0d6cae32-9fa,SCH6,37ddef03,62,27388f26,-0.0,OK9Q 2DK
0d6cae32-9fa,SCH6,49382be5,63,27388f26,-1.0,Y7E 4VE
0d6cae32-9fa,SCH6,24814cfe,64,27388f26,0.0,H7Z 1HM
0e6c3ea7-acc,SCH7,f8c0da4e,65,56ff8eea,0.0,M7 3OR
0e6c3ea7-acc,SCH7,929e43a2,66,56ff8eea,-1.0,U8U 2DD
0e6c3ea7-acc,SCH7,b922d8c1,67,56ff8eea,0.0,L2T 2JF
0f61728c-0fd,SCH4,26c89a05,68,55dfc58d,1.0,FA9S 5TA
0f61728c-0fd,SCH4,b3cfbaf5,69,55dfc58d,-1.0,FI4 8MG
0f61728c-0fd,SCH4,41ff0ad9,70,55dfc58d,0.0,L9L 2JO
0f61728c-0fd,SCH4,3701e499,71,55dfc58d,1.0,JY9X 8UU
0f61728c-0fd,SCH4,fe793dc6,72,55dfc58d,0.0,GW8N 9HM
0f61728c-0fd,SCH4,fa529123,73,55dfc58d,-1.0,BU5Q 8WP
0f61728c-0fd,SCH4,51e7374c,74,55dfc58d,0.0,P1 5CQ
0f61728c-0fd,SCH4,cb94af7a,75,55dfc58d,1.0,FK7 3PI
0f61728c-0fd,SCH4,26275483,76,55dfc58d,-1.0,MZ1 7WH
0f665c65-dc2,SCH8,d2eb7441,77,11e52f82,1.0,U2 0IV
0f665c65-dc2,SCH8,e15e0f47,78,11e52f82,-2.0,NP3 3RZ
0f665c65-dc2,SCH8,2c6baa36,79,11e52f82,-0.0,R0 4WP
0f665c65-dc2,SCH8,87d274c7,80,11e52f82,-1.0,VW8 6UR
0f665c65-dc2,SCH8,44e647c4,81,11e52f82,1.0,U6 6KK
0f665c65-dc2,SCH8,a92d3745,82,11e52f82,0.0,H4P 1PP
0f665c65-dc2,SCH8,89fab7ff,83,11e52f82,-0.0,G8 0XT
0f665c65-dc2,SCH8,57efc074,84,11e52f82,1.0,J5T 2UT
1071e2d9-c65,SCH5,7b3076c7,85,ebf3c7cc,-0.0,X0S 6TC
1071e2d9-c65,SCH5,547db4e2,86,ebf3c7cc,0.0,GW2D 0QX
1071e2d9-c65,SCH5,080b8e19,87,ebf3c7cc,2.0,XK1 4TH
1071e2d9-c65,SCH5,a41fffbd,88,ebf3c7cc,2.0,C0M 0ZC
1071e2d9-c65,SCH5,3dac700e,89,ebf3c7cc,-0.0,B6 7CU
1071e2d9-c65,SCH5,e0696f98,90,ebf3c7cc,1.0,U6P 5HE
112d828e-d30,SCH3,8560a923,91,528d3c70,-1.0,CI4 3XO
112d828e-d30,SCH3,6468fce2,92,528d3c70,-1.0,M2 5IT
112d828e-d30,SCH3,f7a07723,93,528d3c70,1.0,R7F 0NO
112d828e-d30,SCH3,1568b7da,94,528d3c70,-0.0,FB7 9ZA
112d828e-d30,SCH3,58a9ce83,95,528d3c70,-1.0,AP9 1FM
112d828e-d30,SCH3,740ec4de,96,528d3c70,-0.0,ZX4A 2VW
112d828e-d30,SCH3,959ec52e,97,528d3c70,-1.0,Q0 2EA
112d828e-d30,SCH3,00a926fa,98,528d3c70,-1.0,MG7 0OS
112d828e-d30,SCH3,e5620859,99,528d3c70,2.0,L3 4PO
112d828e-d30,SCH3,f8537e69,100,528d3c70,0.0,Y8L 7VU
11c1db33-719,SCH3,28c8595f,101,414ec460,0.0,V2V 5QH
11c1db33-719,SCH3,82dbb710,102,414ec460,0.0,F2E 4SE
11c1db33-719,SCH3,ab743d7f,103,414ec460,-0.0,S6 0TZ
11c1db33-719,SCH3,f00453b5,104,414ec460,-1.0,FJ2D 0DG
11c1db33-719,SCH3,23c5edfc,105,414ec460,0.0,D5 2NG
11c1db33-719,SCH3,7f3e1584,106,414ec460,0.0,MC7C 1MS
11c1db33-719,SCH3,b37481f1,107,414ec460,-1.0,P0 8RQ
12006ab5-3c9,SCH4,ae4099b7,108,4987af6d,0.0,NH8 9YR
12006ab5-3c9,SCH4,bdab7d00,109,4987af6d,1.0,B9 6ES
12006ab5-3c9,SCH4,2787b753,110,4987af6d,1.0,W9U 9UE
12006ab5-3c9,SCH4,e609125b,111,4987af6d,-0.0,JY4 7YG
12006ab5-3c9,SCH4,5355c071,112,4987af6d,-1.0,S7P 2WA
12006ab5-3c9,SCH4,ae1a96fa,113,4987af6d,-2.0,R0 2NW
12006ab5-3c9,SCH4,5500c73b,114,4987af6d,-1.0,ZA5S 2SA
12975d34-d08,SCH1,33c1ae26,115,fe0b491f,-1.0,OZ7 0DA
12975d34-d08,SCH1,f2e398bf,116,fe0b491f,-2.0,FS5 8MG
12975d34-d08,SCH1,f18cfd6f,117,fe0b491f,-0.0,BX0R 1OL
12975d34-d08,SCH1,83c0c310,118,fe0b491f,3.0,R8 8TA
12975d34-d08,SCH1,d1706786,119,fe0b491f,-1.0,I2 6UE
12975d34-d08,SCH1,eaeb7dd3,120,fe0b491f,-1.0,Z6 2KR
12975d34-d08,SCH1,dc9e2a6f,121,fe0b491f,0.0,M6 3PD
1443ef7d-d85,SCH6,00ace7b8,122,adc300b0,-1.0,W0 7KS
1443ef7d-d85,SCH6,f87dce0b,123,adc300b0,0.0,HA5Z 8OL
1443ef7d-d85,SCH6,03e6a9cc,124,adc300b0,1.0,B4 3SR
14784faa-02d,SCH4,fc4bceb8,125,8a60780b,1.0,E3 7FS
14784faa-02d,SCH4,dd19f9e0,126,8a60780b,-0.0,HC7 0FJ
14784faa-02d,SCH4,cd0b7d69,127,8a60780b,1.0,D3 6NC
14784faa-02d,SCH4,6f53e15f,128,8a60780b,-0.0,XX9 6RR
15599ab9-8db,SCH3,e20f3925,129,8d9e89fa,-1.0,C2I 2WS
15599ab9-8db,SCH3,cf0223a8,130,8d9e89fa,-0.0,I4 0DT
15599ab9-8db,SCH3,10e21346,131,8d9e89fa,0.0,SI1 7NP
15599ab9-8db,SCH3,541d4ccf,132,8d9e89fa,0.0,K8T 2QM
15599ab9-8db,SCH3,4be0f241,133,8d9e89fa,0.0,XC3G 9HN
1562cc94-53b,SCH5,e88aaa50,134,436110e1,1.0,G0 8SF
1562cc94-53b,SCH5,d63f52dc,135,436110e1,-1.0,L6 8CU
1562cc94-53b,SCH5,c6d9ee7f,136,436110e1,0.0,T8 9RP
1562cc94-53b,SCH5,307da354,137,436110e1,-1.0,XX7S 1MR
1562cc94-53b,SCH5,daf0ab9c,138,436110e1,-0.0,SK4B 2YG
1562cc94-53b,SCH5,2a099ad7,139,436110e1,-2.0,DV7 6PL
1562cc94-53b,SCH5,a2e731d0,140,436110e1,-1.0,B0 9JX
1562cc94-53b,SCH5,491d60fb,141,436110e1,1.0,P8 4NQ
1562cc94-53b,SCH3,36728132,142,ae5952e4,-1.0,TX6T 9KG
1562cc94-53b,SCH3,943b4732,143,ae5952e4,-0.0,CX4N 4KO
1562cc94-53b,SCH3,66dc52a0,144,ae5952e4,-0.0,MK2F 1CQ
1562cc94-53b,SCH3,6bed9172,145,ae5952e4,-0.0,WM6O 3FE
1562cc94-53b,SCH3,5229b81d,146,ae5952e4,-1.0,IG0K 0ZU
163ef103-bdf,SCH3,196cb9eb,147,ddf91af6,1.0,JO6 4FH
163ef103-bdf,SCH3,16e21549,148,ddf91af6,-0.0,AO9N 3KT
163ef103-bdf,SCH3,f22a8bb3,149,ddf91af6,1.0,M3 2JC
163ef103-bdf,SCH3,d9e74b48,150,ddf91af6,-1.0,YC7Z 7BL
163ef103-bdf,SCH3,74bd23ae,151,ddf91af6,1.0,YO6 5KM
163ef103-bdf,SCH3,6cef2f2c,152,ddf91af6,-0.0,Y6D 7ZL
1654402c-bea,SCH8,0d71e759,153,830e1666,2.0,V5F 7JS
1654402c-bea,SCH8,342aeade,154,830e1666,-0.0,S7A 5VC
1654402c-bea,SCH8,06856f94,155,830e1666,-2.0,G6P 7IS
1654402c-bea,SCH8,28ee0bde,156,830e1666,0.0,VG7N 1VU
1654402c-bea,SCH8,b5b00bad,157,830e1666,-0.0,S5 7GE
1654402c-bea,SCH8,51ae072a,158,830e1666,2.0,Q0A 9DK
1654402c-bea,SCH8,f5fdc3db,159,830e1666,1.0,A1 3DS
1654402c-bea,SCH8,1847d504,160,830e1666,-0.0,FT7I 3IU
1654402c-bea,SCH8,09bd4bc0,161,830e1666,1.0,XG5 8IA
168eb4ea-88e,SCH3,92465a94,162,d7ea8c18,0.0,HF3 0LU
168eb4ea-88e,SCH3,394fbe55,163,d7ea8c18,1.0,FQ8O 4BI
168eb4ea-88e,SCH3,fbc88230,164,d7ea8c18,-1.0,QN4A 4SU
168eb4ea-88e,SCH3,ae0c8c74,165,d7ea8c18,-1.0,MC1P 4RM
168eb4ea-88e,SCH3,345a7df2,166,d7ea8c18,-0.0,JK8 7JV
168eb4ea-88e,SCH3,c50b9016,167,d7ea8c18,1.0,ZI2 0FG
16cc8db8-9ef,SCH1,7348de25,168,68a60631,-1.0,A6O 3UL
16cc8db8-9ef,SCH1,5080c5cb,169,68a60631,-0.0,Y8D 0NA
16cc8db8-9ef,SCH1,774281a5,170,68a60631,1.0,ZM7F 1TX
16cc8db8-9ef,SCH1,7eceaaca,171,68a60631,-1.0,J0F 1QW
16cc8db8-9ef,SCH1,6637f24a,172,68a60631,1.0,TR1 0ZN
16cc8db8-9ef,SCH1,6ecad19e,173,68a60631,-1.0,J3G 6TW
16cc8db8-9ef,SCH1,f832f9b7,174,68a60631,1.0,Y0Q 0QD
16cc8db8-9ef,SCH1,b39270ae,175,68a60631,-1.0,R6 5KF
16cc8db8-9ef,SCH1,7c203a2e,176,68a60631,-0.0,H9G 4IQ
16cc8db8-9ef,SCH1,59a2e266,177,68a60631,0.0,RV3 4VN
16cc8db8-9ef,SCH6,ea93cb6f,178,1ec6e30e,2.0,ER6 4VT
16d4ed7f-9ee,SCH2,e357d918,179,526ef8ba,-0.0,DL0L 0RG
16d4ed7f-9ee,SCH2,e631247a,180,526ef8ba,-0.0,B7 6XY
16d4ed7f-9ee,SCH2,67022f04,181,526ef8ba,-1.0,R3M 9QT
1731e571-660,SCH4,2b6e2a9a,182,ebc58fd7,-1.0,UR6K 8KF
1731e571-660,SCH4,b11057ac,183,ebc58fd7,0.0,DA9S 2CP
1731e571-660,SCH4,934ba164,184,ebc58fd7,-2.0,Y6K 1FD
1731e571-660,SCH4,12ee5328,185,ebc58fd7,-1.0,E7I 8LD
1731e571-660,SCH4,d51742de,186,ebc58fd7,0.0,H9 8WV
1893358a-01a,SCH5,9b8fe66c,187,bb24b936,-0.0,JO4H 6UG
1893358a-01a,SCH5,7b149f12,188,bb24b936,1.0,F5U 9JA
1893358a-01a,SCH5,3e237ebf,189,bb24b936,-0.0,F2B 2HJ
1893358a-01a,SCH5,25a864a4,190,bb24b936,0.0,T5 9HM
1893358a-01a,SCH5,43b2afbe,191,bb24b936,-0.0,UG9K 6AI
1893358a-01a,SCH5,72c28f02,192,bb24b936,0.0,ME6Y 0KO
1893358a-01a,SCH5,d9f66731,193,bb24b936,-1.0,K3 0ZD
18c2cbf3-3cf,SCH8,e1bc5467,194,3b7c002b,-0.0,J8 4FH
18c2cbf3-3cf,SCH8,2403d3cd,195,3b7c002b,-2.0,BU8J 6UF
1954a7ee-06b,SCH7,4e04ed2c,196,f6eeebea,-1.0,DR5M 9BA
1954a7ee-06b,SCH7,4ed8122f,197,f6eeebea,-0.0,OT8D 9WE
1954a7ee-06b,SCH7,bba7e310,198,f6eeebea,1.0,HZ1Y 1GB
1954a7ee-06b,SCH7,7a639de3,199,f6eeebea,0.0,RY8Q 4RG
1a3e9dee-5ba,SCH8,cbaeffbb,200,ca1f5927,0.0,Y0E 9EO
1a3e9dee-5ba,SCH8,544d2053,201,ca1f5927,-0.0,I1 9FV
1a3e9dee-5ba,SCH8,5fe21217,202,ca1f5927,2.0,E3 7FD
1b79dc2b-dd0,SCH2,15974709,203,f4d7984e,-1.0,ZH0 1AR
1b79dc2b-dd0,SCH2,c30c1639,204,f4d7984e,1.0,T0 1XZ
1b79dc2b-dd0,SCH2,f156c114,205,f4d7984e,-1.0,P9A 7PM
1b79dc2b-dd0,SCH2,2f9f89e8,206,f4d7984e,0.0,C0J 3VM
1b79dc2b-dd0,SCH2,f2d94fb0,207,f4d7984e,0.0,VK9 7HD
1b79dc2b-dd0,SCH2,b61ddf48,208,f4d7984e,0.0,CS3 6GL
1b79dc2b-dd0,SCH2,1c04b3a9,209,f4d7984e,0.0,FV3U 0ZA
1b79dc2b-dd0,SCH2,6f7f23c6,210,f4d7984e,-0.0,X7K 8CF
1b79dc2b-dd0,SCH2,51756d13,211,f4d7984e,-0.0,QO1 8QW
1b79dc2b-dd0,SCH2,7e95035b,212,f4d7984e,-0.0,TX8I 7LX
1d4d45cb-6e1,SCH6,3cbb5545,213,c9df28cf,-1.0,O2F 9AI
1d4d45cb-6e1,SCH6,a11bab93,214,c9df28cf,-1.0,R9M 8IZ
1d4d45cb-6e1,SCH6,68ae239b,215,c9df28cf,0.0,M1 1UG
1d4d45cb-6e1,SCH6,b2a0cbea,216,c9df28cf,-1.0,TN5 8CN
1d4d45cb-6e1,SCH6,d2531a9b,217,c9df28cf,-2.0,R5 0IX
1d4d45cb-6e1,SCH6,b6a031ca,218,c9df28cf,-0.0,T4P 9PA
1d4d45cb-6e1,SCH6,b838c5fb,219,c9df28cf,-0.0,N1 6FN
1d7b2d8f-5f0,SCH1,cde98c8f,220,9d67c204,1.0,GS2W 0CY
1d7b2d8f-5f0,SCH1,eca3a188,221,9d67c204,1.0,M6G 2SP
1d7b2d8f-5f0,SCH1,2474de99,222,9d67c204,-1.0,Z1Z 8DU
1d7cbbae-4fd,SCH5,28e3f842,223,48166086,2.0,R1 6AV
1d7cbbae-4fd,SCH5,afbbfc0c,224,48166086,-1.0,V3P 3XC
1d7cbbae-4fd,SCH5,102dbc22,225,48166086,1.0,SH7H 6JY
1d7cbbae-4fd,SCH5,15281e83,226,48166086,-2.0,Z7 3LC
1d7cbbae-4fd,SCH5,cae70d1e,227,48166086,1.0,H8G 4IR
1d7cbbae-4fd,SCH5,2e172863,228,48166086,0.0,LW9 3UH
1d7cbbae-4fd,SCH5,0caf8225,229,48166086,-1.0,VT2 5XY
1d7cbbae-4fd,SCH5,b1c8e99e,230,48166086,0.0,M8S 8FK
1d7cbbae-4fd,SCH5,3818fced,231,48166086,1.0,GD9 2QB
1e9de64f-25b,SCH6,7d9c26d6,232,19a3cf00,0.0,R8Q 1SW
1e9de64f-25b,SCH6,8c3524f7,233,19a3cf00,1.0,KP2 3KJ
1e9de64f-25b,SCH6,f1e1556b,234,19a3cf00,-0.0,MW2G 3RB
1e9de64f-25b,SCH6,788d623d,235,19a3cf00,1.0,PH9L 5YE
1ebec59e-da5,SCH5,4eeac017,236,2175af90,1.0,PK8 6NG
1ebec59e-da5,SCH5,5120dc25,237,2175af90,-1.0,V4 7XP
1ebec59e-da5,SCH5,46b6846b,238,2175af90,-1.0,B2K 7TE
1ebec59e-da5,SCH5,355cbd30,239,2175af90,1.0,U7A 9QP
1ebec59e-da5,SCH5,f074a761,240,2175af90,0.0,O6D 5HI
1ebec59e-da5,SCH5,5d01caad,241,2175af90,0.0,R6 9FZ
1ebec59e-da5,SCH5,a98e2966,242,2175af90,0.0,N5B 0BT
1ebec59e-da5,SCH5,6efb6ce0,243,2175af90,-0.0,YV2 2QN
1ebec59e-da5,SCH5,aff02b1e,244,2175af90,-0.0,GF3 5MZ
1ebec59e-da5,SCH5,3a9439ff,245,2175af90,-1.0,YL1 4XJ
1f828f95-542,SCH3,4377c3d7,246,c258ed2b,1.0,H5Y 9TN
1f828f95-542,SCH3,63837919,247,c258ed2b,1.0,BE9 2PR
1f828f95-542,SCH3,e70a9aed,248,c258ed2b,1.0,RG6 2IH
1f828f95-542,SCH3,2fa4b76c,249,c258ed2b,-2.0,HJ3 3ZN
1f828f95-542,SCH3,2e5cbbf9,250,c258ed2b,1.0,ZW8 1BK
1f828f95-542,SCH3,e33b8465,251,c258ed2b,0.0,H8 6ET
20d86a54-a15,SCH8,444aa0dd,252,dce0fe00,-0.0,ZM6D 2BU
20d86a54-a15,SCH8,7ba1b1fe,253,dce0fe00,1.0,XP6 8KQ
20d86a54-a15,SCH8,2e384155,254,dce0fe00,-0.0,RL2A 0NA
20d86a54-a15,SCH8,0a5d45d8,255,dce0fe00,-2.0,VK4B 1EM
22116cd2-249,SCH2,99ab03d8,256,ca155ee8,1.0,M5Q 2BH
22116cd2-249,SCH2,39dd688f,257,ca155ee8,0.0,S5 6ZK
22116cd2-249,SCH2,f8e1309c,258,ca155ee8,-1.0,F0 9OP
22116cd2-249,SCH2,53617f00,259,ca155ee8,2.0,RX6 2VK
22116cd2-249,SCH2,04152e38,260,ca155ee8,1.0,XX9F 7UD
22116cd2-249,SCH2,462c2427,261,ca155ee8,0.0,HS1 8XT
22116cd2-249,SCH2,c24d26f3,262,ca155ee8,1.0,B7 0JL
22116cd2-249,SCH2,27b74a88,263,ca155ee8,2.0,L4 3OQ
2275ad2c-647,SCH2,9ab30b4b,264,ad66eb70,-1.0,I5G 7BI
2275ad2c-647,SCH2,9e064864,265,ad66eb70,-0.0,HH4P 6WK
2275ad2c-647,SCH2,9c6637f2,266,ad66eb70,-0.0,XP7 0DE
2275ad2c-647,SCH2,248fde6e,267,ad66eb70,-2.0,M9B 2RX
2275ad2c-647,SCH2,d0e2ca75,268,ad66eb70,0.0,XM2 4NV
2275ad2c-647,SCH2,f4f9b2f9,269,ad66eb70,0.0,AM5 3CW
2275ad2c-647,SCH2,2cc22eb5,270,ad66eb70,-1.0,J7 5XB
24086543-42d,SCH5,d751fa5b,271,546a7019,-0.0,FC2E 7GU
24086543-42d,SCH5,83acb815,272,546a7019,-1.0,D7 4DX
24086543-42d,SCH5,4451a379,273,546a7019,-1.0,U7U 3XO
24086543-42d,SCH5,749d87c1,274,546a7019,-1.0,YX9O 6JW
24086543-42d,SCH5,02a00cf8,275,546a7019,0.0,U4 9YL
24086543-42d,SCH5,50db8b5f,276,546a7019,-2.0,Y7U 6ME
24086543-42d,SCH5,ea756909,277,546a7019,-2.0,G1B 2UM
24086543-42d,SCH5,1a0ebb4a,278,546a7019,-0.0,GM2G 4YP
24086543-42d,SCH5,7b3aa692,279,546a7019,-1.0,SQ8 0DM
24086543-42d,SCH5,7756b8d6,280,546a7019,-0.0,J1 1UX
247075c4-446,SCH5,8876c174,281,7ddd441c,1.0,I9P 8MO
247075c4-446,SCH5,f4e49ffe,282,7ddd441c,1.0,E9H 2NT
247075c4-446,SCH5,78bada0e,283,7ddd441c,1.0,K6W 7HI
247075c4-446,SCH5,9d01c7ee,284,7ddd441c,-2.0,LX4L 5LS
247075c4-446,SCH5,2b70f90e,285,7ddd441c,-0.0,AU4 3LN
247075c4-446,SCH5,b9dce079,286,7ddd441c,1.0,ZA8 8PY
247075c4-446,SCH5,c21ba595,287,7ddd441c,1.0,X6P 1IH
247075c4-446,SCH5,11519229,288,7ddd441c,-0.0,II5 8VM
26670992-04f,SCH4,b918d60e,289,5162b970,-0.0,G3A 7PI
26670992-04f,SCH4,3ab2f409,290,5162b970,-1.0,BS4V 1YH
26c5dfea-fc4,SCH7,7040dd88,291,2a2dffd8,-1.0,L8V 2DY
26c5dfea-fc4,SCH7,27e3204f,292,2a2dffd8,0.0,JC7O 7QN
26c5dfea-fc4,SCH7,1d753bf0,293,2a2dffd8,1.0,FY6H 2DL
26c5dfea-fc4,SCH7,377d248a,294,2a2dffd8,-0.0,Y6I 4ET
26c5dfea-fc4,SCH7,7348b703,295,2a2dffd8,-1.0,JC5R 4GU
26c5dfea-fc4,SCH7,f8e7d2f6,296,2a2dffd8,1.0,ZZ8U 0LI
26c5dfea-fc4,SCH7,421fe68d,297,2a2dffd8,2.0,WS0X 0JF
26c5dfea-fc4,SCH7,9ea42275,298,2a2dffd8,1.0,K1 9MN
26c5dfea-fc4,SCH7,27872b49,299,2a2dffd8,1.0,EO6P 5YE
276b1e45-2cd,SCH5,ec082383,300,657ca26d,-0.0,A6 0FH
276b1e45-2cd,SCH5,2215fe12,301,657ca26d,0.0,B9T 1ID
276b1e45-2cd,SCH5,e171ccb1,302,657ca26d,-1.0,MG7 5QK
276b1e45-2cd,SCH1,85fc2115,303,471b13c3,2.0,UR8 7MZ
276b1e45-2cd,SCH1,dbbeb4aa,304,471b13c3,-0.0,MP0H 4RS
276b1e45-2cd,SCH1,108cba6f,305,471b13c3,0.0,F2M 0LJ
276b1e45-2cd,SCH1,4ba5df96,306,471b13c3,1.0,F6 4AM
276b1e45-2cd,SCH1,30250bfb,307,471b13c3,1.0,TK3E 0IR
276b1e45-2cd,SCH1,740e3d87,308,471b13c3,0.0,Q2 9EZ
276b1e45-2cd,SCH1,a4c5f08e,309,471b13c3,1.0,GX0 1HQ
276b1e45-2cd,SCH1,3542ca8d,310,471b13c3,-0.0,BD8Y 8SK
276b1e45-2cd,SCH1,c7607ea5,311,471b13c3,-0.0,LL4G 0DJ
27746f0c-2a4,SCH5,fcef2cb9,312,2569ce7c,-1.0,A8F 7TF
27746f0c-2a4,SCH5,1f63e587,313,2569ce7c,-0.0,AJ7 2EN
27746f0c-2a4,SCH5,096573a5,314,2569ce7c,-1.0,JJ2 6II
27746f0c-2a4,SCH5,9cb2cc02,315,2569ce7c,1.0,D0 5HQ
27746f0c-2a4,SCH5,5ab28a04,316,2569ce7c,0.0,YN6 0LC
27746f0c-2a4,SCH5,776ae3df,317,2569ce7c,-1.0,I3M 8BA
27746f0c-2a4,SCH5,40e669a2,318,2569ce7c,-1.0,LV8 8XU
27746f0c-2a4,SCH5,de65650b,319,2569ce7c,-1.0,JK0X 3RH
27746f0c-2a4,SCH5,db3cedf8,320,2569ce7c,-0.0,A4Y 8WD
27746f0c-2a4,SCH5,13a5a9a0,321,2569ce7c,0.0,H8O 0QF
283fb12f-a07,SCH7,6ef321f0,322,f6d433e5,-0.0,U0C 0OA
283fb12f-a07,SCH7,95953dc7,323,f6d433e5,0.0,F4B 4EQ
283fb12f-a07,SCH7,4b0e3ead,324,f6d433e5,-0.0,ZN4H 6GG
283fb12f-a07,SCH7,fe367d4c,325,f6d433e5,-1.0,KE6 0RO
283fb12f-a07,SCH7,d65970d3,326,f6d433e5,-0.0,QC2B 9TI
283fb12f-a07,SCH7,6686640a,327,f6d433e5,-0.0,FB0R 4BR
283fb12f-a07,SCH7,bfc79008,328,f6d433e5,-0.0,BO6M 5WE
28bd0049-3b0,SCH6,d40c8fd5,329,1318c755,-0.0,T0B 1SP
28bd0049-3b0,SCH6,606ea127,330,1318c755,-1.0,WT4K 8ZU
28bd0049-3b0,SCH6,d5a79168,331,1318c755,-1.0,SQ0V 9ZJ
28bd0049-3b0,SCH6,3b69c8fd,332,1318c755,2.0,KB3 4NM
28bd0049-3b0,SCH6,f4c232fb,333,1318c755,1.0,GZ7 6KT
28bd0049-3b0,SCH6,3b71b89d,334,1318c755,-1.0,ZZ7R 9PP
28bd0049-3b0,SCH6,c689a9f7,335,1318c755,-2.0,Y7 8PT
28bd0049-3b0,SCH6,0d8fbf67,336,1318c755,0.0,H9F 9AY
28bd0049-3b0,SCH6,179b8ea2,337,1318c755,-2.0,P3 7WI
28bd0049-3b0,SCH6,1783806b,338,1318c755,-0.0,BC1 1UZ
28f9c03e-592,SCH1,0ca2b277,339,029622f3,1.0,ND5 0RN
28f9c03e-592,SCH1,a933cfdf,340,029622f3,1.0,IP9 0CB
28f9c03e-592,SCH1,e541f77c,341,029622f3,1.0,C8K 3DO
299dc74b-cf5,SCH4,906ca434,342,1ba6d919,1.0,WI3Q 2LS
299dc74b-cf5,SCH4,ae24ea6f,343,1ba6d919,-0.0,DB0D 6OS
299dc74b-cf5,SCH4,8f174c72,344,1ba6d919,-0.0,F9 2SW
299dc74b-cf5,SCH4,4fbb0acb,345,1ba6d919,-1.0,RK4L 9DT
299dc74b-cf5,SCH4,cb2f794c,346,1ba6d919,0.0,O6V 3MT
299dc74b-cf5,SCH4,8cffa3cf,347,1ba6d919,-1.0,H4N 2RA
299dc74b-cf5,SCH4,1f8bd49c,348,1ba6d919,-0.0,M8 0BF
2b7b8941-9c4,SCH7,8157ae98,349,60e5c24e,1.0,R0S 2MX
2b7b8941-9c4,SCH7,8bd0c829,350,60e5c24e,-0.0,WT1K 4RW
2b7b8941-9c4,SCH7,cd69a595,351,60e5c24e,1.0,GB6 3SG
2cbd0b69-214,SCH7,a4324f8e,352,da4161c4,0.0,L6C 5EP
2cbd0b69-214,SCH7,d7637c20,353,da4161c4,0.0,D7D 9HG
2d725523-695,SCH5,53b31c88,354,226e49f5,-1.0,JP6O 1IO
2d725523-695,SCH5,2dd2d14d,355,226e49f5,-2.0,W2 3DM
2e9061d6-bd2,SCH2,a3d6a3f3,356,340c9478,-0.0,GR7E 6WG
2e9061d6-bd2,SCH2,ed9c199e,357,340c9478,1.0,GC9 7PX
2e9061d6-bd2,SCH2,441477f3,358,340c9478,-0.0,OP6J 9EX
2e9061d6-bd2,SCH2,c02ca940,359,340c9478,-0.0,E1Q 1GV
2e9061d6-bd2,SCH2,7d2d4a42,360,340c9478,0.0,R1 5OL
2e9061d6-bd2,SCH7,fc574464,361,63aa5055,-1.0,J1T 7OU
2e9061d6-bd2,SCH7,1b07d65a,362,63aa5055,-2.0,EW3L 1WT
2e9061d6-bd2,SCH7,271d906b,363,63aa5055,-1.0,DK9H 2DJ
2e9061d6-bd2,SCH7,cbc50338,364,63aa5055,-0.0,F6 0UX
2fe6779e-38f,SCH3,daf61a10,365,4c3ee410,-0.0,FA0 4RQ
2fe6779e-38f,SCH3,8a285ac0,366,4c3ee410,-1.0,W9K 1IW
2fe6779e-38f,SCH3,87abeedc,367,4c3ee410,-0.0,H2 6XE
30685158-c9d,SCH7,52b7b0cc,368,5e9fdd6c,-0.0,S7Q 3JR
30685158-c9d,SCH7,80b30878,369,5e9fdd6c,1.0,J8F 7AZ
30685158-c9d,SCH7,46955faa,370,5e9fdd6c,-0.0,MP8 7HV
30685158-c9d,SCH7,a8fe2742,371,5e9fdd6c,0.0,K2P 0QW
30685158-c9d,SCH7,f359c766,372,5e9fdd6c,-1.0,UE9 7FQ
30685158-c9d,SCH7,d371a644,373,5e9fdd6c,0.0,J8 5FO
306997fd-d42,SCH1,42011a9c,374,ab87885d,0.0,SO2M 8QB
306997fd-d42,SCH1,28dfa4fb,375,ab87885d,-1.0,P2W 9RF
306997fd-d42,SCH1,a407e38e,376,ab87885d,1.0,O9C 0AQ
306997fd-d42,SCH1,80186db8,377,ab87885d,1.0,U9 2MY
306997fd-d42,SCH1,b26cd404,378,ab87885d,-0.0,Q2B 0VN
306997fd-d42,SCH1,835ca86c,379,ab87885d,-0.0,CW0T 0RO
306997fd-d42,SCH1,26bb4345,380,ab87885d,0.0,A5 3DL
306997fd-d42,SCH1,01b77542,381,ab87885d,1.0,T3 3SA
30919da5-13d,SCH2,a0c0434a,382,82b5fbd4,-0.0,GD8S 9JE
30919da5-13d,SCH2,6cb6152c,383,82b5fbd4,-1.0,AE7W 4VW
30919da5-13d,SCH2,e586e3c5,384,82b5fbd4,0.0,EG2I 4OS
30919da5-13d,SCH2,8757f31e,385,82b5fbd4,-1.0,H0 6HP
30919da5-13d,SCH2,d57281f6,386,82b5fbd4,1.0,D3U 8XJ
30c7e295-8fe,SCH7,1ea67c95,387,3ee78e9e,-2.0,DB8 3KK
30c7e295-8fe,SCH7,592be15c,388,3ee78e9e,1.0,UM7N 7VU
30c7e295-8fe,SCH7,c65bb2c3,389,3ee78e9e,1.0,HZ8 6CT
30c7e295-8fe,SCH7,f44569ab,390,3ee78e9e,1.0,HX1 3MP
30c7e295-8fe,SCH7,b8056daf,391,3ee78e9e,1.0,J2 6OF
30c7e295-8fe,SCH7,e9558ff4,392,3ee78e9e,2.0,K9 3AD
30c7e295-8fe,SCH7,714ab437,393,3ee78e9e,3.0,AJ2F 8OW
3168e844-e66,SCH2,9d85b3b5,394,076c534d,-0.0,L8 5ZF
3168e844-e66,SCH2,f497b7bc,395,076c534d,-0.0,V8 3JO
3168e844-e66,SCH2,55fcad4a,396,076c534d,-1.0,N7 5GQ
3168e844-e66,SCH2,4901cc57,397,076c534d,1.0,MM7S 2BQ
321a806e-1cb,SCH8,0d91522e,398,28280caf,-2.0,UL2 5CJ
321a806e-1cb,SCH8,d9197ba7,399,28280caf,-1.0,TS6U 0FG
321a806e-1cb,SCH8,88b972c7,400,28280caf,1.0,EZ5 6GH
321a806e-1cb,SCH8,3b5bb5bd,401,28280caf,0.0,Y1R 3DS
321a806e-1cb,SCH8,d5334330,402,28280caf,0.0,X5 2PK
32fc6627-1b1,SCH6,75f344e9,403,d0e97d84,0.0,Z2S 9TY
32fc6627-1b1,SCH6,9e769c53,404,d0e97d84,1.0,X2 7HW
35ece27f-2f8,SCH6,4930a550,405,9c3c9b05,-1.0,I8 7LI
35ece27f-2f8,SCH6,1de2e6e1,406,9c3c9b05,-1.0,UV8 6KE
35ece27f-2f8,SCH6,0829f3da,407,9c3c9b05,-0.0,V9 6PH
35ece27f-2f8,SCH6,664e7736,408,9c3c9b05,2.0,M7C 3IJ
35ece27f-2f8,SCH6,7c1618ba,409,9c3c9b05,-1.0,LL8D 9GJ
35ece27f-2f8,SCH6,09faac6c,410,9c3c9b05,1.0,IV7B 9FN
35ece27f-2f8,SCH6,5e0ad96b,411,9c3c9b05,-1.0,X7J 8YL
35ece27f-2f8,SCH6,81be1d57,412,9c3c9b05,0.0,FL2 9BW
36bff8b2-d86,SCH1,d881e203,413,5239eb3a,1.0,CZ5S 1VH
36bff8b2-d86,SCH1,25c942de,414,5239eb3a,1.0,K9E 7CG
36bff8b2-d86,SCH1,725e6dcb,415,5239eb3a,1.0,DC6 3BM
36bff8b2-d86,SCH1,e1c2fa11,416,5239eb3a,1.0,QS9 4MB
36bff8b2-d86,SCH1,94389405,417,5239eb3a,-2.0,AB5C 2DT
36bff8b2-d86,SCH1,e5645133,418,5239eb3a,-0.0,D1K 9PJ
36bff8b2-d86,SCH1,7f9d0b6d,419,5239eb3a,1.0,V7H 8YZ
36bff8b2-d86,SCH1,3b9d0637,420,5239eb3a,0.0,V4A 9AM
37699aaf-cdc,SCH8,9c06ea15,421,bef96e2c,-0.0,AR7 5PZ
37699aaf-cdc,SCH8,08afe142,422,bef96e2c,-1.0,SM2D 1FH
37699aaf-cdc,SCH8,f5c09496,423,bef96e2c,-1.0,B1J 3VU
37699aaf-cdc,SCH8,9321edec,424,bef96e2c,0.0,C0F 7JE
37699aaf-cdc,SCH8,a0eeeaeb,425,bef96e2c,-0.0,LP3W 1FK
37699aaf-cdc,SCH8,34891047,426,bef96e2c,1.0,Y8 4BX
37a7936b-27f,SCH6,b2838b27,427,5fee063c,0.0,ZU4 7NO
37a7936b-27f,SCH6,ca38cf5e,428,5fee063c,1.0,YX5 0FE
37a7936b-27f,SCH6,1e72e0ba,429,5fee063c,0.0,J5O 5GY
37a7936b-27f,SCH6,688ef28d,430,5fee063c,-1.0,G8 5NG
37ec12e3-407,SCH6,07047a93,431,f20b65e3,-0.0,XB2 1RE
37ec12e3-407,SCH6,d98f17ca,432,f20b65e3,-1.0,UA8 0FF
382bdc5f-f19,SCH2,d85d39ff,433,93168587,2.0,XX5K 5NK
382bdc5f-f19,SCH2,75d8a7a5,434,93168587,1.0,G5W 1OC
382bdc5f-f19,SCH2,f135c947,435,93168587,-1.0,DM1S 0UV
3983cb6d-635,SCH7,e110adc2,436,edee4ed5,0.0,WI5 5IN
3983cb6d-635,SCH7,f7c4874f,437,edee4ed5,-0.0,P8 2BU
3983cb6d-635,SCH7,e660a567,438,edee4ed5,-0.0,F6I 1TY
3983cb6d-635,SCH7,2032458a,439,edee4ed5,0.0,T8I 4EC
3983cb6d-635,SCH7,e4db83fc,440,edee4ed5,-1.0,KP8 2NA
3983cb6d-635,SCH7,bed64645,441,edee4ed5,1.0,OZ3X 3FP
39f6c3f6-043,SCH5,4495574a,442,0286e4af,1.0,MD8Z 0LR
39f6c3f6-043,SCH5,7fb3bec3,443,0286e4af,2.0,K8 8LE
39f6c3f6-043,SCH5,c6dcabdf,444,0286e4af,1.0,Q5X 1WU
39f6c3f6-043,SCH5,5d947bdc,445,0286e4af,-0.0,P7 8NQ
39f6c3f6-043,SCH5,91292b0c,446,0286e4af,2.0,NF7Y 8XX
39f6c3f6-043,SCH5,08b96262,447,0286e4af,0.0,W7 2WD
3a2e596c-42c,SCH8,faf47793,448,1e784caa,-2.0,LD5 6NS
3a2e596c-42c,SCH8,5da1273a,449,1e784caa,-0.0,K7 2SD
3a2e596c-42c,SCH8,de81f23c,450,1e784caa,2.0,S3L 5KF
3a2e596c-42c,SCH8,3f1e41d0,451,1e784caa,0.0,R9Q 9DZ
3a2e596c-42c,SCH8,8e9890ec,452,1e784caa,0.0,OY3 9DA
3a2e596c-42c,SCH8,b1bd994e,453,1e784caa,-0.0,KI7 2CJ
3a4c7f7c-658,SCH2,55629fab,454,b385e86c,1.0,Y1 6BR
3a4c7f7c-658,SCH2,697427c5,455,b385e86c,-0.0,D6 4KC
3a4c7f7c-658,SCH2,978500e5,456,b385e86c,1.0,GA5A 1JX
3a4c7f7c-658,SCH2,8eb6b383,457,b385e86c,-0.0,U0 8UM
3a4c7f7c-658,SCH2,b217acb7,458,b385e86c,-0.0,F3 5PZ
3a4c7f7c-658,SCH2,62d44cdf,459,b385e86c,-0.0,Q2 2BU
3a804849-d12,SCH4,44d292c3,460,756f50cf,-1.0,IE2L 8KE
3b1f1d81-87e,SCH6,32d44aa8,461,01c7ba65,1.0,E3 2QU
3bad4efe-d6f,SCH5,2cd6f8b3,462,e4165bed,-0.0,S0T 5VD
3bad4efe-d6f,SCH5,092978df,463,e4165bed,3.0,VW7N 1IR
3bad4efe-d6f,SCH5,67f51f58,464,e4165bed,0.0,RE3U 4ME
3bad4efe-d6f,SCH5,801e2d84,465,e4165bed,-2.0,LD8 9TL
3bad4efe-d6f,SCH5,066edf83,466,e4165bed,1.0,F9 9KR
3bad4efe-d6f,SCH5,da047e08,467,e4165bed,-3.0,DQ2 2WP
3bad4efe-d6f,SCH5,ffebb138,468,e4165bed,0.0,VY9 4NP
3bad4efe-d6f,SCH5,5e6e85ae,469,e4165bed,-1.0,VA0P 2ML
3bad4efe-d6f,SCH5,0d92847e,470,e4165bed,-1.0,EL8Y 4EZ
3bad4efe-d6f,SCH5,5153db9c,471,e4165bed,-0.0,EF5D 4XW
3dfe61ff-aa3,SCH8,aeb3e81a,472,a58f07f3,-0.0,HY8 4CU
3dfe61ff-aa3,SCH8,be661a88,473,a58f07f3,-1.0,T0 7RJ
3dfe61ff-aa3,SCH8,20f0dc6f,474,a58f07f3,1.0,V7 6HV
3dfe61ff-aa3,SCH8,421b0c5e,475,a58f07f3,1.0,LX6 3QN
3e8ec835-807,SCH2,f1ca50c2,476,8f1d0334,0.0,HF0X 8SW
3e8ec835-807,SCH2,3482ffac,477,8f1d0334,3.0,FQ6 7QV
3e8ec835-807,SCH2,7987bcf6,478,8f1d0334,1.0,T5 6EG
3e8ec835-807,SCH2,e353b664,479,8f1d0334,-3.0,U1J 2JP
3f16848e-29e,SCH5,097680ae,480,d1b2caaa,-1.0,QW7R 2GB
3f16848e-29e,SCH5,b0cf57b6,481,d1b2caaa,1.0,P6 0TV
3f16848e-29e,SCH5,75795591,482,d1b2caaa,0.0,Q1 9QV
3f16848e-29e,SCH5,455baefb,483,d1b2caaa,-0.0,L3 6NC
3f16848e-29e,SCH5,9a0ef093,484,d1b2caaa,1.0,M1 7OK
3f16848e-29e,SCH5,b1c79d2e,485,d1b2caaa,0.0,B1 3LQ
3f16848e-29e,SCH5,054da596,486,d1b2caaa,2.0,GV7 8OE
41be4345-c0e,SCH3,f1e6530f,487,3b52fe28,1.0,HA9A 1TF
41be4345-c0e,SCH3,5d497550,488,3b52fe28,0.0,KM7 8WB
41be4345-c0e,SCH3,ab95a279,489,3b52fe28,1.0,O7 9KA
41be4345-c0e,SCH3,734b435e,490,3b52fe28,-1.0,T6 9PG
41be4345-c0e,SCH3,bcc11736,491,3b52fe28,-0.0,NS7 7MU
41d37c9d-866,SCH6,a2742ed2,492,c612d990,-1.0,L3 3XG
41d37c9d-866,SCH6,0b6d2f05,493,c612d990,-0.0,N0 6ZD
41d37c9d-866,SCH6,d571e3d6,494,c612d990,-1.0,D9F 0QC
41d37c9d-866,SCH6,4c17dbe9,495,c612d990,1.0,S7V 1OJ
41d37c9d-866,SCH6,e2cff532,496,c612d990,-0.0,VG2T 3MC
41d37c9d-866,SCH6,3fe87efa,497,c612d990,1.0,T4 5OS
4263c1aa-20f,SCH6,6d3294f9,498,40c25f3b,-1.0,IE5 5KS
4263c1aa-20f,SCH6,0a7e318f,499,40c25f3b,-1.0,Q4C 4GU
4263c1aa-20f,SCH6,db81eea2,500,40c25f3b,-1.0,R6 3GW
4263c1aa-20f,SCH6,dfbfdcb1,501,40c25f3b,1.0,QX7 2DZ
4263c1aa-20f,SCH6,571eaa89,502,40c25f3b,-1.0,QB1A 7GD
4263c1aa-20f,SCH6,b808774f,503,40c25f3b,-1.0,P3 9ML
4263c1aa-20f,SCH6,786232b1,504,40c25f3b,1.0,Y9 9AL
4263c1aa-20f,SCH6,d5a59b62,505,40c25f3b,0.0,I9 5HF
42e1c81b-046,SCH4,63c05be3,506,ea8d7f8b,-1.0,HD9X 0DJ
42e1c81b-046,SCH4,2bb1c4dc,507,ea8d7f8b,-2.0,UF3F 5LE
42e1c81b-046,SCH4,0880f8e1,508,ea8d7f8b,-0.0,C7 7OH
42e1c81b-046,SCH4,75d6aa63,509,ea8d7f8b,-1.0,ZP7 3XT
42e1c81b-046,SCH4,cd9f42a5,510,ea8d7f8b,0.0,QR3 1YQ
42e1c81b-046,SCH4,ed30b366,511,ea8d7f8b,-0.0,P2W 0UK
42e1c81b-046,SCH4,aab01330,512,ea8d7f8b,1.0,OI4 1ZG
42e1c81b-046,SCH4,62c5f49f,513,ea8d7f8b,-0.0,V3 8UN
46a5f26c-5f9,SCH3,e5b214bf,514,42dbefea,-1.0,T4K 5CQ
46a5f26c-5f9,SCH3,8fc55638,515,42dbefea,1.0,XW3 1UH
46a5f26c-5f9,SCH3,66d7bacd,516,42dbefea,1.0,S6F 0JX
46a5f26c-5f9,SCH3,4b6c8285,517,42dbefea,1.0,P7Z 5AF
476fb5bd-08b,SCH8,61d6409d,518,eb2f9b4d,-1.0,QQ4K 1WE
476fb5bd-08b,SCH8,08b37ba3,519,eb2f9b4d,0.0,Y2 5VF
476fb5bd-08b,SCH8,76c0b2f8,520,eb2f9b4d,-0.0,F1T 0WY
476fb5bd-08b,SCH8,b0fcbdfe,521,eb2f9b4d,2.0,BH8 6HP
476fb5bd-08b,SCH8,29224e10,522,eb2f9b4d,1.0,UE3Q 2GB
4994be27-d14,SCH1,79c65375,523,1c5b75fa,1.0,KJ9 7VD
4b7f2450-a28,SCH1,8f563bfd,524,2ba4cd82,2.0,DG2S 1TM
4b7f2450-a28,SCH1,bcf0734c,525,2ba4cd82,-0.0,BM0 4GE
4b7f2450-a28,SCH1,c4a3d37b,526,2ba4cd82,-1.0,O0 0VS
4b7f2450-a28,SCH1,dc900b62,527,2ba4cd82,-0.0,YG4 6ZQ
4b8d6c3e-e4e,SCH5,a1f2247f,528,ae25c980,-1.0,PE9 3FM
4d275902-63d,SCH4,ea345d75,529,c26c7502,2.0,P5 2ZI
4d275902-63d,SCH4,8aa9533a,530,c26c7502,0.0,EK6 2VV
4d275902-63d,SCH4,09e30e17,531,c26c7502,-0.0,RO6 0EZ
4d275902-63d,SCH4,d52a5ebc,532,c26c7502,-1.0,YB9 8RJ
4d275902-63d,SCH4,93a7b21a,533,c26c7502,1.0,R6 9FP
4dbc8a62-839,SCH7,e57599e9,534,75cd9d52,-0.0,T7A 9KG
4dbc8a62-839,SCH7,7d9f31a4,535,75cd9d52,-1.0,AP3 7RE
4dbc8a62-839,SCH7,33b1475f,536,75cd9d52,0.0,O2Y 0KO
4dbc8a62-839,SCH7,23e4af09,537,75cd9d52,-1.0,CT9 0NY
4dbc8a62-839,SCH7,bcbfd6a9,538,75cd9d52,-1.0,XP5B 0ZV
4dbc8a62-839,SCH7,d2bc7f9e,539,75cd9d52,-0.0,DR2 9PW
4dbc8a62-839,SCH5,19eb5843,540,1dfa3aca,-0.0,HZ8 6KA
4dbc8a62-839,SCH5,a796f09d,541,1dfa3aca,1.0,XU7 7EE
4dbc8a62-839,SCH5,5c0dc7e4,542,1dfa3aca,-0.0,Q3V 9YA
4dbc8a62-839,SCH5,ec52755b,543,1dfa3aca,1.0,DS8 3LQ
4dbc8a62-839,SCH5,bd085357,544,1dfa3aca,1.0,T5Q 6DM
4dbc8a62-839,SCH5,68e0c02b,545,1dfa3aca,-0.0,XS4S 1BR
4dbc8a62-839,SCH5,6ce2ca2d,546,1dfa3aca,-1.0,F6 4QH
4dbc8a62-839,SCH5,e13de978,547,1dfa3aca,2.0,A4 1JY
4dfb4338-908,SCH8,e1a8521f,548,fa303a83,0.0,JX1 9BZ
4e234b4d-bd5,SCH7,00bed765,549,44295c4f,0.0,LP3 1ES
4e234b4d-bd5,SCH7,295d4546,550,44295c4f,1.0,O0 3MC
4e234b4d-bd5,SCH7,0f23a85b,551,44295c4f,0.0,J2 1IE
4e234b4d-bd5,SCH7,2bf339d2,552,44295c4f,1.0,E8L 0OV
4e234b4d-bd5,SCH7,6780f019,553,44295c4f,-0.0,WS1W 2YG
4e234b4d-bd5,SCH7,5d2fbe0f,554,44295c4f,-1.0,QM0B 4JH
4f2de2c1-cd6,SCH6,b58df1e4,555,bb3d3a6f,2.0,J6M 0IB
4f2de2c1-cd6,SCH6,3e49de3f,556,bb3d3a6f,-0.0,TR0 6QO
4f2de2c1-cd6,SCH6,8305de31,557,bb3d3a6f,-1.0,L3Z 3JP
4f2de2c1-cd6,SCH6,ea654b91,558,bb3d3a6f,-1.0,NW2J 7ZX
4f2de2c1-cd6,SCH6,c998eaf3,559,bb3d3a6f,-0.0,FY4 2JY
4f2de2c1-cd6,SCH6,a8348387,560,bb3d3a6f,0.0,II1 6WO
4f4dbc1f-b05,SCH4,ce9b8c48,561,d4bf372b,-1.0,I3 4MW
4f4dbc1f-b05,SCH4,21db6645,562,d4bf372b,-2.0,D6 7BV
4f4dbc1f-b05,SCH4,62e1a252,563,d4bf372b,1.0,KZ0 1XD
4f4dbc1f-b05,SCH4,4eb17432,564,d4bf372b,1.0,NN7 0AQ
4f4dbc1f-b05,SCH4,221ac718,565,d4bf372b,0.0,M8 4YM
4f4dbc1f-b05,SCH4,852af236,566,d4bf372b,1.0,FX3Z 9NO
4f4dbc1f-b05,SCH4,0f98bc74,567,d4bf372b,-0.0,K2 7ZY
4f4dbc1f-b05,SCH4,09d013f0,568,d4bf372b,1.0,UU9 0LL
4f4dbc1f-b05,SCH4,17d36aa6,569,d4bf372b,0.0,FP6 1LN
4f4dbc1f-b05,SCH4,2c7ab522,570,d4bf372b,2.0,AX9I 1RX
504cefaa-4c2,SCH1,c66a2a5c,571,de4e8130,-1.0,AG5C 6FA
504cefaa-4c2,SCH1,14657eba,572,de4e8130,0.0,NO2 4MV
504cefaa-4c2,SCH1,b5d4d8e5,573,de4e8130,1.0,Q7 0UD
504cefaa-4c2,SCH1,431bb807,574,de4e8130,0.0,U7 4VI
504cefaa-4c2,SCH1,d3816603,575,de4e8130,2.0,J9Q 3GA
51611823-18e,SCH1,21e242e3,576,76efc407,-2.0,FE4Y 7GX
51611823-18e,SCH1,88279c78,577,76efc407,0.0,SS4 7NM
51611823-18e,SCH1,9147d7db,578,76efc407,0.0,F5V 5BH
51a66a4a-dba,SCH1,f1185a4b,579,7ac31bdd,-2.0,JT1H 6WS
51a66a4a-dba,SCH1,ea329f6b,580,7ac31bdd,0.0,JF0K 0CY
51a66a4a-dba,SCH1,62635e97,581,7ac31bdd,-0.0,V3A 4OZ
51a66a4a-dba,SCH1,b301dfc3,582,7ac31bdd,-2.0,LE9 0KP
51a66a4a-dba,SCH1,b58fd292,583,7ac31bdd,-1.0,RI6 5DC
51a66a4a-dba,SCH1,a5f04080,584,7ac31bdd,1.0,J9 0NM
51a66a4a-dba,SCH1,9d2dfa35,585,7ac31bdd,1.0,C4H 1XH
51a66a4a-dba,SCH1,af2d728c,586,7ac31bdd,-0.0,W3 4AK
51a66a4a-dba,SCH1,02ad74c4,587,7ac31bdd,3.0,J8S 4PF
51a66a4a-dba,SCH1,c58fa9d9,588,7ac31bdd,-1.0,O2L 2YI
5216b3df-9b9,SCH2,e599b2d3,589,31a6d22b,0.0,Y3S 5KY
5216b3df-9b9,SCH2,1279450b,590,31a6d22b,0.0,O9 7BB
5216b3df-9b9,SCH2,845e621c,591,31a6d22b,-0.0,X2 7QY
5216b3df-9b9,SCH2,0779b687,592,31a6d22b,0.0,T1 7ZC
5216b3df-9b9,SCH2,47181778,593,31a6d22b,-0.0,G0 2ZD
5216b3df-9b9,SCH2,ce204332,594,31a6d22b,-1.0,N4 2LR
5216b3df-9b9,SCH2,8cd66ace,595,31a6d22b,-1.0,P2 6NE
5216b3df-9b9,SCH2,d36e2401,596,31a6d22b,0.0,PT6 8SS
5230c3d6-80b,SCH1,c27c776b,597,137d7571,-2.0,YP1 0KZ
5230c3d6-80b,SCH1,3015db08,598,137d7571,1.0,RQ3 2NB
525883e7-573,SCH2,11adb8c6,599,5f600ecb,-0.0,LE2 5ZJ
525883e7-573,SCH2,9f80f142,600,5f600ecb,-0.0,ZD5G 2SS
525883e7-573,SCH2,a4fd0174,601,5f600ecb,-1.0,HX5U 5YC
525883e7-573,SCH2,946524fd,602,5f600ecb,1.0,J6H 2RH
525883e7-573,SCH2,243c3fc3,603,5f600ecb,1.0,S8Z 6ZX
525883e7-573,SCH2,7eb7423b,604,5f600ecb,-0.0,AP5 2AY
525883e7-573,SCH2,b744f707,605,5f600ecb,-2.0,VA8S 7YI
525883e7-573,SCH2,eb9ecd6d,606,5f600ecb,-1.0,HW8M 6NC
525883e7-573,SCH2,ef4848fd,607,5f600ecb,2.0,N5D 4PP
52776bc2-0ae,SCH2,9093b248,608,68d8d09b,0.0,R6N 7OI
52776bc2-0ae,SCH2,a7cad753,609,68d8d09b,-1.0,Y3D 3RM
52776bc2-0ae,SCH2,676df5cc,610,68d8d09b,-0.0,L3 2XQ
52776bc2-0ae,SCH2,a5bdfed0,611,68d8d09b,1.0,DF5T 8ZM
52776bc2-0ae,SCH2,139212b6,612,68d8d09b,2.0,IY5S 0PW
52776bc2-0ae,SCH2,de2b0eee,613,68d8d09b,0.0,K9E 4CG
55967b4a-db9,SCH1,3169402f,614,8406b02c,-2.0,R5 4YK
55967b4a-db9,SCH1,0dfd1dff,615,8406b02c,1.0,QM0O 6XC
55967b4a-db9,SCH1,8df5c753,616,8406b02c,1.0,QP5 6KX
55967b4a-db9,SCH1,ffb2d158,617,8406b02c,0.0,WY8 2AV
55967b4a-db9,SCH1,05e00254,618,8406b02c,2.0,Z3 4PB
55967b4a-db9,SCH1,1b01c1e0,619,8406b02c,-0.0,I0B 5DW
55967b4a-db9,SCH1,e2db4f52,620,8406b02c,-0.0,J4 6LI
55967b4a-db9,SCH1,49cdba9d,621,8406b02c,0.0,FG7X 0UN
56e6f777-e9e,SCH2,67704c12,622,85e36d72,-1.0,BI5N 7TC
56e6f777-e9e,SCH2,fd223a2c,623,85e36d72,-1.0,FK9 3AB
56e6f777-e9e,SCH2,402d9b63,624,85e36d72,0.0,M7 2NA
56e6f777-e9e,SCH2,e07459be,625,85e36d72,0.0,VY8 5WF
56e6f777-e9e,SCH2,ec58a8b6,626,85e36d72,0.0,SX4 5GW
56e6f777-e9e,SCH2,f2b56a0d,627,85e36d72,2.0,QC2H 8UQ
56e6f777-e9e,SCH2,721ef01a,628,85e36d72,-1.0,D6I 7UI
56e6f777-e9e,SCH2,bed26989,629,85e36d72,-1.0,K5 6YD
577fa18b-a42,SCH6,ffe93fd5,630,42f0b6f0,-1.0,V1 9OT
577fa18b-a42,SCH6,bf09d07b,631,42f0b6f0,-0.0,UU3D 0IW
577fa18b-a42,SCH6,901a4cb1,632,42f0b6f0,-1.0,E4E 6JP
577fa18b-a42,SCH6,6167cb09,633,42f0b6f0,-1.0,NH5G 8EB
577fa18b-a42,SCH6,597c0f9d,634,42f0b6f0,-1.0,P6 4EL
592c7b63-67a,SCH5,9ff95326,635,551a02aa,-1.0,YX2 7YW
592c7b63-67a,SCH5,3c9688f3,636,551a02aa,-1.0,S6 9UO
592c7b63-67a,SCH6,5e2f838b,637,5864d146,-2.0,Y9 7YF
599b0699-6d2,SCH7,4be16441,638,723b0f96,1.0,BB7G 4MZ
599b0699-6d2,SCH7,ff8a20de,639,723b0f96,-1.0,RC2 6DY
599b0699-6d2,SCH7,05951ca4,640,723b0f96,-0.0,W1O 6EO
599b0699-6d2,SCH7,55ce6eae,641,723b0f96,0.0,I2L 8YS
599b0699-6d2,SCH7,17542dc0,642,723b0f96,-3.0,GN0P 4GF
599b0699-6d2,SCH7,c0b069b9,643,723b0f96,0.0,BS7L 1NR
599b0699-6d2,SCH7,aa890fff,644,723b0f96,0.0,GU7H 0UN
599b0699-6d2,SCH7,785b4151,645,723b0f96,1.0,XC5 3AL
599b0699-6d2,SCH7,9ab3297e,646,723b0f96,2.0,ZQ6 2TN
5a69b6d3-776,SCH1,5742e4fb,647,5f435680,-0.0,VZ1V 3XL
5a69b6d3-776,SCH1,a3f23e4a,648,5f435680,2.0,ZQ6 5WQ
5a69b6d3-776,SCH1,c3f7bba3,649,5f435680,1.0,MP2N 1HZ
5a90b96e-dc0,SCH4,c038a0c3,650,68a62360,1.0,L1 9OE
5a90b96e-dc0,SCH4,7fa1e2f0,651,68a62360,1.0,UM8 3RG
5a90b96e-dc0,SCH4,4dd4263a,652,68a62360,1.0,RH3P 7PH
5a90b96e-dc0,SCH4,da2f426d,653,68a62360,-1.0,PE4 5KY
5a90b96e-dc0,SCH4,7fc02ca4,654,68a62360,0.0,N6 6VI
5ab99577-d4b,SCH4,83ebf854,655,efb05069,-1.0,KN4P 7HD
5ab99577-d4b,SCH4,d9195f99,656,efb05069,-0.0,P7O 6PG
5ab99577-d4b,SCH4,97ac9129,657,efb05069,-0.0,WR9 2RP
5ab99577-d4b,SCH4,bf0e22f9,658,efb05069,2.0,CM3J 5OR
5ab99577-d4b,SCH4,3fee78f9,659,efb05069,-0.0,EM6O 0QL
5b9df564-b4b,SCH5,ededf242,660,050c0cf5,-1.0,L7L 2RT
5b9df564-b4b,SCH5,4cefca10,661,050c0cf5,0.0,Y2T 4BQ
5b9df564-b4b,SCH5,106e2dfc,662,050c0cf5,-1.0,WT8U 5RY
5b9df564-b4b,SCH5,ee5d864b,663,050c0cf5,1.0,EN7V 0IT
5b9df564-b4b,SCH5,2ee746c9,664,050c0cf5,1.0,R8 1UI
5dd4fb52-0fe,SCH1,d09eac6c,665,b7380476,-0.0,C0 1GA
5dd4fb52-0fe,SCH1,de014ebd,666,b7380476,0.0,P4 0YP
5dd4fb52-0fe,SCH1,1f3f3591,667,b7380476,-0.0,ZM6 0FG
5dd4fb52-0fe,SCH1,62c37bec,668,b7380476,0.0,RR6K 5VR
5dd4fb52-0fe,SCH1,08df09f4,669,b7380476,-1.0,RO1V 4HC
5dd4fb52-0fe,SCH1,4f663310,670,b7380476,1.0,E0 0QF
5e9b0399-7ad,SCH3,d970b3b0,671,9bda7ec5,-0.0,M3 1RP
5e9b0399-7ad,SCH3,6330d5c2,672,9bda7ec5,0.0,N2 9PK
5e9b0399-7ad,SCH3,cb775f6c,673,9bda7ec5,1.0,KR9P 4JS
5e9b0399-7ad,SCH3,8f555c86,674,9bda7ec5,-2.0,WQ8 2WG
5e9b0399-7ad,SCH3,d05432ca,675,9bda7ec5,1.0,HV3 2TG
5e9b0399-7ad,SCH3,00ce9108,676,9bda7ec5,3.0,C4 3DL
5e9b0399-7ad,SCH3,b6be9074,677,9bda7ec5,-0.0,WP6U 5EK
5ea80c75-03d,SCH8,e795734b,678,e5ffd105,-0.0,LF1 5VG
5ea80c75-03d,SCH8,0dfb8b48,679,e5ffd105,-1.0,AE0 9LC
62bf83d0-86e,SCH1,a7630f28,680,d03d45bd,-1.0,O3N 0ET
62bf83d0-86e,SCH1,f07419d9,681,d03d45bd,-1.0,VL4T 5AV
62bf83d0-86e,SCH1,8a6bc9d2,682,d03d45bd,1.0,B6V 1BN
62bf83d0-86e,SCH1,1b0c9ba4,683,d03d45bd,2.0,LF4 5BC
62bf83d0-86e,SCH1,f99faecb,684,d03d45bd,1.0,A2 1FY
62bf83d0-86e,SCH1,03f910bf,685,d03d45bd,-0.0,R4D 5MU
62bf83d0-86e,SCH1,5b33d09e,686,d03d45bd,1.0,V5D 6QF
62f155a1-fe0,SCH3,70b55208,687,02f2b04c,-1.0,L9F 0HM
62f155a1-fe0,SCH3,e61fffbc,688,02f2b04c,0.0,QK4Q 9IA
65727ad3-e8b,SCH1,4811d052,689,8cace9b4,-2.0,GF0 7NC
65727ad3-e8b,SCH1,1466cbfa,690,8cace9b4,-1.0,L9 5HN
65727ad3-e8b,SCH1,487811d5,691,8cace9b4,1.0,A4X 4QD
66961134-186,SCH8,e46fd9c7,692,f935f8dc,0.0,B1 1LT
66961134-186,SCH8,efc17778,693,f935f8dc,1.0,RF8L 4FM
66961134-186,SCH8,eabc6485,694,f935f8dc,-1.0,VG4C 8UF
66961134-186,SCH8,d9786d66,695,f935f8dc,1.0,E7 4BE
67c15cfa-be3,SCH3,7bd4ff19,696,aa1c2626,-0.0,ZK2 5RQ
67c15cfa-be3,SCH3,783f8403,697,aa1c2626,0.0,R7E 8GU
685dfbbb-5da,SCH2,bfa9a613,698,b6f9a300,0.0,B7D 9IW
6a51eec8-517,SCH8,f9a3628f,699,e9235d87,-0.0,VT8W 6AM
6a51eec8-517,SCH8,0fd39481,700,e9235d87,-0.0,Q7 1RY
6b0c139a-300,SCH2,c455d0ce,701,92970826,-1.0,SJ8 6WW
6b0c139a-300,SCH2,a8f0c4d8,702,92970826,1.0,Q1 1TS
6b0c139a-300,SCH2,394357aa,703,92970826,-1.0,CK2E 6VA
6b0c139a-300,SCH2,a23a3453,704,92970826,-0.0,I4G 0MJ
6b69d5d4-846,SCH1,df5770d7,705,a2deced5,1.0,I9 9AZ
6c5e58b1-353,SCH3,0ad82117,706,20d94c35,-2.0,LP1Z 0DF
6c5e58b1-353,SCH3,d8211b9a,707,20d94c35,-0.0,I5T 4VK
6c5e58b1-353,SCH3,1b2b66ca,708,20d94c35,0.0,YG9 8GC
6c5e58b1-353,SCH3,41870bcf,709,20d94c35,-0.0,L5 9KM
6c5e58b1-353,SCH3,f02c313c,710,20d94c35,-1.0,OO5Y 8PH
6dcc09f7-26a,SCH2,ab1199a9,711,6454ba85,1.0,DN2 0PQ
6dcc09f7-26a,SCH2,989a7eda,712,6454ba85,0.0,N3Q 9FF
6dcc09f7-26a,SCH2,73c6e5bc,713,6454ba85,-0.0,WZ6 3JV
6dcc09f7-26a,SCH2,5eb71f09,714,6454ba85,2.0,K5C 8UJ
6dcc09f7-26a,SCH2,e6f0d7b7,715,6454ba85,0.0,S9D 9AS
6dcc09f7-26a,SCH2,09f3875a,716,6454ba85,-1.0,V4 2HK
6dcc09f7-26a,SCH2,57196c66,717,6454ba85,-0.0,CC2 2FQ
6dcc09f7-26a,SCH2,5c9dee22,718,6454ba85,1.0,Z2G 9RL
6dcc09f7-26a,SCH2,4064a8df,719,6454ba85,1.0,UA3 9PO
6e4a4ea0-311,SCH3,69684862,720,243d3c82,1.0,G0S 3OZ
6e4a4ea0-311,SCH3,a8581c25,721,243d3c82,-0.0,RL2 0ZJ
6e4a4ea0-311,SCH3,5b63f9ed,722,243d3c82,-0.0,O3 5OQ
6e4a4ea0-311,SCH3,8fed4997,723,243d3c82,-1.0,R4 6LJ
6e4a4ea0-311,SCH3,15a174d0,724,243d3c82,-0.0,MQ1W 2GZ
6e4a4ea0-311,SCH3,adaca448,725,243d3c82,1.0,JD3 6OI
6e4a4ea0-311,SCH3,b9ba608d,726,243d3c82,-0.0,O6 7QZ
6e4a4ea0-311,SCH3,398bd6cc,727,243d3c82,1.0,U4 5UK
6e4a4ea0-311,SCH3,6dd50b1b,728,243d3c82,1.0,C7 3KJ
6e4a4ea0-311,SCH3,40c5ce71,729,243d3c82,-1.0,Z8 0VE
6e649435-8aa,SCH2,b6eb24ad,730,2ed472d8,0.0,S7P 3AC
6e649435-8aa,SCH2,f1d5895f,731,2ed472d8,0.0,L7 0AD
6e649435-8aa,SCH2,055f45c2,732,2ed472d8,-0.0,W7B 6IS
6ef97b15-aa5,SCH1,995539cd,733,417973d8,-1.0,OT2 8NC
6f7c1e27-b85,SCH3,8274303a,734,b942f26c,-2.0,RP7 3HO
6f7c1e27-b85,SCH3,ab417e85,735,b942f26c,1.0,WK9B 8TS
6f7c1e27-b85,SCH3,3ea4b611,736,b942f26c,2.0,RX1 9IY
6f7c1e27-b85,SCH3,e40408a7,737,b942f26c,-0.0,M2 0XT
6f7c1e27-b85,SCH3,6b5537ae,738,b942f26c,1.0,KE2L 8FQ
6f9b3226-c22,SCH7,988a6448,739,48f3efed,0.0,Y8T 1PW
6f9b3226-c22,SCH7,921e7576,740,48f3efed,-0.0,XN4V 4LF
70051bff-ddc,SCH8,3f979d87,741,1265bd81,-1.0,F6 5VK
70051bff-ddc,SCH8,23c9e523,742,1265bd81,-1.0,P2C 6CM
70051bff-ddc,SCH8,87cc9f84,743,1265bd81,-0.0,WZ3 9GH
70051bff-ddc,SCH8,4ac986b4,744,1265bd81,1.0,I6 1SK
70051bff-ddc,SCH8,46757e03,745,1265bd81,3.0,YB5P 4TN
70051bff-ddc,SCH8,2f6b257a,746,1265bd81,1.0,K4S 4HJ
70a45efa-0b7,SCH6,821d2a8a,747,252ae03f,-3.0,P5 4FV
70ddf6c8-01b,SCH3,e1bd8d55,748,1dfc9751,-1.0,QY1R 6OB
70ddf6c8-01b,SCH3,d15d34b8,749,1dfc9751,-0.0,O7X 9HQ
70ddf6c8-01b,SCH3,c72cb0bf,750,1dfc9751,1.0,S8D 2TD
70ddf6c8-01b,SCH3,445c3d50,751,1dfc9751,-0.0,BD0 9JI
70ddf6c8-01b,SCH3,b27a287e,752,1dfc9751,0.0,N1 6QC
70ddf6c8-01b,SCH3,aaf74f86,753,1dfc9751,-1.0,W5 1NW
70ddf6c8-01b,SCH3,5f5dd55a,754,1dfc9751,0.0,CG5 9ZM
71c32772-892,SCH7,a4295bec,755,7a6ac3d3,0.0,M8J 8PO
71c32772-892,SCH7,1fd8fa3a,756,7a6ac3d3,0.0,FD5 8SE
71c32772-892,SCH7,d2c870e5,757,7a6ac3d3,-1.0,LV1X 1AG
74a91a96-af4,SCH2,f8e74c3b,758,cdc3a37f,0.0,BY1V 0KG
74a91a96-af4,SCH2,93899d7c,759,cdc3a37f,-1.0,VV6 3LI
74a91a96-af4,SCH2,10073517,760,cdc3a37f,1.0,V5 7MJ
74a91a96-af4,SCH2,0308a3ff,761,cdc3a37f,-1.0,SP1 4QM
74a91a96-af4,SCH2,a3a54427,762,cdc3a37f,0.0,N9P 5UD
74a91a96-af4,SCH2,a9fd8bb4,763,cdc3a37f,1.0,N9 6SZ
75784139-9e7,SCH2,15f01c5b,764,d9ff437f,-0.0,JE3 4ZL
75784139-9e7,SCH2,4b18d8be,765,d9ff437f,-1.0,T4A 5BB
75784139-9e7,SCH2,085aa769,766,d9ff437f,-0.0,T7 5UC
75784139-9e7,SCH2,9f569f3c,767,d9ff437f,-1.0,AH0 3FG
774a1d38-f0d,SCH4,3d3cfc41,768,5c0050f9,0.0,O4 7DL
774a1d38-f0d,SCH4,5ecd9469,769,5c0050f9,-1.0,A3 3DJ
774a1d38-f0d,SCH4,d3e2a1c7,770,5c0050f9,-0.0,S5 4RL
774a1d38-f0d,SCH4,0b04790d,771,5c0050f9,1.0,X3S 3AJ
774a1d38-f0d,SCH4,1af36e67,772,5c0050f9,1.0,TL9J 4XV
774a1d38-f0d,SCH4,83763c87,773,5c0050f9,-0.0,U7 0II
77d50da3-99f,SCH1,a93a1018,774,5400fee2,0.0,B1 6AX
77d50da3-99f,SCH1,9c25d426,775,5400fee2,-1.0,PJ9 3CK
77d50da3-99f,SCH1,53294d0a,776,5400fee2,-0.0,R3R 5MW
77d50da3-99f,SCH1,ea91acce,777,5400fee2,-1.0,F6 5TD
77d50da3-99f,SCH1,4fb5a8c2,778,5400fee2,-0.0,FT0D 9DW
77d50da3-99f,SCH5,0d39eb75,779,adbc8952,-0.0,LK3K 8DW
77d50da3-99f,SCH5,bb0a8339,780,adbc8952,0.0,L1T 0IU
780290b1-6d3,SCH3,4cfc81fa,781,03c20505,1.0,H7 0QT
780290b1-6d3,SCH3,c23ba8bf,782,03c20505,-1.0,KJ7 2HD
780290b1-6d3,SCH3,3d2161d8,783,03c20505,1.0,Z9H 2MK
780290b1-6d3,SCH3,2478c18c,784,03c20505,0.0,QJ8M 1SZ
780290b1-6d3,SCH3,68249ab1,785,03c20505,1.0,QR9S 4MF
780290b1-6d3,SCH3,e095dd37,786,03c20505,-1.0,XY7 6WL
780290b1-6d3,SCH3,e229b9f3,787,03c20505,1.0,Q3 1ZH
780290b1-6d3,SCH3,c34466ec,788,03c20505,1.0,N9 1EN
780290b1-6d3,SCH3,0019a678,789,03c20505,1.0,R5 1ZA
780290b1-6d3,SCH3,0008c487,790,03c20505,1.0,PX4 7HA
78a4f264-d3b,SCH5,f9e80dda,791,8aaa4a04,-0.0,SO5R 2JZ
78a4f264-d3b,SCH5,eb869e9c,792,8aaa4a04,-1.0,AM7 9OF
78a4f264-d3b,SCH5,e7b32246,793,8aaa4a04,-0.0,Q8V 9LT
78d37276-d60,SCH3,0bbe3d18,794,c712aead,-0.0,CD0 9HD
78f37771-8d3,SCH4,d2f865af,795,975ded57,1.0,Z7 5PB
78f37771-8d3,SCH4,2ed5b5d9,796,975ded57,-1.0,XJ6N 5KY
78f37771-8d3,SCH4,af915bb2,797,975ded57,-2.0,L4F 3VH
78f37771-8d3,SCH4,358b524c,798,975ded57,-1.0,X6I 7LV
78f37771-8d3,SCH4,e2a7126b,799,975ded57,0.0,H7 3PJ
78f5c40e-01a,SCH3,075126d0,800,c85e2968,-0.0,DM0 2MQ
78f5c40e-01a,SCH3,3421d182,801,c85e2968,-2.0,J5A 5VM
78f5c40e-01a,SCH3,eaf88331,802,c85e2968,-0.0,AY8 0WU
78f5c40e-01a,SCH3,964954a1,803,c85e2968,-1.0,P7E 1MO
78f5c40e-01a,SCH3,bea1f6e3,804,c85e2968,0.0,D7Y 7LK
78f5c40e-01a,SCH3,b3d77139,805,c85e2968,-1.0,DP5O 8SK
78f5c40e-01a,SCH3,37140237,806,c85e2968,1.0,V4 1RC
78f5c40e-01a,SCH3,e0c638cc,807,c85e2968,-2.0,YN4 9OQ
78f5c40e-01a,SCH3,4b55af1a,808,c85e2968,-1.0,L8 1LY
79c24ef6-cf8,SCH4,a30ec10e,809,f5c6c2dc,0.0,Y8U 7IK
79c24ef6-cf8,SCH4,8216fb77,810,f5c6c2dc,-1.0,R7O 8PL
79c24ef6-cf8,SCH4,22475890,811,f5c6c2dc,0.0,H2R 9BK
79c24ef6-cf8,SCH4,89f14635,812,f5c6c2dc,-0.0,CE8 2LJ
79c24ef6-cf8,SCH4,caeb6baf,813,f5c6c2dc,-0.0,UX8E 0MX
7a32ac97-744,SCH2,d88a3a35,814,507af273,1.0,M9X 9ZT
7a32ac97-744,SCH2,1abf7a79,815,507af273,1.0,T0 1FJ
7a32ac97-744,SCH2,1d102f7a,816,507af273,1.0,W9 0MY
7a32ac97-744,SCH2,8d9ae8d9,817,507af273,2.0,R7 0PN
7ac77376-f07,SCH7,ad176ea3,818,ad3a9ffd,-0.0,K6K 6XE
7ac77376-f07,SCH7,147659e1,819,ad3a9ffd,-2.0,W9 2IC
7ac77376-f07,SCH7,07b6bed0,820,ad3a9ffd,-1.0,T8 2VX
7ac77376-f07,SCH7,090c2688,821,ad3a9ffd,-1.0,ZZ3G 4SD
7b340756-b25,SCH7,39a84469,822,8c14b3c2,-0.0,EZ4 2QU
7b340756-b25,SCH7,d29c77cd,823,8c14b3c2,-0.0,JF1 7XL
7b340756-b25,SCH7,1152100b,824,8c14b3c2,0.0,LB8Y 7VR
7b340756-b25,SCH7,e5b6b36c,825,8c14b3c2,-0.0,YN7P 0AP
7b340756-b25,SCH7,9f6e4abb,826,8c14b3c2,1.0,PI8J 0FF
7f022de1-178,SCH3,3ac0236f,827,1cf91323,-2.0,SZ0 6WF
7f022de1-178,SCH3,a3fcb9ec,828,1cf91323,1.0,Y6 1DH
7f022de1-178,SCH3,ef137dd7,829,1cf91323,-0.0,CY4 5YO
7f022de1-178,SCH3,85d14a38,830,1cf91323,2.0,EL5Y 0XJ
7f022de1-178,SCH3,06a45007,831,1cf91323,0.0,K5R 4YW
7f022de1-178,SCH3,949de35f,832,1cf91323,-0.0,J3 1YA
7f7b5a7f-a96,SCH6,9ae8fe4a,833,c479862c,1.0,CI0 8DF
7f7b5a7f-a96,SCH6,e1abfaf8,834,c479862c,-2.0,XG3 4RH
7f7b5a7f-a96,SCH6,9cb85e53,835,c479862c,1.0,E3Y 4MX
858b40e6-aea,SCH1,065dd41c,836,2abdab9f,-0.0,W4R 6PC
858b40e6-aea,SCH1,1c3fd2aa,837,2abdab9f,1.0,FB7 0PM
858b40e6-aea,SCH1,e7144570,838,2abdab9f,-2.0,HI8C 0IS
858b40e6-aea,SCH1,8bad02d3,839,2abdab9f,3.0,B0 1RM
858b40e6-aea,SCH1,a54c58c0,840,2abdab9f,-1.0,X4 6CM
858b40e6-aea,SCH1,fac70b0e,841,2abdab9f,-1.0,RW1 3XI
860a2bea-4e2,SCH4,7f398efa,842,a334f845,-0.0,BE4G 5PX
860a2bea-4e2,SCH4,a20c8204,843,a334f845,3.0,IN5 5HW
860a2bea-4e2,SCH4,8f4e41ab,844,a334f845,-1.0,RL7Y 2CR
862db5db-ba3,SCH2,c30f1127,845,74246d50,-0.0,TG5N 9EO
862db5db-ba3,SCH1,4d217e64,846,11d63af2,1.0,UM9 0IX
862db5db-ba3,SCH1,c2b28a8a,847,11d63af2,1.0,Z6Z 0EX
862db5db-ba3,SCH1,d0f4f4c2,848,11d63af2,0.0,TC3K 1YE
862db5db-ba3,SCH1,98b59c2d,849,11d63af2,-1.0,ZS0 8OG
862db5db-ba3,SCH1,647145c0,850,11d63af2,0.0,J6 7GF
862db5db-ba3,SCH1,29532550,851,11d63af2,-1.0,R9R 6GM
86959d0a-4eb,SCH7,6547d6c6,852,46a22420,0.0,UP4 8BK
86959d0a-4eb,SCH7,8611748f,853,46a22420,1.0,GU3 2IN
86959d0a-4eb,SCH7,84f5932e,854,46a22420,0.0,B9 4PR
86959d0a-4eb,SCH7,82562902,855,46a22420,-0.0,N3 3JZ
86959d0a-4eb,SCH7,0a1a852b,856,46a22420,2.0,X5O 1VY
86959d0a-4eb,SCH7,fbc21140,857,46a22420,1.0,A4T 4KY
86959d0a-4eb,SCH7,293943ab,858,46a22420,-0.0,VG5 8PP
86959d0a-4eb,SCH7,d3d80637,859,46a22420,1.0,S7F 3YE
86a8623f-3fe,SCH5,fc3fbc7a,860,01170bb8,0.0,SJ0 4XT
86a8623f-3fe,SCH5,94cce8be,861,01170bb8,1.0,W0Y 4FO
86a8623f-3fe,SCH5,70ba8e57,862,01170bb8,1.0,L9 1UC
86a8623f-3fe,SCH5,6cd86be6,863,01170bb8,1.0,S8E 9QS
86a8623f-3fe,SCH5,c847a0a9,864,01170bb8,-1.0,XX7V 8WR
86a8623f-3fe,SCH5,d3f79356,865,01170bb8,2.0,W6 7OT
86a8623f-3fe,SCH2,9a3c9cd2,866,3aaeee0c,-0.0,IU3B 0LZ
86a8623f-3fe,SCH2,29e1477c,867,3aaeee0c,-1.0,T9 6LO
86a8623f-3fe,SCH2,d965899f,868,3aaeee0c,-0.0,C8R 6JR
86a8623f-3fe,SCH2,78518dfb,869,3aaeee0c,0.0,M0 4JD
86a8623f-3fe,SCH2,101b10a2,870,3aaeee0c,-0.0,ZX0 2GX
86a8623f-3fe,SCH2,a8636fef,871,3aaeee0c,-0.0,UE7Q 6TS
86a8623f-3fe,SCH2,b9ff6343,872,3aaeee0c,0.0,X3U 9ZV
86e1f003-378,SCH4,a482cd19,873,f9c1c0d1,1.0,IY9V 6CL
86e1f003-378,SCH4,40a92fbb,874,f9c1c0d1,0.0,P8D 7TD
86e1f003-378,SCH4,e694f7e7,875,f9c1c0d1,-0.0,F5P 0EY
87d147b6-35b,SCH1,7c1a7935,876,965c1722,-1.0,GS3 2PW
87d147b6-35b,SCH1,4d21a07f,877,965c1722,-1.0,JD8 0RF
87d147b6-35b,SCH1,e66356d5,878,965c1722,-0.0,GA1 6LA
87d147b6-35b,SCH1,6fd988de,879,965c1722,0.0,UY7 7YW
88a6e08a-cf1,SCH3,933ec110,880,6c1500a0,1.0,W5 2AK
88a6e08a-cf1,SCH3,37039d9a,881,6c1500a0,1.0,N7D 2GB
88a6e08a-cf1,SCH3,01cba675,882,6c1500a0,-0.0,NK9P 8LE
88a6e08a-cf1,SCH3,32fcd757,883,6c1500a0,-0.0,J0H 5XQ
88a6e08a-cf1,SCH3,a955966d,884,6c1500a0,-1.0,KC4E 5AQ
88a6e08a-cf1,SCH3,58391633,885,6c1500a0,1.0,YG5 7ZE
88a6e08a-cf1,SCH3,7b8b52f9,886,6c1500a0,0.0,ZR3F 4RK
88a6e08a-cf1,SCH3,0fc1c0f7,887,6c1500a0,-1.0,CM9 8EQ
88ed5bb6-693,SCH3,dad65ee8,888,757da1a3,0.0,N5 9CI
88ed5bb6-693,SCH3,5086ee73,889,757da1a3,0.0,NX9W 3ZA
88ed5bb6-693,SCH3,11db51ea,890,757da1a3,-0.0,ZX3 1OT
88ed5bb6-693,SCH3,4436b1c0,891,757da1a3,0.0,IU6 3UQ
88ed5bb6-693,SCH3,02a06c7f,892,757da1a3,-0.0,S7 9YG
88ed5bb6-693,SCH3,00021ad2,893,757da1a3,-1.0,FP1 4HX
88ed5bb6-693,SCH3,eb96c08c,894,757da1a3,-0.0,B2 5LR
88ed5bb6-693,SCH3,93b4f1a1,895,757da1a3,-1.0,QL0 4NL
88ed5bb6-693,SCH3,0b9a24d0,896,757da1a3,0.0,P1 4AX
88ed5bb6-693,SCH3,2fd29b6d,897,757da1a3,1.0,M2 8YV
8916bfec-ac8,SCH3,55a66a82,898,8e348a60,-2.0,R5 1VF
8916bfec-ac8,SCH3,8cf32867,899,8e348a60,-1.0,F3I 0AH
8916bfec-ac8,SCH3,5d4d2321,900,8e348a60,0.0,N6Y 6PN
8916bfec-ac8,SCH3,3ff7a639,901,8e348a60,-3.0,FG8 9EX
8916bfec-ac8,SCH3,2181d2fa,902,8e348a60,2.0,YX8X 3HN
8916bfec-ac8,SCH3,6911df33,903,8e348a60,-0.0,G4 8VX
8916bfec-ac8,SCH3,017c553d,904,8e348a60,-3.0,FZ5 0HP
8916bfec-ac8,SCH3,1c3167ad,905,8e348a60,1.0,E9 2NZ
8916bfec-ac8,SCH3,a0c25fdc,906,8e348a60,-1.0,H0 1EP
8916bfec-ac8,SCH3,a86a7870,907,8e348a60,-0.0,B1 0EI
89b0c552-ccb,SCH1,dea7a6f9,908,50d183f6,0.0,IH2V 0FK
8b305174-485,SCH3,a04f8506,909,c88402b5,0.0,O7T 0PJ
8b305174-485,SCH3,57194d57,910,c88402b5,-1.0,FQ5 4UO
8b305174-485,SCH3,ba93fb42,911,c88402b5,0.0,MO6 2TG
8b305174-485,SCH3,1fd78f3d,912,c88402b5,0.0,XZ2L 8IE
8b305174-485,SCH3,d4f649dd,913,c88402b5,1.0,T2V 0AT
8b305174-485,SCH3,ffd6628d,914,c88402b5,-2.0,J4F 0TS
8b305174-485,SCH3,1ac1ebbe,915,c88402b5,0.0,RT6U 2HA
8b305174-485,SCH3,5a9607a9,916,c88402b5,1.0,GN0D 2HN
8b305174-485,SCH3,e82fe323,917,c88402b5,-0.0,AL4U 5ZN
8b305174-485,SCH3,07da84c6,918,c88402b5,-0.0,G0O 8JZ
8b5fda7a-682,SCH2,a1338a1a,919,2402dd82,-0.0,WP2U 1YG
8b5fda7a-682,SCH2,a17ed9dc,920,2402dd82,-0.0,G7E 3UH
8b5fda7a-682,SCH2,b78757a6,921,2402dd82,1.0,Z8I 2UA
8b5fda7a-682,SCH2,8cf233ee,922,2402dd82,-1.0,E5 6PY
8c34c548-872,SCH5,1464757b,923,71beaaea,2.0,G8B 9XX
8c34c548-872,SCH5,dc7ecd4a,924,71beaaea,1.0,AO2N 4IG
8c34c548-872,SCH5,97695692,925,71beaaea,-1.0,W8X 3VW
8c34c548-872,SCH5,0a0081a8,926,71beaaea,0.0,WE7B 3GV
8c34c548-872,SCH5,e199190a,927,71beaaea,-2.0,FP9 9LL
8c34c548-872,SCH5,92fe574b,928,71beaaea,1.0,O1 7EA
8c34c548-872,SCH5,88aa8099,929,71beaaea,2.0,E3 0JU
8c34c548-872,SCH5,0ba5f2ac,930,71beaaea,-1.0,WZ1 8TA
8c3b504d-682,SCH4,824198ba,931,fe592042,2.0,CT2A 1KM
8c555a7c-bd8,SCH7,45b7c78d,932,4c4342e6,0.0,FX2F 5YF
8c555a7c-bd8,SCH7,3061cc46,933,4c4342e6,-1.0,YS0 7ZX
8c555a7c-bd8,SCH7,7fa4a21b,934,4c4342e6,1.0,L4 1DA
8c555a7c-bd8,SCH7,0370c192,935,4c4342e6,-1.0,BI7 6BR
8c555a7c-bd8,SCH7,524ecc29,936,4c4342e6,2.0,G7 0VQ
8c555a7c-bd8,SCH7,20a4877d,937,4c4342e6,-0.0,PJ2 2CB
8c555a7c-bd8,SCH6,52b0231f,938,f966d953,-1.0,YX0E 9LZ
8c555a7c-bd8,SCH6,fa739ecd,939,f966d953,-1.0,HX0 4ZI
8c555a7c-bd8,SCH6,c0d76d6a,940,f966d953,1.0,MY8 5QT
8ce2775b-5f4,SCH7,20b47f28,941,59e86fcf,-0.0,W7 9MF
8ce2775b-5f4,SCH7,a608e71a,942,59e86fcf,2.0,VF9R 8PO
8ce2775b-5f4,SCH7,bf54c4e0,943,59e86fcf,-1.0,IB8G 5OO
8ce2775b-5f4,SCH7,8644febf,944,59e86fcf,0.0,XZ0 1GR
8ce2775b-5f4,SCH7,fc5ddd6c,945,59e86fcf,2.0,X4A 8UI
8ce2775b-5f4,SCH7,8053a877,946,59e86fcf,-0.0,K0 7RP
8d3131f3-852,SCH4,343aedc7,947,e910bf91,2.0,L8J 4SF
8d51bc1e-548,SCH1,6e7c60cf,948,0bf98dbc,-0.0,Q7I 1XG
8d51bc1e-548,SCH1,cd977cfd,949,0bf98dbc,-1.0,N6 8ES
8d51bc1e-548,SCH1,269a6a22,950,0bf98dbc,2.0,P2P 9HX
8d51bc1e-548,SCH1,95f48874,951,0bf98dbc,-0.0,O5P 8VO
8d51bc1e-548,SCH1,2b49ea97,952,0bf98dbc,1.0,WZ7 4MO
8dfb2b6a-77c,SCH1,17e70049,953,4615720f,-0.0,B3 0OY
8dfb2b6a-77c,SCH1,480203b0,954,4615720f,0.0,NZ9 9GR
8dfb2b6a-77c,SCH1,d43044bd,955,4615720f,2.0,KP8S 2EQ
8dfb2b6a-77c,SCH1,91b9b2fe,956,4615720f,-3.0,R2Z 8QJ
8dfb2b6a-77c,SCH1,8fbbbc75,957,4615720f,-1.0,K4 6YR
8dfb2b6a-77c,SCH1,61fa057a,958,4615720f,0.0,JY3O 5KX
8dfb2b6a-77c,SCH1,f83ebc73,959,4615720f,0.0,W3 8FC
8dfb2b6a-77c,SCH1,c0cae09c,960,4615720f,1.0,I1H 0PE
8dfb2b6a-77c,SCH1,8d09ad15,961,4615720f,1.0,E5C 4WG
8e68e48f-758,SCH5,c95b6e6e,962,5abf28d2,0.0,EP0B 4WS
8e68e48f-758,SCH5,b33e4ec3,963,5abf28d2,-1.0,D8V 2GB
8e68e48f-758,SCH5,ba6c45ac,964,5abf28d2,1.0,VW0 8BF
8e68e48f-758,SCH5,dc5df595,965,5abf28d2,-1.0,X7H 0QF
8e68e48f-758,SCH5,e48d0348,966,5abf28d2,-1.0,O8 0HE
8e68e48f-758,SCH5,a04c3021,967,5abf28d2,-1.0,E9V 0PP
8e68e48f-758,SCH5,a1b065c9,968,5abf28d2,-2.0,X6Y 9WQ
8e68e48f-758,SCH5,e8d90449,969,5abf28d2,1.0,E5 2RJ
8e68e48f-758,SCH5,8fe49848,970,5abf28d2,-1.0,AM9 1CU
90502a6b-881,SCH6,b9ebc58a,971,be1aca1a,-1.0,XI7X 3OE
90502a6b-881,SCH6,67881b6c,972,be1aca1a,0.0,K0K 8EN
90502a6b-881,SCH6,40794608,973,be1aca1a,0.0,JE2T 0CE
90502a6b-881,SCH6,1696dfb7,974,be1aca1a,-1.0,PK0 6MA
90502a6b-881,SCH6,769461a0,975,be1aca1a,-1.0,LU9 4WU
90502a6b-881,SCH6,8300c426,976,be1aca1a,1.0,SI3S 4PT
910c08b1-2d5,SCH7,3582eefa,977,339ebb22,0.0,BO2 1UX
910c08b1-2d5,SCH7,58169d77,978,339ebb22,-1.0,WP2D 6KX
910c08b1-2d5,SCH7,b58ed0f2,979,339ebb22,-1.0,A8D 3OJ
910c08b1-2d5,SCH7,594c782c,980,339ebb22,2.0,LD5 3BQ
910c08b1-2d5,SCH7,3291bde1,981,339ebb22,1.0,K4D 7JV
91c064c2-240,SCH7,c9d06733,982,61712dbf,-0.0,M3 9HM
91c064c2-240,SCH7,ad7723cb,983,61712dbf,0.0,NR0U 7MU
91c064c2-240,SCH7,9270aedc,984,61712dbf,-1.0,V1O 7RS
91c064c2-240,SCH7,8fb76b80,985,61712dbf,-1.0,U1P 2KV
91c064c2-240,SCH7,39972e80,986,61712dbf,0.0,AU1B 1UY
91c064c2-240,SCH7,e0a0d89b,987,61712dbf,-0.0,VJ7E 8RC
91c064c2-240,SCH7,4d43d05c,988,61712dbf,1.0,NW0 3QN
91f0eed3-38a,SCH8,6f3f748c,989,8f72eeab,-0.0,H6 7BR
91f0eed3-38a,SCH8,b0141426,990,8f72eeab,-1.0,S5V 6LR
91f0eed3-38a,SCH8,4f25e379,991,8f72eeab,-1.0,C4 3GS
91f0eed3-38a,SCH8,3acdca43,992,8f72eeab,0.0,G4H 0CU
91f0eed3-38a,SCH8,dccb79ec,993,8f72eeab,-1.0,XL1 1UI
91f0eed3-38a,SCH8,cf1fa535,994,8f72eeab,1.0,CU3K 1WJ
91f19092-eea,SCH3,d6a908c5,995,aa6f2ae3,0.0,G5C 5PF
91f19092-eea,SCH3,c95e3bd8,996,aa6f2ae3,-2.0,H9Y 5GI
91f19092-eea,SCH3,9932872d,997,aa6f2ae3,-1.0,G3 2SK
91f19092-eea,SCH3,fcba677b,998,aa6f2ae3,-0.0,UP1 6JM
91f19092-eea,SCH3,258116a7,999,aa6f2ae3,1.0,BH2 8XM
91f19092-eea,SCH3,325aca28,1000,aa6f2ae3,1.0,HI6 8OH
91f19092-eea,SCH3,41c1d91f,1001,aa6f2ae3,-1.0,M4 8IC
91f19092-eea,SCH3,882b26b1,1002,aa6f2ae3,-2.0,DY5I 1MP
923cebd2-7e0,SCH2,de3252db,1003,0d99df07,0.0,ED9 5LB
923cebd2-7e0,SCH2,05c373c6,1004,0d99df07,-1.0,B5 8GX
923cebd2-7e0,SCH2,a5d82320,1005,0d99df07,-3.0,CA1C 9NO
923cebd2-7e0,SCH2,6833a734,1006,0d99df07,2.0,B8 9GI
923cebd2-7e0,SCH2,efefd533,1007,0d99df07,-0.0,T0W 0MO
923cebd2-7e0,SCH2,8a6a0f79,1008,0d99df07,-0.0,MT5D 5EY
923cebd2-7e0,SCH2,bf772b85,1009,0d99df07,-0.0,X3 4ER
923cebd2-7e0,SCH2,34bd7302,1010,0d99df07,-0.0,C2 4ZQ
923cebd2-7e0,SCH2,2d672130,1011,0d99df07,1.0,G8 8AQ
923cebd2-7e0,SCH2,56d523ff,1012,0d99df07,-2.0,O3 0QJ
925f9ced-958,SCH6,7328388b,1013,110fdc4f,1.0,TE1B 8MW
925f9ced-958,SCH6,a2ac069f,1014,110fdc4f,-1.0,Q3 9NX
925f9ced-958,SCH6,38cff58e,1015,110fdc4f,0.0,VV4T 4JR
925f9ced-958,SCH6,e976efb2,1016,110fdc4f,1.0,X5 2XO
9432b74b-390,SCH6,34dad61e,1017,493bb564,-1.0,H6K 2AC
9432b74b-390,SCH6,c1c8d79c,1018,493bb564,-1.0,E6V 7XW
9432b74b-390,SCH6,455695ca,1019,493bb564,1.0,RE3 2XB
9432b74b-390,SCH6,ca699fd4,1020,493bb564,-1.0,K7T 6RF
9432b74b-390,SCH6,2a8def8e,1021,493bb564,-1.0,XW9R 8IB
9432b74b-390,SCH6,439c171c,1022,493bb564,1.0,T8 0HG
9432b74b-390,SCH6,292fcd4d,1023,493bb564,-1.0,OR4W 1KD
9432b74b-390,SCH6,4444880c,1024,493bb564,0.0,B1 6SA
95082eff-a6f,SCH4,3ef6612a,1025,3a29ed22,-1.0,KD1 4PU
95082eff-a6f,SCH4,87da6806,1026,3a29ed22,1.0,MQ7 4ZZ
95082eff-a6f,SCH4,7e6ac12a,1027,3a29ed22,2.0,YM0L 7FU
963f3c56-50b,SCH4,85e8f550,1028,d03e9292,1.0,M0 3JN
96e52299-58d,SCH5,00e70367,1029,d04f70f1,-0.0,C3V 0AO
96e52299-58d,SCH5,a75c32dc,1030,d04f70f1,-0.0,JE4 2WQ
96e52299-58d,SCH5,e057ad18,1031,d04f70f1,-1.0,WH9U 8ZM
96e52299-58d,SCH5,a3331623,1032,d04f70f1,0.0,A3U 7ME
96e52299-58d,SCH5,2bfe777c,1033,d04f70f1,-0.0,B7E 9FZ
96e52299-58d,SCH5,a21512bb,1034,d04f70f1,2.0,I6 1IR
97a7fa44-546,SCH4,b427a17b,1035,19ad6877,-0.0,ZK6P 8QI
97a83368-0fa,SCH1,4036189a,1036,8f1322c9,1.0,U2G 7PU
97a83368-0fa,SCH1,cf22bd1a,1037,8f1322c9,0.0,M8G 2AG
97a83368-0fa,SCH1,4cac2aa7,1038,8f1322c9,-1.0,E0G 6OG
97a83368-0fa,SCH1,0d80a95b,1039,8f1322c9,-0.0,G3G 0BP
97a83368-0fa,SCH1,d6714026,1040,8f1322c9,1.0,IT1D 7UA
97a83368-0fa,SCH1,c402c07b,1041,8f1322c9,0.0,PD8 0BQ
97a83368-0fa,SCH1,9bc2e841,1042,8f1322c9,-0.0,Y1W 1TX
97a83368-0fa,SCH1,5e565794,1043,8f1322c9,1.0,D6V 2DL
9cc325c2-a73,SCH6,09e5da56,1044,b2f2a755,-2.0,E5P 0AH
9cc325c2-a73,SCH6,ea7aa30c,1045,b2f2a755,3.0,ZK6I 1HG
9cc325c2-a73,SCH6,0a20e916,1046,b2f2a755,-1.0,W4 3ZA
9cc325c2-a73,SCH6,a8fbfa13,1047,b2f2a755,1.0,YE9 0SD
9cc325c2-a73,SCH6,9a0875d8,1048,b2f2a755,1.0,B5 5MX
9cc325c2-a73,SCH6,77893ccb,1049,b2f2a755,0.0,RI2 0VY
9cc325c2-a73,SCH6,97f5dea6,1050,b2f2a755,-1.0,MB8I 8EH
9cc325c2-a73,SCH6,636e4211,1051,b2f2a755,0.0,BW7 7YB
9cc325c2-a73,SCH6,a95ccfcb,1052,b2f2a755,1.0,MZ6 6JU
9d282582-47e,SCH8,ce460298,1053,6451bf32,1.0,YX5 2OB
9d282582-47e,SCH8,72921253,1054,6451bf32,-1.0,M9T 1KE
9d282582-47e,SCH8,d26b26d4,1055,6451bf32,-1.0,R2 2DS
9d282582-47e,SCH8,5551292b,1056,6451bf32,-0.0,H7 7GY
9d282582-47e,SCH8,00bda43e,1057,6451bf32,1.0,A2 1AM
9d282582-47e,SCH8,31243fde,1058,6451bf32,1.0,OZ5L 2PW
9d282582-47e,SCH8,ae530f8e,1059,6451bf32,2.0,U0G 6BX
9d282582-47e,SCH8,eda2575d,1060,6451bf32,1.0,T6L 5BP
9d282582-47e,SCH8,f5cbeb28,1061,6451bf32,1.0,X5 8UI
9d282582-47e,SCH8,bb0a73ae,1062,6451bf32,-1.0,KO1 1FX
9e1c714a-247,SCH7,df092b2e,1063,90a9d97e,0.0,RB8G 5TT
9e1c714a-247,SCH7,78bb840d,1064,90a9d97e,1.0,N2W 0EJ
9e1c714a-247,SCH7,db346717,1065,90a9d97e,-0.0,T9R 3WW
9e2fb9c7-6d5,SCH8,58ee934a,1066,f8da3dc3,1.0,GE7N 3AJ
9e2fb9c7-6d5,SCH8,2abeb568,1067,f8da3dc3,-1.0,W2Y 5YI
9e2fb9c7-6d5,SCH8,c28c3e9d,1068,f8da3dc3,-1.0,M8W 9BC
9e2fb9c7-6d5,SCH8,13c50a59,1069,f8da3dc3,-1.0,OZ4L 0QC
9e2fb9c7-6d5,SCH8,d5482002,1070,f8da3dc3,-0.0,WT3V 2PM
9e2fb9c7-6d5,SCH8,814ee653,1071,f8da3dc3,1.0,P1Y 8RL
a0b2d3a1-e20,SCH4,b3ff22d8,1072,18116dc5,2.0,E3R 4NE
a0b2d3a1-e20,SCH4,bbe8c112,1073,18116dc5,1.0,O7 8IL
a0b2d3a1-e20,SCH4,a3d16966,1074,18116dc5,-0.0,KW9 2HS
a0b2d3a1-e20,SCH4,55d83931,1075,18116dc5,0.0,L5 8YA
a0b2d3a1-e20,SCH4,da96c1e5,1076,18116dc5,-1.0,VM6 3CI
a0b2d3a1-e20,SCH4,ddfda9c3,1077,18116dc5,0.0,J6J 0BM
a0b2d3a1-e20,SCH4,26f9cc93,1078,18116dc5,1.0,A3 8JG
a0b2d3a1-e20,SCH4,ef71a6f3,1079,18116dc5,-0.0,Q7D 7IW
a0b2d3a1-e20,SCH4,6962d8a1,1080,18116dc5,0.0,V8 4JP
a0b2d3a1-e20,SCH4,9cb15449,1081,18116dc5,-1.0,A5 7YM
a0e5cbf7-a8f,SCH6,e0215fb3,1082,8f97f52f,0.0,X7 0XS
a0e5cbf7-a8f,SCH6,e4b2144e,1083,8f97f52f,-1.0,M7M 5IB
a0e5cbf7-a8f,SCH6,fe479107,1084,8f97f52f,-1.0,J0 2BR
a0e5cbf7-a8f,SCH6,1e68e335,1085,8f97f52f,0.0,Z4 3MZ
a0e5cbf7-a8f,SCH6,51fb79d9,1086,8f97f52f,-0.0,YW7 4UI
a43b8bd6-2b1,SCH6,e48bbe3a,1087,8f791b0c,-0.0,C4 6OG
a43b8bd6-2b1,SCH6,9f89173f,1088,8f791b0c,1.0,O6 6CD
a43b8bd6-2b1,SCH6,0b6221ee,1089,8f791b0c,1.0,ZB3 0IX
a43b8bd6-2b1,SCH6,a3ddba58,1090,8f791b0c,0.0,DP7K 3BH
a43b8bd6-2b1,SCH6,6687414b,1091,8f791b0c,-1.0,ZM6 3IH
a43b8bd6-2b1,SCH6,be399e94,1092,8f791b0c,0.0,UM2 4IY
a43b8bd6-2b1,SCH6,7785114b,1093,8f791b0c,0.0,LX0 9YT
a480608f-407,SCH5,d32fadbb,1094,f3c93fed,0.0,M1 9AT
a480608f-407,SCH5,af26b878,1095,f3c93fed,-0.0,R2 2VL
a480608f-407,SCH5,e78c9711,1096,f3c93fed,0.0,D2Z 7ZQ
a480608f-407,SCH5,09de206f,1097,f3c93fed,-1.0,V0R 5YG
a480608f-407,SCH5,5041123c,1098,f3c93fed,1.0,N4 6NK
a480608f-407,SCH5,a92219ec,1099,f3c93fed,1.0,S3 2KY
a480608f-407,SCH5,4a4062ef,1100,f3c93fed,-3.0,C9 4RN
a480608f-407,SCH5,54c5ba50,1101,f3c93fed,0.0,O5 4HV
a6203b1e-dd3,SCH4,429fea4c,1102,579ae8e7,-1.0,D5 6IH
a6203b1e-dd3,SCH4,0dffac36,1103,579ae8e7,-1.0,Q9Y 6RF
a6203b1e-dd3,SCH4,ff1e8762,1104,579ae8e7,-0.0,PR1I 1CC
a651fbc0-6e2,SCH1,d433fc98,1105,edfc0c1d,-0.0,N8 6WZ
a651fbc0-6e2,SCH1,f0557328,1106,edfc0c1d,0.0,PG1N 1FO
a651fbc0-6e2,SCH1,91c06e9d,1107,edfc0c1d,-0.0,X5U 1OV
a651fbc0-6e2,SCH1,63cb2875,1108,edfc0c1d,1.0,U4 8KN
a651fbc0-6e2,SCH1,d67faff2,1109,edfc0c1d,1.0,S1Z 3DH
a651fbc0-6e2,SCH1,0b118c58,1110,edfc0c1d,-1.0,T1 5EN
a651fbc0-6e2,SCH1,82789194,1111,edfc0c1d,1.0,WK5 5EE
a651fbc0-6e2,SCH1,0f2dc1cd,1112,edfc0c1d,-1.0,L3 1OX
a651fbc0-6e2,SCH1,e38de698,1113,edfc0c1d,-0.0,JX5M 3UG
a67cb344-f20,SCH6,c3b866a1,1114,7e13d6cb,-0.0,C3 8HL
a67cb344-f20,SCH6,79fb2f4f,1115,7e13d6cb,-2.0,HB3 0FI
a67cb344-f20,SCH6,1ea966f4,1116,7e13d6cb,-1.0,O4 4TU
a6930be5-b58,SCH5,fa030316,1117,b8785147,-1.0,VD8 2HH
a6930be5-b58,SCH5,78e35622,1118,b8785147,1.0,AA3 2JG
a6930be5-b58,SCH5,dd9bb93d,1119,b8785147,-0.0,BG9J 6VR
a6930be5-b58,SCH5,73921391,1120,b8785147,-3.0,N2O 4GR
a6930be5-b58,SCH5,7386ba70,1121,b8785147,-0.0,HB8Q 1JQ
a6930be5-b58,SCH5,550a1eee,1122,b8785147,2.0,SN7N 8NG
a6930be5-b58,SCH5,e5dcd9f6,1123,b8785147,0.0,E5 6OZ
a6c6f0ac-099,SCH1,1b369be9,1124,c83aef85,0.0,QW7 9TI
a8e87f2b-0d1,SCH3,08caefd3,1125,c9197df7,-1.0,SF4A 7VM
a8e87f2b-0d1,SCH3,cfa0d824,1126,c9197df7,-1.0,KO6L 8HB
a8e87f2b-0d1,SCH3,77d80127,1127,c9197df7,-0.0,S1 4ON
a8e87f2b-0d1,SCH3,810f6785,1128,c9197df7,-2.0,NM5Z 0ZY
a8e87f2b-0d1,SCH3,753f1c22,1129,c9197df7,-0.0,C1H 5OY
a8e87f2b-0d1,SCH3,f925af52,1130,c9197df7,1.0,G7 5PN
a8e87f2b-0d1,SCH3,0ae19fc1,1131,c9197df7,1.0,Y5K 8BW
a9e24eb6-082,SCH2,9a98af41,1132,2577ff25,0.0,PS6J 2XK
a9e24eb6-082,SCH2,c9943f81,1133,2577ff25,-0.0,A0N 1QZ
a9e24eb6-082,SCH2,21b83164,1134,2577ff25,-0.0,T7 8GM
a9e24eb6-082,SCH2,bd3eeff9,1135,2577ff25,0.0,O9X 8EG
a9e24eb6-082,SCH2,3b4b3558,1136,2577ff25,0.0,EY9 2JN
a9e24eb6-082,SCH2,03bee3d0,1137,2577ff25,2.0,HZ7 3CY
a9e24eb6-082,SCH2,067582ff,1138,2577ff25,-1.0,EG0J 0LC
a9e24eb6-082,SCH2,95a3721b,1139,2577ff25,-0.0,I4 7GX
a9e24eb6-082,SCH2,ff7fa4fd,1140,2577ff25,-0.0,JJ2 5LL
a9e24eb6-082,SCH2,57599b90,1141,2577ff25,-0.0,IT5 9GS
aa1253b2-a8f,SCH8,92667688,1142,572b6a46,3.0,X6E 2PB
aa1253b2-a8f,SCH8,3600cda8,1143,572b6a46,1.0,J0Q 9AR
aa1253b2-a8f,SCH8,fc6427a2,1144,572b6a46,-1.0,AJ4B 0YH
aa1253b2-a8f,SCH8,f8863f49,1145,572b6a46,-1.0,BD3K 9HD
aa1253b2-a8f,SCH8,5561909a,1146,572b6a46,0.0,D3 1GX
aa1253b2-a8f,SCH8,d0ad0651,1147,572b6a46,-1.0,V1 4WG
aa1253b2-a8f,SCH8,73af2e1d,1148,572b6a46,0.0,J7E 3LL
aa1253b2-a8f,SCH8,0fcbad10,1149,572b6a46,0.0,E3 7OP
ad90af0f-2d8,SCH2,e5d43215,1150,ead9c068,1.0,C9B 8QO
ad90af0f-2d8,SCH2,d66b38da,1151,ead9c068,-1.0,NK9 1HX
ad90af0f-2d8,SCH2,7e810d8f,1152,ead9c068,0.0,SV7 8UA
ad90af0f-2d8,SCH2,c0beb09e,1153,ead9c068,0.0,VN6Y 3QK
ad90af0f-2d8,SCH2,3a5a9710,1154,ead9c068,-1.0,J3R 3KA
ad90af0f-2d8,SCH2,c2d98cf6,1155,ead9c068,-0.0,A7Z 5UE
ad90af0f-2d8,SCH2,943f7469,1156,ead9c068,-0.0,FJ3B 5AU
ae38e996-6ee,SCH8,446fb947,1157,be58877c,1.0,N8 1DR
ae38e996-6ee,SCH8,cd18ffa5,1158,be58877c,0.0,M1 3BH
ae42fc9d-a71,SCH2,c39b2bad,1159,64e586fb,0.0,LY3M 0RZ
ae42fc9d-a71,SCH2,d3b923d9,1160,64e586fb,1.0,XS2F 6QM
ae42fc9d-a71,SCH2,edeaeff9,1161,64e586fb,-1.0,O2V 0VX
ae42fc9d-a71,SCH2,d228c00c,1162,64e586fb,1.0,FY0K 8HS
ae5378bb-59c,SCH1,5ae6cf49,1163,6ac04369,-2.0,I1Y 6QT
ae5378bb-59c,SCH1,408351c1,1164,6ac04369,1.0,HS1 0LL
ae5378bb-59c,SCH1,0ac2e5bc,1165,6ac04369,0.0,Y5D 4SD
aed87bfe-a39,SCH4,94c035ba,1166,e6959f4c,-1.0,GW5E 0LD
aed87bfe-a39,SCH4,e846bc27,1167,e6959f4c,0.0,SJ3 0QE
aed87bfe-a39,SCH4,74ea39e7,1168,e6959f4c,-1.0,E7 4OQ
aef65c9d-868,SCH6,57f90503,1169,8d5b07a3,-1.0,GF8U 9EY
aef65c9d-868,SCH6,a195748b,1170,8d5b07a3,-0.0,M0 7BG
aef65c9d-868,SCH6,387319e1,1171,8d5b07a3,1.0,H9 6RG
aef65c9d-868,SCH6,3927b050,1172,8d5b07a3,-0.0,OP3 9MF
aef65c9d-868,SCH6,8081b6c1,1173,8d5b07a3,-0.0,DF3 3NX
af5a46c5-351,SCH7,55498025,1174,63352454,2.0,KI5V 5YS
af5a46c5-351,SCH7,4206399f,1175,63352454,1.0,SD5S 3HF
af5a46c5-351,SCH7,6a712fe7,1176,63352454,2.0,PT9 1BW
af5a46c5-351,SCH7,813b188d,1177,63352454,2.0,W6 5BQ
af5a46c5-351,SCH7,fddf4d2b,1178,63352454,1.0,LH4 8IP
af5a46c5-351,SCH7,52036dad,1179,63352454,-1.0,G9 5HN
af5a46c5-351,SCH7,c19748dd,1180,63352454,-1.0,W9X 4LX
b142e1ac-988,SCH3,ba610285,1181,1832f007,1.0,Z8 7OY
b142e1ac-988,SCH3,91d1bab0,1182,1832f007,-1.0,EX4 4ZH
b142e1ac-988,SCH3,5ddd12f8,1183,1832f007,1.0,YH8F 1ZY
b142e1ac-988,SCH3,b1ac4a29,1184,1832f007,1.0,EB1 7IC
b142e1ac-988,SCH3,49d3e9e0,1185,1832f007,2.0,O5Z 9KD
b142e1ac-988,SCH3,709d1011,1186,1832f007,1.0,K6G 8EP
b142e1ac-988,SCH3,71dd0ff5,1187,1832f007,-1.0,GX1 6IJ
b142e1ac-988,SCH3,dd7e57e9,1188,1832f007,-0.0,OI2 2IA
b142e1ac-988,SCH3,88d77800,1189,1832f007,-0.0,ZI0 6VZ
b314f4da-0cc,SCH5,cb7b882c,1190,87b333f0,-2.0,HF8Q 1RU
b314f4da-0cc,SCH5,df3f7ea6,1191,87b333f0,2.0,I7 1GW
b3d2a7a0-def,SCH2,524b730b,1192,4850e29d,3.0,VU4 5HF
b3d2a7a0-def,SCH2,53e38a7d,1193,4850e29d,-0.0,V2O 4YS
b3d2a7a0-def,SCH2,c374c435,1194,4850e29d,-1.0,YR3A 5PC
b3d2a7a0-def,SCH2,19ccbc72,1195,4850e29d,-1.0,R4 5KM
b3d2a7a0-def,SCH2,0773a40e,1196,4850e29d,0.0,HP5 9FV
b3d2a7a0-def,SCH2,f3b38894,1197,4850e29d,-1.0,N9 7QG
b3d2a7a0-def,SCH2,354288d6,1198,4850e29d,0.0,N2U 1KR
b4acbf8a-da7,SCH3,751213dd,1199,21185221,-0.0,QH8D 7TI
b4acbf8a-da7,SCH3,d87daef1,1200,21185221,1.0,H2K 3IF
b4acbf8a-da7,SCH3,a411432b,1201,21185221,1.0,Y8C 5CM
b4acbf8a-da7,SCH3,beaa5357,1202,21185221,-1.0,CK9 6CT
b4acbf8a-da7,SCH3,dcf58bb3,1203,21185221,-2.0,MJ0 6JI
b4acbf8a-da7,SCH3,e9e65080,1204,21185221,1.0,FL0T 5XE
b4acbf8a-da7,SCH3,a8aad40d,1205,21185221,-0.0,O3S 2TH
b4acbf8a-da7,SCH3,4bb2fcea,1206,21185221,1.0,SR9G 2AO
b4acbf8a-da7,SCH3,8a04b5cc,1207,21185221,-1.0,QC5 8PM
b4acbf8a-da7,SCH3,30974b20,1208,21185221,-0.0,BQ8 5AR
b78198ab-1fc,SCH3,1b27d6c5,1209,af910b89,-2.0,C7I 7XF
b78198ab-1fc,SCH3,44146124,1210,af910b89,0.0,MR5X 6OA
b78198ab-1fc,SCH3,87a820b1,1211,af910b89,1.0,TJ7Y 2MT
b78198ab-1fc,SCH3,e21ff51a,1212,af910b89,-0.0,SK2 0TI
b78198ab-1fc,SCH3,60093d22,1213,af910b89,1.0,KM7 5NA
b78198ab-1fc,SCH3,76da769f,1214,af910b89,1.0,MZ6Z 0QG
b78198ab-1fc,SCH3,9543c2f0,1215,af910b89,0.0,B8Y 0YT
b78198ab-1fc,SCH3,4c9dac9c,1216,af910b89,-2.0,GA8M 9PB
b90f55ef-f92,SCH6,5281dc9b,1217,b0697812,1.0,E5 0TT
b90f55ef-f92,SCH6,114bbe61,1218,b0697812,0.0,A7M 5CM
bd28ca36-848,SCH3,f83d8277,1219,4d46f67d,0.0,IG4 6LX
bd28ca36-848,SCH3,9657fb76,1220,4d46f67d,1.0,UB5 1YL
bd28ca36-848,SCH3,39b165c9,1221,4d46f67d,0.0,F5K 2ON
bd28ca36-848,SCH3,9b92e5f4,1222,4d46f67d,-1.0,CR6H 6WL
bd28ca36-848,SCH3,c107e8ef,1223,4d46f67d,0.0,W7 1CK
bd28ca36-848,SCH3,e8865bc4,1224,4d46f67d,0.0,AQ8I 2SY
bd28ca36-848,SCH3,4607b788,1225,4d46f67d,1.0,T1 9DW
bd28ca36-848,SCH3,edf4c09f,1226,4d46f67d,-1.0,SH1L 5AO
bd28ca36-848,SCH3,b8f811ab,1227,4d46f67d,1.0,IS5W 5AY
bd28ca36-848,SCH3,c6363600,1228,4d46f67d,-0.0,UJ0 2YC
bd94de19-636,SCH6,aac6139a,1229,2246798e,1.0,J9M 4HC
bd94de19-636,SCH6,272d1f3d,1230,2246798e,-2.0,HL3Z 6SR
bd94de19-636,SCH6,79e3cd36,1231,2246798e,0.0,Y5 1LI
bd94de19-636,SCH6,611fd3ec,1232,2246798e,-0.0,IA7 4YP
bd94de19-636,SCH6,2bd0be85,1233,2246798e,-0.0,TR3 7ED
bd94de19-636,SCH6,cbe19abd,1234,2246798e,1.0,G0R 0RO
bd94de19-636,SCH6,64404c60,1235,2246798e,0.0,O9K 6XZ
bd94de19-636,SCH6,1aea2398,1236,2246798e,-2.0,Q5X 1XG
bd94de19-636,SCH6,82034041,1237,2246798e,-2.0,B3M 2HQ
bd94de19-636,SCH6,83c2a464,1238,2246798e,1.0,P7 6FA
bd96ac01-817,SCH7,e4f51e32,1239,26264bbf,-1.0,RY2 5KR
bd96ac01-817,SCH7,51071afa,1240,26264bbf,-0.0,LX5O 9PC
bd96ac01-817,SCH7,45e74937,1241,26264bbf,1.0,ET7 1IP
bd96ac01-817,SCH7,6e5b134c,1242,26264bbf,1.0,A9 5OH
bd96ac01-817,SCH7,9af9936c,1243,26264bbf,2.0,F0X 5DV
be80437d-1b6,SCH6,31fd73f5,1244,176be577,-1.0,AG5 2CM
be80437d-1b6,SCH6,ab11118d,1245,176be577,-1.0,LS0 2XQ
be80437d-1b6,SCH6,1e7867a1,1246,176be577,-1.0,B0 6AT
be80437d-1b6,SCH6,494e9dc6,1247,176be577,2.0,PR6T 4PG
be80437d-1b6,SCH6,b9b14d53,1248,176be577,0.0,H5 4MJ
be80437d-1b6,SCH6,a8f4d698,1249,176be577,1.0,P6 8WY
bfcb20c4-0fc,SCH4,0e92b841,1250,d23ecd02,0.0,W4 9OA
bfd16adf-6f5,SCH5,16adc76d,1251,e5f0a048,0.0,Y4 7KY
bfd16adf-6f5,SCH5,b229cd54,1252,e5f0a048,1.0,MB2 2BI
bfd16adf-6f5,SCH5,4e20afa8,1253,e5f0a048,-0.0,O3S 7YN
bfd16adf-6f5,SCH5,adb2d114,1254,e5f0a048,1.0,K1 7NN
c0208c94-906,SCH3,2e6abb78,1255,f215e74e,0.0,GV5R 3UE
c0208c94-906,SCH3,4def5a16,1256,f215e74e,-1.0,DM2 5PC
c0aaf85a-2d5,SCH5,0e849af5,1257,287132d9,0.0,K9G 5KE
c0aaf85a-2d5,SCH5,657c510f,1258,287132d9,1.0,JG3 8VY
c0aaf85a-2d5,SCH5,ac7b91ce,1259,287132d9,-1.0,JM7 8PN
c0aaf85a-2d5,SCH5,5d1d4a52,1260,287132d9,0.0,SE8F 9CW
c15186da-4fe,SCH5,e9c291c3,1261,f005c3c6,-1.0,Y9 6NK
c15186da-4fe,SCH5,ed6ebfe8,1262,f005c3c6,2.0,T7K 0GG
c15186da-4fe,SCH5,2b8dcab9,1263,f005c3c6,-0.0,QB8 5MY
c15186da-4fe,SCH5,f66a23ee,1264,f005c3c6,1.0,E5L 8RK
c15186da-4fe,SCH5,1b416bc5,1265,f005c3c6,1.0,IQ1E 4NJ
c1d08b95-340,SCH1,289f373c,1266,2f091e7c,2.0,I1N 3TD
c1d08b95-340,SCH1,f0e7c6af,1267,2f091e7c,1.0,C3 8NP
c1d08b95-340,SCH1,67e3faa4,1268,2f091e7c,-0.0,KC3I 6YZ
c1d08b95-340,SCH1,e07152b7,1269,2f091e7c,-0.0,IW6 6VD
c1d08b95-340,SCH1,df266d38,1270,2f091e7c,-1.0,P4 3TG
c1d08b95-340,SCH1,3fdf1dd9,1271,2f091e7c,1.0,R7M 7LY
c1d08b95-340,SCH1,93e3f422,1272,2f091e7c,-2.0,P1 5KZ
c3f3d4a8-052,SCH4,2f780b3d,1273,1e994abf,-1.0,W5 2YP
c3f3d4a8-052,SCH4,e7a4bb5c,1274,1e994abf,-1.0,X7V 2GY
c3f3d4a8-052,SCH4,68d33e33,1275,1e994abf,-0.0,R4V 9HI
c3f3d4a8-052,SCH4,edc38627,1276,1e994abf,-1.0,E5M 3ML
c3f3d4a8-052,SCH4,f0bf1e79,1277,1e994abf,0.0,JP7 2JN
c3f3d4a8-052,SCH4,43466c5c,1278,1e994abf,1.0,VO4 8WI
c3f3d4a8-052,SCH4,78f78f52,1279,1e994abf,2.0,GM0 5IR
c3f3d4a8-052,SCH4,bc182488,1280,1e994abf,1.0,E6 1IV
c3f3d4a8-052,SCH4,042215f6,1281,1e994abf,1.0,X3F 5CO
c3f3d4a8-052,SCH4,4ebdff60,1282,1e994abf,-1.0,X2 8TB
c512bcce-b3a,SCH7,df80a829,1283,eb1df547,0.0,XF3 3OG
c512bcce-b3a,SCH7,a9c4970f,1284,eb1df547,0.0,A4K 2TH
c512bcce-b3a,SCH7,4b435a22,1285,eb1df547,-2.0,BA0H 3OK
c512bcce-b3a,SCH7,b9a476c3,1286,eb1df547,0.0,QS4 0OV
c512bcce-b3a,SCH7,edcb0c9c,1287,eb1df547,0.0,ON4H 0NX
c512bcce-b3a,SCH7,331cbb59,1288,eb1df547,-2.0,Z3 5DJ
c512bcce-b3a,SCH7,81718db9,1289,eb1df547,-2.0,ZG6T 7CJ
c56456c6-7b2,SCH8,37741e92,1290,63120adb,1.0,B6I 7MZ
c56456c6-7b2,SCH8,111bcbb4,1291,63120adb,-3.0,J0E 7WF
c56456c6-7b2,SCH8,5b3f1515,1292,63120adb,-2.0,B8S 4FS
c56456c6-7b2,SCH8,33a2ee57,1293,63120adb,-0.0,BY1 0GY
c56456c6-7b2,SCH8,d5463794,1294,63120adb,1.0,A0 0VG
c56456c6-7b2,SCH8,01253541,1295,63120adb,-1.0,Q8A 1HV
c5d6c2d6-fa1,SCH2,55c71312,1296,321167b7,1.0,UR0Z 4KQ
c6502337-d55,SCH3,776a0af6,1297,04b1f8f1,-1.0,Z1 9DQ
c6502337-d55,SCH3,926f7b75,1298,04b1f8f1,1.0,ND1D 6FM
c6502337-d55,SCH3,4a7fab2f,1299,04b1f8f1,0.0,XA4P 9RI
c6502337-d55,SCH3,77014df2,1300,04b1f8f1,1.0,PB5J 4DO
c6502337-d55,SCH3,0547fb7e,1301,04b1f8f1,0.0,LV1 1ZR
c6502337-d55,SCH3,be42b442,1302,04b1f8f1,-0.0,VA7 7TD
c6502337-d55,SCH3,4c66d8a8,1303,04b1f8f1,1.0,R2 1PL
c6502337-d55,SCH2,e623c986,1304,c20919c5,1.0,FE1H 1VO
c6502337-d55,SCH2,e3c3ab3c,1305,c20919c5,-1.0,V9W 1FE
c6502337-d55,SCH2,aff80aa3,1306,c20919c5,0.0,QD3 9FD
c6502337-d55,SCH2,2de646b4,1307,c20919c5,1.0,T2W 5JQ
c6502337-d55,SCH2,a5b2a5ef,1308,c20919c5,2.0,C9W 9QV
c6502337-d55,SCH2,0996cecb,1309,c20919c5,-2.0,UB5A 2JM
c6502337-d55,SCH2,b45f4ceb,1310,c20919c5,0.0,RW8M 6RW
c6502337-d55,SCH2,f7e4fb79,1311,c20919c5,0.0,XZ4 6WX
c652ed51-6dd,SCH4,6acc468c,1312,3ad92a0d,1.0,Z1 8RW
c652ed51-6dd,SCH4,e81d50b1,1313,3ad92a0d,-0.0,N3 9RC
c652ed51-6dd,SCH4,c1374316,1314,3ad92a0d,-1.0,ZO6D 8WU
c652ed51-6dd,SCH4,c6ee0b42,1315,3ad92a0d,2.0,B7Y 9IB
c652ed51-6dd,SCH4,9d192e42,1316,3ad92a0d,2.0,OY6S 2ZE
c652ed51-6dd,SCH4,b00b2ae4,1317,3ad92a0d,0.0,G1 7RR
c652ed51-6dd,SCH4,46f7b9b3,1318,3ad92a0d,2.0,O1Y 1WK
c652ed51-6dd,SCH4,b42828ca,1319,3ad92a0d,0.0,H5U 6DP
c652ed51-6dd,SCH4,8c0ca5d5,1320,3ad92a0d,0.0,LR6I 1YK
c7bc64d4-883,SCH6,796b1b7d,1321,86173985,-0.0,X9 5TT
c7bc64d4-883,SCH6,7b1b07d6,1322,86173985,-1.0,E7O 8NT
c9baeb7f-3ad,SCH3,5a68db2d,1323,a6f40b60,-0.0,KO8 6KI
c9baeb7f-3ad,SCH3,6ad66dde,1324,a6f40b60,-1.0,V8E 7DT
c9baeb7f-3ad,SCH3,af5fb157,1325,a6f40b60,0.0,CM2B 1OC
c9baeb7f-3ad,SCH3,a8856a63,1326,a6f40b60,-0.0,D7L 2KV
c9baeb7f-3ad,SCH3,1f833277,1327,a6f40b60,2.0,D1 1RK
c9baeb7f-3ad,SCH3,97019f4c,1328,a6f40b60,-0.0,E2 9AX
c9baeb7f-3ad,SCH3,046a3b2e,1329,a6f40b60,2.0,ET6 8FS
c9baeb7f-3ad,SCH3,42f1face,1330,a6f40b60,-1.0,ZY5F 8PS
c9baeb7f-3ad,SCH3,4431e572,1331,a6f40b60,-0.0,BI1H 0BK
c9baeb7f-3ad,SCH3,6ace70d7,1332,a6f40b60,-2.0,U2J 1SN
ca089524-ebd,SCH8,d8b6ab92,1333,c5c8c5b7,-1.0,LO7B 8RT
ca089524-ebd,SCH8,9f45159e,1334,c5c8c5b7,0.0,DL7R 2VL
ca089524-ebd,SCH8,a74a94fc,1335,c5c8c5b7,-1.0,BI5 7UR
cbc4ca16-1cc,SCH1,26fa8efb,1336,888abb34,-1.0,KV6Y 9BV
cbfc90b2-e20,SCH4,48baaf7c,1337,b8579fc4,-1.0,LF2E 1PT
cbfc90b2-e20,SCH4,d782d387,1338,b8579fc4,1.0,U3 1DF
cd14b0d3-622,SCH8,940b04aa,1339,d2363e89,-0.0,LK8 5PI
cd14b0d3-622,SCH8,a5957193,1340,d2363e89,-0.0,H5N 8KU
ce84f7ba-d1a,SCH2,a225b7d2,1341,a222f4e6,0.0,J4D 0LX
ce84f7ba-d1a,SCH2,080087e2,1342,a222f4e6,0.0,S6 6EL
ce84f7ba-d1a,SCH2,523f4277,1343,a222f4e6,-0.0,ED5 0LP
ce84f7ba-d1a,SCH2,c5bf88b1,1344,a222f4e6,-0.0,O6 8TY
ce84f7ba-d1a,SCH2,49ea9e10,1345,a222f4e6,0.0,DQ9 1DK
ce84f7ba-d1a,SCH2,28511fad,1346,a222f4e6,-1.0,CK9S 1HE
cf444d77-219,SCH2,fb20f30a,1347,5177cac0,1.0,LO6Q 3JH
cf444d77-219,SCH2,14607d92,1348,5177cac0,0.0,QT2 4ZY
cf444d77-219,SCH2,8d31150b,1349,5177cac0,0.0,OQ7 9QT
cf444d77-219,SCH2,5f5e5655,1350,5177cac0,1.0,K7Q 3RR
cf444d77-219,SCH2,462823bb,1351,5177cac0,0.0,BX4Z 0IZ
cf444d77-219,SCH2,7c4daef9,1352,5177cac0,0.0,E4 7CH
cf444d77-219,SCH2,9ad4ce18,1353,5177cac0,-1.0,KT0P 2VG
cf444d77-219,SCH2,97fbc8b1,1354,5177cac0,1.0,VY2 0MK
cf444d77-219,SCH2,2593c0c3,1355,5177cac0,2.0,LL9 8DF
cff8d221-0c0,SCH8,86c041fd,1356,c4b68afb,0.0,EN3 9DW
cff8d221-0c0,SCH8,3553a78d,1357,c4b68afb,1.0,V8N 7QA
cff8d221-0c0,SCH8,b6236c92,1358,c4b68afb,-2.0,ZB7 2TY
cff8d221-0c0,SCH8,1ba6f00e,1359,c4b68afb,1.0,II1Q 3MW
cff8d221-0c0,SCH8,3a90f6b1,1360,c4b68afb,0.0,B0D 2OF
cff8d221-0c0,SCH8,6dfbaed9,1361,c4b68afb,-1.0,U2I 0UW
cff8d221-0c0,SCH8,8308eab7,1362,c4b68afb,2.0,C6W 0NW
cff8d221-0c0,SCH8,c975aab8,1363,c4b68afb,-1.0,NU5V 8XI
cff8d221-0c0,SCH8,a104e019,1364,c4b68afb,0.0,YB5 8LV
cff8d221-0c0,SCH8,8132af84,1365,c4b68afb,-0.0,W1E 2EV
d10692db-8c9,SCH5,d4967caf,1366,ddda28b4,1.0,PP7 4BF
d10692db-8c9,SCH5,9a8098e2,1367,ddda28b4,-1.0,ET7V 9CZ
d10692db-8c9,SCH5,a9463afa,1368,ddda28b4,1.0,TY0J 7QH
d10692db-8c9,SCH5,4d15b3c7,1369,ddda28b4,0.0,N9 8PM
d10692db-8c9,SCH5,c65e87a2,1370,ddda28b4,2.0,R2E 7JU
d10692db-8c9,SCH5,596c02bf,1371,ddda28b4,0.0,K8 1EM
d10692db-8c9,SCH5,dc90cb4d,1372,ddda28b4,-0.0,I3D 3KX
d10692db-8c9,SCH5,d284b52c,1373,ddda28b4,-0.0,BS1 8SQ
d10692db-8c9,SCH5,34dedea2,1374,ddda28b4,-0.0,Y3W 6DA
d1c3c14a-22b,SCH5,259402b7,1375,3da8a3f4,0.0,IT0 0ZN
d1c3c14a-22b,SCH5,bacb50bb,1376,3da8a3f4,2.0,CD0E 7SB
d1c3c14a-22b,SCH5,6f6f623f,1377,3da8a3f4,-0.0,UX5D 8MX
d1c3c14a-22b,SCH5,8695fa50,1378,3da8a3f4,1.0,HM9 3PS
d1c3c14a-22b,SCH5,b58e42a6,1379,3da8a3f4,-1.0,H8 6JU
d1c3c14a-22b,SCH5,631ea63f,1380,3da8a3f4,2.0,Y0L 8AP
d1c9565c-c38,SCH4,b0a0d87a,1381,16df9b82,1.0,WK1 7PD
d1c9565c-c38,SCH4,0484d129,1382,16df9b82,1.0,I3 0UN
d1c9565c-c38,SCH4,9926188b,1383,16df9b82,-1.0,VT1M 4GK
d1c9565c-c38,SCH4,de597dc6,1384,16df9b82,0.0,SM6Q 3LC
d209bc65-4a5,SCH2,7d7e182e,1385,13fc4e19,-0.0,YP8T 5UN
d209bc65-4a5,SCH2,be2e0781,1386,13fc4e19,0.0,DB3Z 2HR
d209bc65-4a5,SCH2,6f9c2bef,1387,13fc4e19,-1.0,R8 9NY
d209bc65-4a5,SCH2,703dcad7,1388,13fc4e19,-1.0,A5 5KI
d209bc65-4a5,SCH2,26c0bab8,1389,13fc4e19,-1.0,TI2 4OF
d209bc65-4a5,SCH2,b91b3e5d,1390,13fc4e19,-1.0,PL3X 8KA
d209bc65-4a5,SCH2,3d752d32,1391,13fc4e19,-2.0,H1 9AQ
d2e39b41-d9d,SCH7,45fe5891,1392,547ed1d7,-2.0,MW9J 4MG
d2e39b41-d9d,SCH7,b718c3b6,1393,547ed1d7,-1.0,IO2Q 3HE
d2e39b41-d9d,SCH7,e728aa07,1394,547ed1d7,-2.0,A3 7KV
d2e39b41-d9d,SCH7,94699a36,1395,547ed1d7,-1.0,N0 8RD
d2e39b41-d9d,SCH7,5cbd9070,1396,547ed1d7,2.0,TW1 8HC
d2e39b41-d9d,SCH7,a591b5d8,1397,547ed1d7,-0.0,OY5Y 6DT
d2e39b41-d9d,SCH7,499fc5fe,1398,547ed1d7,-1.0,PQ3J 4FG
d2e39b41-d9d,SCH7,aa296c2b,1399,547ed1d7,-0.0,BI3 1WU
d5aab466-b29,SCH2,13b3f54a,1400,3aea49e7,-1.0,F2N 2ZV
d5aab466-b29,SCH2,a5506be5,1401,3aea49e7,0.0,EH2A 7WS
d5aab466-b29,SCH2,14527843,1402,3aea49e7,-0.0,F8S 0CB
d5aab466-b29,SCH2,0675bc4b,1403,3aea49e7,1.0,ZI7 3QX
d5aab466-b29,SCH2,9f6f3a5c,1404,3aea49e7,-0.0,V9A 6WB
d5aab466-b29,SCH2,260234f4,1405,3aea49e7,0.0,LE0 9FR
d5aab466-b29,SCH2,ed510bd0,1406,3aea49e7,2.0,XS4 3XY
d5aab466-b29,SCH2,949357b3,1407,3aea49e7,-2.0,UW1 7AA
d5aab466-b29,SCH2,c0a28181,1408,3aea49e7,0.0,OC2 1EF
d5aab466-b29,SCH2,1bd92e39,1409,3aea49e7,-0.0,Q1X 5RC
d5e593a5-475,SCH4,936e8e5c,1410,246577d2,-1.0,G9R 1SM
d5e593a5-475,SCH4,9f7df4bc,1411,246577d2,0.0,B2 8RW
d5e593a5-475,SCH4,5018f324,1412,246577d2,-2.0,ES8 2BN
d5e593a5-475,SCH4,b70759d4,1413,246577d2,1.0,B0Z 3CZ
d5e593a5-475,SCH4,215e0933,1414,246577d2,2.0,UI4W 8CP
d5e593a5-475,SCH4,0bda2880,1415,246577d2,0.0,IM4 7PI
d5e593a5-475,SCH4,f4f836e4,1416,246577d2,-0.0,IV9 5PI
d5e593a5-475,SCH4,b13a1839,1417,246577d2,2.0,M2X 4EU
d5e593a5-475,SCH4,78acae18,1418,246577d2,-1.0,R7 7ZP
d7c73cb9-a94,SCH1,13f441ac,1419,e94cd298,1.0,Z8N 7VF
d7c73cb9-a94,SCH1,70e659b8,1420,e94cd298,-0.0,OD4R 7UZ
d7c73cb9-a94,SCH1,217c86d0,1421,e94cd298,0.0,I5Z 4CW
d7c73cb9-a94,SCH1,03977fdd,1422,e94cd298,1.0,I8B 7IG
d7c73cb9-a94,SCH1,84fe095c,1423,e94cd298,2.0,TT5Z 9UT
d7c73cb9-a94,SCH1,11c5cdde,1424,e94cd298,-1.0,HW5 3BM
d7c73cb9-a94,SCH1,bcc56435,1425,e94cd298,0.0,K5 7MG
d7c73cb9-a94,SCH1,bde138dd,1426,e94cd298,-0.0,UC1W 9TJ
d7c73cb9-a94,SCH1,afa2e80e,1427,e94cd298,-2.0,C0 5BH
d8f3bebc-8c9,SCH8,aa89618c,1428,dfdff025,-0.0,AI1 5GA
d8f3bebc-8c9,SCH8,48a0b391,1429,dfdff025,2.0,BL0 4UL
d8f3bebc-8c9,SCH8,c029f77d,1430,dfdff025,0.0,W5V 1HF
d8f3bebc-8c9,SCH8,958c5321,1431,dfdff025,-2.0,PS2 9JU
d8f3bebc-8c9,SCH8,2c5c7a7a,1432,dfdff025,-0.0,DB7M 5OQ
d8f3bebc-8c9,SCH8,978c258d,1433,dfdff025,-2.0,U9O 7PX
d8f3bebc-8c9,SCH8,de78064d,1434,dfdff025,1.0,C9 0TY
d8f3bebc-8c9,SCH8,c929474b,1435,dfdff025,-1.0,Y5R 2AD
d8f3bebc-8c9,SCH8,7ae8960e,1436,dfdff025,-1.0,R2 9YW
d8f3bebc-8c9,SCH8,62b23bca,1437,dfdff025,-1.0,MK3 5QT
d99e047e-c28,SCH5,7a77663c,1438,f178450f,0.0,FC2I 7FH
d99e047e-c28,SCH5,9e374af3,1439,f178450f,-0.0,WB9 4IU
daaa1972-abc,SCH7,76691812,1440,b1d6dd5b,0.0,FY6 1NA
daaa1972-abc,SCH7,7a895c4c,1441,b1d6dd5b,0.0,FJ8G 1AA
daaa1972-abc,SCH7,d52499b1,1442,b1d6dd5b,0.0,M0Y 7ZK
daaa1972-abc,SCH7,c03bddd4,1443,b1d6dd5b,1.0,QV0S 6LH
db7d1df4-066,SCH3,31309bbe,1444,3aa136fb,-2.0,YY6J 3QK
db7d1df4-066,SCH3,2dfb971e,1445,3aa136fb,-0.0,JR1 8BQ
db7d1df4-066,SCH3,aa2a3796,1446,3aa136fb,-1.0,E3 3SM
db7d1df4-066,SCH3,2adc2402,1447,3aa136fb,0.0,R1W 6OO
db7d1df4-066,SCH3,c34e3cda,1448,3aa136fb,0.0,Z7D 5LW
db7d1df4-066,SCH3,3564679c,1449,3aa136fb,0.0,U3 0ET
db7d1df4-066,SCH3,8b9f7457,1450,3aa136fb,1.0,VY9W 1YO
db7d1df4-066,SCH3,b8180414,1451,3aa136fb,0.0,TG7 8JJ
db7d1df4-066,SCH3,76b9d10d,1452,3aa136fb,-0.0,JM2 7CP
db7d1df4-066,SCH3,43964f72,1453,3aa136fb,-0.0,PF5E 5ZG
dcb2e204-424,SCH5,80d64f5e,1454,42014bc1,1.0,LX5 4KX
dcb2e204-424,SCH5,f43ab72a,1455,42014bc1,1.0,I4 7WI
ddbc59f0-e34,SCH5,04c0da21,1456,c6483d79,-1.0,C9 6BQ
ddbc59f0-e34,SCH5,80c0d748,1457,c6483d79,-1.0,MY9H 2QB
de68af1d-816,SCH2,4a9168cb,1458,3ac585e8,1.0,UZ7C 0MP
de68af1d-816,SCH2,3d659bf1,1459,3ac585e8,-1.0,IF7 5EJ
de68af1d-816,SCH2,9f8d6950,1460,3ac585e8,-1.0,N3 4UR
de7f089d-3d9,SCH4,ca4876ca,1461,e508fa40,-0.0,O2 9MA
de7f089d-3d9,SCH4,d0e5f59a,1462,e508fa40,-2.0,ZF3M 9ON
de7f089d-3d9,SCH4,ab995e6d,1463,e508fa40,-2.0,P7A 3JM
de7f089d-3d9,SCH4,5776d885,1464,e508fa40,-1.0,KM4A 0QU
de7f089d-3d9,SCH4,b54da168,1465,e508fa40,1.0,FX1Q 6GX
de7f089d-3d9,SCH4,86eab025,1466,e508fa40,-1.0,YF0E 9IH
de7f089d-3d9,SCH4,f415afdd,1467,e508fa40,-0.0,CN7R 9ED
debdbd8e-f85,SCH7,04afbf95,1468,6f15a776,-1.0,VN1 3RG
debdbd8e-f85,SCH7,40b2cfc3,1469,6f15a776,-1.0,HJ1 8VK
debdbd8e-f85,SCH7,e7ace208,1470,6f15a776,0.0,P8K 7IH
debdbd8e-f85,SCH7,c127103f,1471,6f15a776,-1.0,QC5J 0AW
debdbd8e-f85,SCH7,caf0f4e9,1472,6f15a776,0.0,L5O 7YI
debdbd8e-f85,SCH7,87485031,1473,6f15a776,-0.0,NF6 4PH
debdbd8e-f85,SCH7,7b58aa1b,1474,6f15a776,1.0,KZ8D 6SV
debdbd8e-f85,SCH7,9555c7b4,1475,6f15a776,-0.0,S4T 3HN
df5aadb3-029,SCH5,8fd46726,1476,592a9f88,-1.0,Q8Q 0UE
df5aadb3-029,SCH5,5ee2b2b5,1477,592a9f88,1.0,H3 0EN
df5aadb3-029,SCH5,ac45d744,1478,592a9f88,-0.0,QO1B 7WO
df5aadb3-029,SCH5,0474d855,1479,592a9f88,1.0,QG1V 0WF
df5aadb3-029,SCH5,2b7bb31d,1480,592a9f88,-1.0,K3 5GC
df5aadb3-029,SCH5,f2fc042e,1481,592a9f88,-1.0,L1Q 1XO
df5aadb3-029,SCH5,32667257,1482,592a9f88,1.0,Z7U 4VV
df5aadb3-029,SCH5,b3db5c43,1483,592a9f88,1.0,AO5 0CF
e11a3109-d97,SCH7,2549b676,1484,979bcb03,-1.0,XO3 8LQ
e11a3109-d97,SCH7,441f5bd3,1485,979bcb03,1.0,W6V 4OV
e11a3109-d97,SCH7,737168df,1486,979bcb03,-1.0,IY3 1PQ
e11a3109-d97,SCH7,a112d1b6,1487,979bcb03,1.0,I5 5RF
e11a3109-d97,SCH7,62d43799,1488,979bcb03,0.0,V3Y 0RR
e11a3109-d97,SCH7,17b75b2f,1489,979bcb03,0.0,BI7D 4NG
e1588eef-12c,SCH6,d2cb8002,1490,ec4dfb6f,-1.0,AF1 4KX
e16985e0-10e,SCH7,b38abd41,1491,dc56ced1,-2.0,W6M 6YU
e16985e0-10e,SCH7,7c5d0c48,1492,dc56ced1,-0.0,VH2 8PL
e16985e0-10e,SCH7,3a7a662c,1493,dc56ced1,1.0,IF1B 7JY
e16985e0-10e,SCH7,6b115dc0,1494,dc56ced1,-0.0,DT5P 6UF
e16985e0-10e,SCH7,8dc40b2b,1495,dc56ced1,1.0,I4 2EQ
e16985e0-10e,SCH7,2122dae2,1496,dc56ced1,-2.0,TL0 1AJ
e16985e0-10e,SCH7,a382c9e7,1497,dc56ced1,2.0,PX1Y 5NX
e16985e0-10e,SCH7,10bff276,1498,dc56ced1,1.0,RV8 9CG
e16985e0-10e,SCH7,eade4fc9,1499,dc56ced1,-1.0,U3 9CZ
e16985e0-10e,SCH7,a4645871,1500,dc56ced1,1.0,Y8 9JS
e18133c8-662,SCH7,4d0a5230,1501,592347ea,-1.0,XZ0 3HH
e18133c8-662,SCH7,fd066753,1502,592347ea,-1.0,MP3Y 6JZ
e18133c8-662,SCH7,7d66a026,1503,592347ea,2.0,KK8Z 7WU
e18133c8-662,SCH7,2cc10172,1504,592347ea,1.0,RJ6 3YH
e18133c8-662,SCH7,fa09cf25,1505,592347ea,1.0,YZ0G 4DR
e18133c8-662,SCH7,6f5a2337,1506,592347ea,1.0,X9K 2VJ
e23d53eb-25e,SCH5,35b7ea2c,1507,da604e35,1.0,HQ2 3UT
e23d53eb-25e,SCH5,8b11f524,1508,da604e35,1.0,MP0 6DP
e23d53eb-25e,SCH5,5502b68d,1509,da604e35,-1.0,KQ0 8PM
e23d53eb-25e,SCH5,245b5669,1510,da604e35,-2.0,A0C 4TL
e394aa20-7fa,SCH2,b8c53f7f,1511,dd115e23,1.0,Z5 5QH
e394aa20-7fa,SCH2,25250f36,1512,dd115e23,-1.0,C1N 6RV
e394aa20-7fa,SCH2,9ce88a12,1513,dd115e23,-0.0,M6 6JD
e394aa20-7fa,SCH2,1bd40ba7,1514,dd115e23,1.0,M7 2DX
e394aa20-7fa,SCH2,dfe75978,1515,dd115e23,-0.0,J1 2NU
e394aa20-7fa,SCH2,3489ac4c,1516,dd115e23,-1.0,I5 3KX
e394aa20-7fa,SCH2,1ac8143a,1517,dd115e23,1.0,PD2D 3AJ
e394aa20-7fa,SCH2,be7130a2,1518,dd115e23,2.0,SV2K 0GT
e394aa20-7fa,SCH2,bd366cf3,1519,dd115e23,1.0,Z8 8DQ
e394aa20-7fa,SCH2,9a2af495,1520,dd115e23,-1.0,R4 5MS
e59493cd-405,SCH1,4c5d9f5b,1521,fb3f400e,1.0,Y6Z 4AT
e59493cd-405,SCH1,96ced151,1522,fb3f400e,0.0,U6 4WW
e59493cd-405,SCH1,8c039b2f,1523,fb3f400e,-0.0,MW1 5LO
e59493cd-405,SCH1,b24c6f5d,1524,fb3f400e,-1.0,Z7E 7TJ
e59493cd-405,SCH1,c0cfa4fa,1525,fb3f400e,1.0,T2 5CR
e59493cd-405,SCH1,d7fd33c8,1526,fb3f400e,0.0,J6K 8PH
e59493cd-405,SCH1,59856424,1527,fb3f400e,-0.0,T9 3YN
e59493cd-405,SCH1,10386e42,1528,fb3f400e,-1.0,NJ6A 1OC
e74d11bd-55f,SCH6,9608d530,1529,6fb3c8f1,-0.0,WC1H 7BB
e74d11bd-55f,SCH6,94bbf9ad,1530,6fb3c8f1,-1.0,I4F 8QE
e74d11bd-55f,SCH6,1185c7e4,1531,6fb3c8f1,-0.0,HY8 5MS
e74d11bd-55f,SCH6,a04319dd,1532,6fb3c8f1,0.0,RR6A 6VN
e74d11bd-55f,SCH6,baf07d8f,1533,6fb3c8f1,-0.0,JA7F 3RI
e74d11bd-55f,SCH6,cdfd0ed8,1534,6fb3c8f1,-1.0,VO3 2JT
e74d11bd-55f,SCH6,054cc7eb,1535,6fb3c8f1,-0.0,D5R 8CF
e74d11bd-55f,SCH6,4900a6d3,1536,6fb3c8f1,-2.0,KX2R 1MZ
e7a5dc39-25c,SCH3,e0202bc1,1537,89add414,-0.0,G4U 0KG
e7c05dcd-4df,SCH5,456d1674,1538,01804967,-0.0,PI5 5AN
e7c05dcd-4df,SCH5,f7cdc671,1539,01804967,0.0,SO2L 1MG
e7c05dcd-4df,SCH5,8a6f46c7,1540,01804967,-0.0,NE2W 1YT
e7c05dcd-4df,SCH5,7d799277,1541,01804967,-0.0,K1 3FN
e7c05dcd-4df,SCH5,62e4578d,1542,01804967,2.0,P8U 8VV
e7c05dcd-4df,SCH5,04960405,1543,01804967,1.0,U6 9EC
e7c05dcd-4df,SCH5,a8a19067,1544,01804967,0.0,XR0 8WK
e7c05dcd-4df,SCH5,8f3f5da9,1545,01804967,-1.0,RW9K 5WY
e7c05dcd-4df,SCH5,81634951,1546,01804967,-3.0,VN3M 3ZU
e7c05dcd-4df,SCH5,982b6c40,1547,01804967,-0.0,R8 5JX
e7ceafca-4bf,SCH6,e4d7d41c,1548,def4469d,0.0,I6G 7CN
e7ceafca-4bf,SCH6,ab6cd77f,1549,def4469d,0.0,S4A 8RL
e7ceafca-4bf,SCH6,e1ceab54,1550,def4469d,1.0,TZ2 9DH
e7ceafca-4bf,SCH6,13ff37e9,1551,def4469d,-1.0,SP2 7DY
e7f25645-f6b,SCH7,af88dd53,1552,1c7e080a,0.0,MR4K 1HG
e7f25645-f6b,SCH7,83047a77,1553,1c7e080a,-1.0,W1 8JZ
e7f25645-f6b,SCH7,e799520c,1554,1c7e080a,1.0,LV6Q 4YK
e8933d55-008,SCH8,bc26810a,1555,a68fefc7,1.0,E9 1OD
e8933d55-008,SCH8,d5e8cf96,1556,a68fefc7,1.0,J8 2TG
e8933d55-008,SCH8,bd6a68e9,1557,a68fefc7,-1.0,BG7 1HT
e8933d55-008,SCH8,cc1f5a25,1558,a68fefc7,2.0,X7 8IV
e8933d55-008,SCH8,4a0caa0d,1559,a68fefc7,-1.0,V9 4VO
e8933d55-008,SCH8,d1081b1b,1560,a68fefc7,1.0,TO0 7RU
e8933d55-008,SCH8,932bdf41,1561,a68fefc7,0.0,PZ9K 0NJ
e8933d55-008,SCH8,4c77ef17,1562,a68fefc7,0.0,MK1K 3XQ
e8933d55-008,SCH8,536ae6f7,1563,a68fefc7,-0.0,VM2 8LB
e8933d55-008,SCH8,781ad924,1564,a68fefc7,0.0,AO9J 7KR
e8ec5b80-016,SCH6,a4878da3,1565,bc42395e,0.0,LY8C 2NH
e8ec5b80-016,SCH6,2de25592,1566,bc42395e,-1.0,OT9Q 0XC
e8ec5b80-016,SCH6,a62d21ac,1567,bc42395e,-0.0,T2H 5TN
e8ec5b80-016,SCH6,4944f565,1568,bc42395e,-1.0,CT4 3HN
e8ec5b80-016,SCH6,aae9090f,1569,bc42395e,-1.0,E5 2HM
e92cde0a-bc2,SCH8,7b1e73f1,1570,6e01b38b,-1.0,X6B 7PY
e92cde0a-bc2,SCH8,d90db983,1571,6e01b38b,-1.0,H7W 5ZT
e92cde0a-bc2,SCH8,2d2cd9e9,1572,6e01b38b,-3.0,K9 6AC
e92cde0a-bc2,SCH8,2732dbf0,1573,6e01b38b,-2.0,DO6 1TA
e92cde0a-bc2,SCH8,7b447bbe,1574,6e01b38b,2.0,Q1 0GR
e92cde0a-bc2,SCH8,3ef61731,1575,6e01b38b,1.0,O6 8UX
e92cde0a-bc2,SCH8,3196392d,1576,6e01b38b,-0.0,G4 8MP
e92cde0a-bc2,SCH8,c52b1306,1577,6e01b38b,-0.0,TT1R 7RG
e92cde0a-bc2,SCH8,5d82f4ad,1578,6e01b38b,-2.0,G0 5JM
e9bde712-19a,SCH8,d3199f51,1579,afce471a,1.0,MM2 5AG
e9bde712-19a,SCH8,5b737f79,1580,afce471a,0.0,P7M 3LR
e9bde712-19a,SCH8,9d5964ce,1581,afce471a,-0.0,ZL4D 5NB
ece65289-c87,SCH5,6155709d,1582,62a38a10,0.0,OJ6 6KO
ece65289-c87,SCH5,848bba8c,1583,62a38a10,-2.0,JY6 1IN
ece65289-c87,SCH5,60c5a9a0,1584,62a38a10,0.0,V9F 6OV
ecf9dd69-8db,SCH5,3432745a,1585,83b6df9f,-0.0,JN9B 7RL
ecf9dd69-8db,SCH5,c10107d5,1586,83b6df9f,-0.0,OH1 3VD
ed020016-d3f,SCH5,a742c5ed,1587,3654e72d,1.0,J7 0HC
ed020016-d3f,SCH5,69b1f754,1588,3654e72d,-0.0,U7 9MI
ed020016-d3f,SCH5,239581a7,1589,3654e72d,-0.0,P7 2JZ
ed020016-d3f,SCH5,448314ad,1590,3654e72d,-1.0,O3W 3SP
ed020016-d3f,SCH5,0dcbb563,1591,3654e72d,-1.0,D2M 9QL
ed020016-d3f,SCH5,f78dd0bf,1592,3654e72d,1.0,PO7L 4MR
ed020016-d3f,SCH5,40f34c4c,1593,3654e72d,-1.0,FN6 8IE
ed020016-d3f,SCH5,e05c68bd,1594,3654e72d,2.0,D3 3FE
ed020016-d3f,SCH5,fd233107,1595,3654e72d,0.0,NR6 0KO
ed020016-d3f,SCH5,f5ac5240,1596,3654e72d,0.0,HN6K 0RY
ed28155d-b09,SCH7,c4bd6120,1597,4aa450ca,2.0,C7T 0DA
ed28155d-b09,SCH7,3eb29a69,1598,4aa450ca,-0.0,JW0T 7QH
ed28155d-b09,SCH7,057230a0,1599,4aa450ca,-0.0,T0I 1RL
ed69ec26-b2b,SCH6,beb0449a,1600,d41fe2cf,2.0,F4 9MG
eebeeb32-b77,SCH1,6f2a5f1a,1601,2e40603c,1.0,WJ1 2FS
eebeeb32-b77,SCH1,d1dbfd78,1602,2e40603c,2.0,JX1J 2AH
eebeeb32-b77,SCH1,ff3dc998,1603,2e40603c,-2.0,FD0R 6KU
eebeeb32-b77,SCH1,0e71dfbc,1604,2e40603c,0.0,YB0A 0GI
ef575e33-13f,SCH4,745f3919,1605,ad377f41,-1.0,G3A 2MM
efb16443-0e0,SCH2,6d399cce,1606,717578a1,-2.0,U4 4XN
efb16443-0e0,SCH2,e6075fa6,1607,717578a1,1.0,YO6 5IA
efb16443-0e0,SCH2,c96e35fc,1608,717578a1,-1.0,C8 6JW
efb16443-0e0,SCH2,b4c06edb,1609,717578a1,-2.0,K7 9WN
efb16443-0e0,SCH2,dffdc01d,1610,717578a1,1.0,J7K 7TF
efb16443-0e0,SCH2,8e1a8402,1611,717578a1,1.0,KX7N 8HS
efb16443-0e0,SCH2,1963d827,1612,717578a1,0.0,CO2 7TK
efb16443-0e0,SCH2,b6b79639,1613,717578a1,0.0,G2 8TN
efb16443-0e0,SCH2,bd2a2aec,1614,717578a1,-0.0,A0 4RL
efb16443-0e0,SCH2,56ad0cb9,1615,717578a1,-1.0,IQ4T 7UA
f01aeef5-4fd,SCH5,50f84271,1616,c18745b0,1.0,V7U 8YZ
f01aeef5-4fd,SCH5,f9bab4ba,1617,c18745b0,-0.0,U4B 9QS
f01aeef5-4fd,SCH5,bde01fca,1618,c18745b0,1.0,M4O 9KD
f01aeef5-4fd,SCH5,5bb4fef0,1619,c18745b0,-1.0,JC9 2YN
f01aeef5-4fd,SCH5,a317177f,1620,c18745b0,-1.0,B1 0HF
f1963879-559,SCH2,95a3f9ef,1621,467ab2fb,-2.0,GL8 4VC
f1963879-559,SCH2,a6c86bd3,1622,467ab2fb,-2.0,L4 0UI
f1963879-559,SCH2,8f7d746b,1623,467ab2fb,-1.0,VZ2 2TB
f1963879-559,SCH2,d77369d1,1624,467ab2fb,0.0,L6 7IQ
f1963879-559,SCH2,0aea40d8,1625,467ab2fb,-0.0,IN5 3TF
f1963879-559,SCH2,56ddd604,1626,467ab2fb,1.0,Z1 7JR
f1fbc3db-714,SCH3,4abd2a72,1627,2cc18388,0.0,GT6 5ZY
f1fbc3db-714,SCH3,fee159fd,1628,2cc18388,-1.0,ON8 5OO
f1fbc3db-714,SCH3,7b45ac5a,1629,2cc18388,2.0,K8 4PT
f1fbc3db-714,SCH3,e9c1d6f1,1630,2cc18388,0.0,X3Y 1FK
f1fbc3db-714,SCH3,ef4dac88,1631,2cc18388,-1.0,JR6J 1UZ
f1fbc3db-714,SCH3,a1dd469e,1632,2cc18388,0.0,IT4 7TA
f3bea166-588,SCH5,ce150797,1633,89335cec,0.0,WY4U 3UQ
f3bea166-588,SCH5,bfb898cc,1634,89335cec,-1.0,YC9E 3AB
f757d6a0-ef6,SCH5,1ecc5d51,1635,36e5aef6,1.0,F5 6QS
f757d6a0-ef6,SCH5,92088c11,1636,36e5aef6,-0.0,XZ7V 4IS
f757d6a0-ef6,SCH5,22d5f7f8,1637,36e5aef6,-1.0,QF4 9CV
f757d6a0-ef6,SCH5,4b9f73f1,1638,36e5aef6,-1.0,EE8 3EB
f757d6a0-ef6,SCH5,7a986cb4,1639,36e5aef6,-1.0,SW3 4LW
f757d6a0-ef6,SCH5,a7c0c90d,1640,36e5aef6,-1.0,NC3E 5WW
f757d6a0-ef6,SCH5,1189b6a4,1641,36e5aef6,1.0,Z9 9TJ
f757d6a0-ef6,SCH5,59f52e79,1642,36e5aef6,-0.0,G9L 5GW
f7efd8be-7b3,SCH5,0a1264b2,1643,2bb191f1,2.0,O7Q 5JJ
f7efd8be-7b3,SCH5,11eebf02,1644,2bb191f1,-1.0,HF5 8GL
f7efd8be-7b3,SCH5,35b04b8b,1645,2bb191f1,1.0,C2E 8GZ
f7f6a248-901,SCH7,bd1d74f8,1646,01e78881,-0.0,LS9P 9JZ
f7f6a248-901,SCH7,c76249ca,1647,01e78881,0.0,NF3 1OO
f7f6a248-901,SCH7,cd8e664e,1648,01e78881,-0.0,IZ6 3EV
f7f6a248-901,SCH7,6c706793,1649,01e78881,0.0,TH9 7QZ
f7f6a248-901,SCH7,442230c2,1650,01e78881,-2.0,H9 6VH
f7f6a248-901,SCH7,aa73424c,1651,01e78881,-1.0,L5 1BE
f7f6a248-901,SCH7,b64f8169,1652,01e78881,0.0,V0 9GG
f7f6a248-901,SCH7,e11b74ef,1653,01e78881,-0.0,CV5E 9WY
f7f6a248-901,SCH7,be68c9c1,1654,01e78881,2.0,G6X 2FD
f88849ec-60a,SCH7,688e2827,1655,caf36b6e,2.0,NF1F 3BV
f88849ec-60a,SCH7,8300ef87,1656,caf36b6e,0.0,M7 3YS
f88849ec-60a,SCH7,b99effd2,1657,caf36b6e,1.0,A8I 3HE
f88849ec-60a,SCH7,3fedc1ed,1658,caf36b6e,0.0,L6 2OB
f88849ec-60a,SCH7,7dbbf74f,1659,caf36b6e,0.0,T1 2OY
f88849ec-60a,SCH7,2c32982e,1660,caf36b6e,0.0,WW9V 1LC
f88849ec-60a,SCH7,f88c9305,1661,caf36b6e,0.0,E7 2NC
f88849ec-60a,SCH7,304c4755,1662,caf36b6e,-2.0,WK6 3AV
f88849ec-60a,SCH7,8f547921,1663,caf36b6e,1.0,K3 6FO
f8b5f0ca-226,SCH4,aeb72c1e,1664,4cce0467,1.0,A4 2EA
f8b5f0ca-226,SCH4,ca49f8ee,1665,4cce0467,-0.0,P2 8QM
f8b5f0ca-226,SCH4,932bcf79,1666,4cce0467,-0.0,X3A 2JR
f8b5f0ca-226,SCH4,337dfd1e,1667,4cce0467,0.0,I0 1QA
f8b5f0ca-226,SCH4,9910fbad,1668,4cce0467,-1.0,OG4 8EG
f8b6e3eb-be1,SCH5,e3845d23,1669,cd03fa1e,-0.0,K9 2ZK
f8b6e3eb-be1,SCH5,a30c794c,1670,cd03fa1e,1.0,P1G 3YA
f8b6e3eb-be1,SCH5,cd462992,1671,cd03fa1e,-1.0,D3 3QH
f8b6e3eb-be1,SCH5,18bacc4b,1672,cd03fa1e,0.0,X6 7MZ
f8b6e3eb-be1,SCH5,90d87ab5,1673,cd03fa1e,1.0,TR4C 1YK
f8b6e3eb-be1,SCH5,e2752e0d,1674,cd03fa1e,-2.0,ZE1O 9UU
f8b6e3eb-be1,SCH5,e9af444d,1675,cd03fa1e,1.0,WL2R 9QS
f8b6e3eb-be1,SCH5,406659b6,1676,cd03fa1e,1.0,T0F 6IZ
f8b6e3eb-be1,SCH5,86f5db6c,1677,cd03fa1e,-0.0,SJ7K 0WF
fb37209b-0f4,SCH5,b53e6022,1678,a9d1c5aa,-1.0,MN0M 3RC
fb37209b-0f4,SCH5,de52f272,1679,a9d1c5aa,1.0,UG8V 0VG
fdbda661-0a5,SCH8,7ebaa5f9,1680,42ba3cae,0.0,L4 7HU
fdbda661-0a5,SCH8,77cd34a3,1681,42ba3cae,1.0,D8O 3FI
ff7e8742-36a,SCH1,5530df12,1682,028b2fb3,-0.0,IO4J 9OG
ff7e8742-36a,SCH1,6a7120b2,1683,028b2fb3,1.0,MU7 0LV
ff7e8742-36a,SCH1,0dd6427f,1684,028b2fb3,-0.0,QS5Y 9EJ
ff7e8742-36a,SCH1,30298332,1685,028b2fb3,1.0,ZT1 1FO
ff7e8742-36a,SCH1,46895156,1686,028b2fb3,-0.0,NP7B 6WZ
ff7e8742-36a,SCH1,e5bae489,1687,028b2fb3,1.0,DW1 3NU
ff7e8742-36a,SCH1,c4ee3942,1688,028b2fb3,-0.0,I5Z 0YN
ff7e8742-36a,SCH1,032ef7b9,1689,028b2fb3,-1.0,X4R 2UL
ff7e8742-36a,SCH1,ab66ca0d,1690,028b2fb3,-0.0,WD2F 7AF
ff8fe436-66a,SCH3,fc77fd7c,1691,6dff1794,0.0,Z1 1WV
ff8fe436-66a,SCH3,cc45e5ac,1692,6dff1794,1.0,MC2L 1AU
ff8fe436-66a,SCH3,595af328,1693,6dff1794,-0.0,H5S 6AO
ff8fe436-66a,SCH3,1a02e6cb,1694,6dff1794,-1.0,C9 4VK
ff8fe436-66a,SCH3,1abb0194,1695,6dff1794,-1.0,T3 1RT
ff8fe436-66a,SCH3,71c7d744,1696,6dff1794,-0.0,A6D 4PJ
ff8fe436-66a,SCH3,f5c7cc0a,1697,6dff1794,0.0,JI5 2GF
ff8fe436-66a,SCH3,af280e8e,1698,6dff1794,0.0,TF0K 6LB
