pupilnolongeronrolltableid,NativeId,summerhalfterm2sessiondetailsoffrolltableid,summerhalfterm2sessiondetailsoffrollorderseqcolumn,sourceid,sessions,attendancereason
01080e0c-45b,SCH5,5a457e13,1,8140d532,134.0,E
01080e0c-45b,SCH5,2243a387,4,8140d532,128.0,G
01080e0c-45b,SCH5,9328956a,3,8140d532,127.0,I
01080e0c-45b,SCH5,a41ddf02,7,8140d532,135.0,O
01080e0c-45b,SCH5,a3b93ea2,6,8140d532,124.0,T
01080e0c-45b,SCH5,ac328d92,2,8140d532,130.0,Z
01dfc5f8-834,SCH2,55e142b0,10,bbb88aae,132.0,E
01dfc5f8-834,SCH2,79e1f438,9,bbb88aae,130.0,I
01dfc5f8-834,SCH2,6355d9cf,13,bbb88aae,136.0,N
01dfc5f8-834,SCH2,265fb812,14,bbb88aae,121.0,O
01dfc5f8-834,SCH2,1ce599ef,12,bbb88aae,139.0,S
0328b124-b96,SCH8,5b4327c8,19,37cce5c6,125.0,C
0328b124-b96,SCH8,08c22c20,16,37cce5c6,140.0,G
0328b124-b96,SCH8,9a304347,17,37cce5c6,136.0,M
0328b124-b96,SCH8,92aac523,22,37cce5c6,125.0,O
0328b124-b96,SCH8,74957595,20,37cce5c6,119.0,R
0328b124-b96,SCH8,9dc3cb13,25,37cce5c6,127.0,S
0328b124-b96,SCH8,f7e7b2e9,18,37cce5c6,126.0,U
0328b124-b96,SCH8,dac16593,23,37cce5c6,137.0,Y3
036af847-83a,SCH8,c6deb620,30,71a1a214,129.0,E
036af847-83a,SCH8,17d68f3d,31,71a1a214,123.0,I
036af847-83a,SCH8,03969fe9,27,71a1a214,128.0,J1
036af847-83a,SCH8,485eb7e6,29,71a1a214,129.0,M
036af847-83a,SCH8,73ca7b45,26,71a1a214,132.0,Z
0692560f-4c8,SCH6,b054fe48,32,29d9d02b,129.0,M
06d15343-253,SCH2,4c651f1e,37,cb1df8d8,137.0,E
06d15343-253,SCH2,77c21516,36,cb1df8d8,133.0,I
06d15343-253,SCH2,7bc52deb,33,cb1df8d8,130.0,J1
06d15343-253,SCH2,84645750,35,cb1df8d8,130.0,M
06d15343-253,SCH2,20eda9e6,38,cb1df8d8,131.0,R
06d15343-253,SCH2,a5707357,41,cb1df8d8,131.0,S
06d15343-253,SCH2,b3f18b49,34,cb1df8d8,122.0,X
074ac27e-041,SCH3,b2b947ed,43,6a9c6bac,125.0,C
074ac27e-041,SCH3,d7dedb7f,45,6a9c6bac,121.0,I
074ac27e-041,SCH3,fe3c04e8,42,6a9c6bac,135.0,M
07988c39-7b6,SCH6,c142e29b,47,15087d4c,139.0,E
07988c39-7b6,SCH6,e105ccaa,50,15087d4c,125.0,G
07988c39-7b6,SCH6,f7522ada,46,15087d4c,139.0,O
07988c39-7b6,SCH6,dfd636eb,51,15087d4c,135.0,R
07988c39-7b6,SCH6,aaa79272,48,15087d4c,131.0,Y3
0903e6de-706,SCH5,0dc39df3,54,f53547ae,135.0,C
0903e6de-706,SCH5,b978d5e2,52,f53547ae,144.0,E
0903e6de-706,SCH5,14e99586,60,f53547ae,134.0,I
0903e6de-706,SCH5,48362829,53,f53547ae,125.0,M
0903e6de-706,SCH5,23d1a29d,56,f53547ae,125.0,R
0903e6de-706,SCH5,ae12b6b9,57,f53547ae,138.0,S
0903e6de-706,SCH5,33e62bcb,58,f53547ae,131.0,T
0903e6de-706,SCH5,8df99493,55,f53547ae,134.0,Y3
096a33fd-3c4,SCH6,3fc57ebb,62,4f873fb9,135.0,M
096a33fd-3c4,SCH6,3b297352,61,4f873fb9,127.0,R
0a3d35fa-4a0,SCH5,0cb014fc,69,a2065eca,127.0,E
0a3d35fa-4a0,SCH5,2b4a0ac1,64,a2065eca,129.0,I
0a3d35fa-4a0,SCH5,c2413e89,66,a2065eca,131.0,J1
0a3d35fa-4a0,SCH5,401fa81a,72,a2065eca,130.0,N
0a3d35fa-4a0,SCH5,590926b3,65,a2065eca,133.0,O
0b680153-77d,SCH6,d297b684,73,1d3246f9,132.0,C
0b680153-77d,SCH6,88531d04,79,1d3246f9,134.0,G
0b680153-77d,SCH6,89e8009f,76,1d3246f9,124.0,I
0b680153-77d,SCH6,2e3a51f4,74,1d3246f9,130.0,J1
0b680153-77d,SCH6,70919625,78,1d3246f9,126.0,M
0b680153-77d,SCH6,d4cf1830,81,1d3246f9,125.0,N
0b680153-77d,SCH6,3be3bf08,77,1d3246f9,126.0,O
0b680153-77d,SCH6,76b410f1,80,1d3246f9,126.0,S
0b680153-77d,SCH6,995846b4,75,1d3246f9,123.0,Y3
0be50e5b-a48,SCH8,57faa1c0,82,71a4a4dd,135.0,E
0d6cae32-9fa,SCH6,fa7c14a0,85,27388f26,124.0,C
0d6cae32-9fa,SCH6,fe7ade5b,84,27388f26,122.0,I
0d6cae32-9fa,SCH6,207ca001,83,27388f26,124.0,N
0d6cae32-9fa,SCH6,0cf54f65,88,27388f26,,R
0d6cae32-9fa,SCH6,6f2a38a2,87,27388f26,126.0,T
0e6c3ea7-acc,SCH7,9f1c6595,92,56ff8eea,122.0,C
0e6c3ea7-acc,SCH7,7ae7f503,94,56ff8eea,130.0,E
0e6c3ea7-acc,SCH7,204295f2,90,56ff8eea,122.0,I
0e6c3ea7-acc,SCH7,98abd512,93,56ff8eea,,J1
0e6c3ea7-acc,SCH7,0b629475,91,56ff8eea,125.0,O
0e6c3ea7-acc,SCH7,18eeb381,89,56ff8eea,128.0,Y3
0f61728c-0fd,SCH4,69afff53,100,55dfc58d,126.0,C
0f61728c-0fd,SCH4,53044ce6,101,55dfc58d,127.0,G
0f61728c-0fd,SCH4,32d9c24e,105,55dfc58d,125.0,J1
0f61728c-0fd,SCH4,cef8cc65,98,55dfc58d,127.0,M
0f61728c-0fd,SCH4,73e3c206,102,55dfc58d,124.0,O
0f61728c-0fd,SCH4,eb2f4f55,97,55dfc58d,131.0,R
0f61728c-0fd,SCH4,b91e38eb,103,55dfc58d,136.0,T
0f61728c-0fd,SCH4,ce2832a8,99,55dfc58d,124.0,Y3
0f665c65-dc2,SCH8,c40d16fd,110,11e52f82,,C
0f665c65-dc2,SCH8,6de14794,107,11e52f82,128.0,G
0f665c65-dc2,SCH8,372b2b01,106,11e52f82,144.0,I
1071e2d9-c65,SCH5,402fd614,113,ebf3c7cc,130.0,C
1071e2d9-c65,SCH5,77f8cf69,112,ebf3c7cc,125.0,G
1071e2d9-c65,SCH5,5a23be2a,114,ebf3c7cc,135.0,J1
112d828e-d30,SCH3,8d9b9a39,116,528d3c70,131.0,C
112d828e-d30,SCH3,7b7568b4,121,528d3c70,128.0,G
112d828e-d30,SCH3,9dd9caea,118,528d3c70,,I
112d828e-d30,SCH3,1cf36c62,117,528d3c70,126.0,J1
112d828e-d30,SCH3,a5b63160,115,528d3c70,127.0,M
112d828e-d30,SCH3,66530508,119,528d3c70,127.0,N
112d828e-d30,SCH3,05700521,122,528d3c70,131.0,U
11c1db33-719,SCH3,2ae1e775,125,414ec460,130.0,E
11c1db33-719,SCH3,aeef064d,124,414ec460,133.0,I
11c1db33-719,SCH3,66af37aa,128,414ec460,124.0,N
11c1db33-719,SCH3,e085736f,127,414ec460,128.0,O
11c1db33-719,SCH3,1ee00900,126,414ec460,129.0,R
12006ab5-3c9,SCH4,03a76c96,130,4987af6d,127.0,E
12006ab5-3c9,SCH4,ea6631a4,129,4987af6d,131.0,G
12006ab5-3c9,SCH4,76571081,131,4987af6d,128.0,O
12975d34-d08,SCH1,4ecc6042,133,fe0b491f,128.0,C
12975d34-d08,SCH1,4be8d8af,132,fe0b491f,134.0,G
12975d34-d08,SCH1,f9448b7e,134,fe0b491f,130.0,R
1443ef7d-d85,SCH6,57f49ff4,139,adc300b0,131.0,C
1443ef7d-d85,SCH6,b61308ed,137,adc300b0,130.0,G
1443ef7d-d85,SCH6,0781540a,142,adc300b0,136.0,I
14784faa-02d,SCH4,af4a167c,147,8a60780b,130.0,I
14784faa-02d,SCH4,f6409086,149,8a60780b,140.0,R
15599ab9-8db,SCH3,56675771,154,8d9e89fa,124.0,E
15599ab9-8db,SCH3,fdd0b4a4,152,8d9e89fa,132.0,J1
15599ab9-8db,SCH3,5dce0589,153,8d9e89fa,133.0,M
15599ab9-8db,SCH3,1216da92,150,8d9e89fa,131.0,O
15599ab9-8db,SCH3,0638d998,151,8d9e89fa,135.0,R
1562cc94-53b,SCH3,e7054990,161,ae5952e4,134.0,C
1562cc94-53b,SCH3,4664cf21,162,ae5952e4,126.0,I
1562cc94-53b,SCH3,c77c440c,164,ae5952e4,134.0,J1
1562cc94-53b,SCH3,c8d56ed2,158,ae5952e4,135.0,M
1562cc94-53b,SCH3,e5ecf74f,160,ae5952e4,131.0,O
1562cc94-53b,SCH3,137de022,163,ae5952e4,132.0,R
1562cc94-53b,SCH3,b732b3c3,159,ae5952e4,126.0,U
1562cc94-53b,SCH5,d452ca2c,156,436110e1,135.0,C
1562cc94-53b,SCH5,cfeef371,157,436110e1,129.0,N
163ef103-bdf,SCH3,4c17c666,165,ddf91af6,129.0,#
163ef103-bdf,SCH3,7dadbd63,166,ddf91af6,137.0,N
1654402c-bea,SCH8,18aa27bd,167,830e1666,131.0,M
168eb4ea-88e,SCH3,d7aa9bae,173,d7ea8c18,127.0,E
168eb4ea-88e,SCH3,73f9ba6f,171,d7ea8c18,129.0,G
168eb4ea-88e,SCH3,9174f862,169,d7ea8c18,123.0,J1
168eb4ea-88e,SCH3,46bedc04,170,d7ea8c18,128.0,O
168eb4ea-88e,SCH3,84aad6ea,175,d7ea8c18,121.0,X
16cc8db8-9ef,SCH1,fb699908,176,68a60631,133.0,E
16cc8db8-9ef,SCH1,cf23ee23,177,68a60631,124.0,J1
16cc8db8-9ef,SCH6,b4ba7b68,178,1ec6e30e,137.0,C
16cc8db8-9ef,SCH6,2e22a708,179,1ec6e30e,132.0,G
16cc8db8-9ef,SCH6,8986006f,181,1ec6e30e,137.0,I
16cc8db8-9ef,SCH6,bc948b73,184,1ec6e30e,119.0,M
16cc8db8-9ef,SCH6,6e8fd1e4,185,1ec6e30e,119.0,T
16cc8db8-9ef,SCH6,73f53bc9,183,1ec6e30e,132.0,U
16d4ed7f-9ee,SCH2,5a03eed9,187,526ef8ba,133.0,M
16d4ed7f-9ee,SCH2,c1023a1f,186,526ef8ba,115.0,O
1731e571-660,SCH4,523ad68d,191,ebc58fd7,123.0,G
1731e571-660,SCH4,b2c8c6e4,188,ebc58fd7,131.0,M
1731e571-660,SCH4,eff74c85,189,ebc58fd7,130.0,N
1731e571-660,SCH4,94ed324f,193,ebc58fd7,130.0,S
1731e571-660,SCH4,328457c5,190,ebc58fd7,140.0,U
1893358a-01a,SCH5,2808ea76,197,bb24b936,133.0,E
1893358a-01a,SCH5,6a1d349f,198,bb24b936,131.0,G
1893358a-01a,SCH5,3704f696,194,bb24b936,128.0,N
1893358a-01a,SCH5,90301770,196,bb24b936,117.0,S
1893358a-01a,SCH5,82d70b1f,195,bb24b936,139.0,X
18c2cbf3-3cf,SCH8,1a266a99,204,3b7c002b,130.0,C
18c2cbf3-3cf,SCH8,ee8a732a,200,3b7c002b,131.0,E
18c2cbf3-3cf,SCH8,a05429f6,202,3b7c002b,124.0,G
18c2cbf3-3cf,SCH8,128859c5,206,3b7c002b,129.0,J1
18c2cbf3-3cf,SCH8,bca1db13,201,3b7c002b,131.0,S
18c2cbf3-3cf,SCH8,c017017f,205,3b7c002b,132.0,T
18c2cbf3-3cf,SCH8,d7b94636,203,3b7c002b,130.0,Z
1954a7ee-06b,SCH7,51bf3771,208,f6eeebea,134.0,G
1a3e9dee-5ba,SCH8,a8f03737,211,ca1f5927,135.0,G
1a3e9dee-5ba,SCH8,257c5476,209,ca1f5927,133.0,I
1a3e9dee-5ba,SCH8,00407923,210,ca1f5927,126.0,R
1b79dc2b-dd0,SCH2,337c9092,215,f4d7984e,130.0,E
1b79dc2b-dd0,SCH2,a27f8510,213,f4d7984e,126.0,I
1b79dc2b-dd0,SCH2,7507570f,212,f4d7984e,140.0,M
1b79dc2b-dd0,SCH2,ec33e58c,217,f4d7984e,135.0,S
1b79dc2b-dd0,SCH2,b77b68a4,218,f4d7984e,130.0,U
1d4d45cb-6e1,SCH6,2e1da4a4,221,c9df28cf,134.0,C
1d4d45cb-6e1,SCH6,948a16a9,223,c9df28cf,136.0,J1
1d4d45cb-6e1,SCH6,75cdbb6f,220,c9df28cf,128.0,N
1d4d45cb-6e1,SCH6,5742eb60,222,c9df28cf,125.0,T
1d7b2d8f-5f0,SCH1,016e4779,231,9d67c204,134.0,C
1d7b2d8f-5f0,SCH1,35b0665b,229,9d67c204,125.0,E
1d7b2d8f-5f0,SCH1,c2247f85,233,9d67c204,130.0,N
1d7b2d8f-5f0,SCH1,a9402fdc,228,9d67c204,128.0,O
1d7cbbae-4fd,SCH5,ed0ef4e1,234,48166086,131.0,I
1d7cbbae-4fd,SCH5,ee027eca,236,48166086,134.0,J1
1d7cbbae-4fd,SCH5,bbaa511b,235,48166086,123.0,O
1e9de64f-25b,SCH6,64fbb386,237,19a3cf00,125.0,C
1e9de64f-25b,SCH6,2ea4fcca,244,19a3cf00,126.0,E
1e9de64f-25b,SCH6,02f207fb,238,19a3cf00,121.0,G
1e9de64f-25b,SCH6,1bbe37d7,242,19a3cf00,130.0,I
1e9de64f-25b,SCH6,76cec760,239,19a3cf00,126.0,N
1e9de64f-25b,SCH6,4d82dfb5,243,19a3cf00,130.0,R
1e9de64f-25b,SCH6,2a11f11c,240,19a3cf00,137.0,T
1ebec59e-da5,SCH5,bf140620,247,2175af90,123.0,C
1ebec59e-da5,SCH5,2a7808b7,246,2175af90,126.0,I
1ebec59e-da5,SCH5,356541d2,245,2175af90,130.0,O
1ebec59e-da5,SCH5,0a4ee52b,249,2175af90,139.0,S
1f828f95-542,SCH3,e26eaaef,251,c258ed2b,121.0,J1
1f828f95-542,SCH3,f811b02e,252,c258ed2b,134.0,O
1f828f95-542,SCH3,96bc0093,250,c258ed2b,138.0,T
1f828f95-542,SCH3,ac4f3657,254,c258ed2b,133.0,Y3
20d86a54-a15,SCH8,127bda52,256,dce0fe00,128.0,I
20d86a54-a15,SCH8,3f4fc31f,257,dce0fe00,130.0,R
20d86a54-a15,SCH8,5775c4ff,255,dce0fe00,126.0,X
22116cd2-249,SCH2,97c8444e,265,ca155ee8,127.0,#
22116cd2-249,SCH2,7c0babbc,259,ca155ee8,137.0,G
22116cd2-249,SCH2,60f4d04b,264,ca155ee8,141.0,M
22116cd2-249,SCH2,36ca6237,258,ca155ee8,127.0,O
22116cd2-249,SCH2,42ef02f6,266,ca155ee8,131.0,R
22116cd2-249,SCH2,0156d9b1,267,ca155ee8,127.0,T
22116cd2-249,SCH2,c6229dd1,262,ca155ee8,120.0,Y3
2275ad2c-647,SCH2,1efeb4c5,271,ad66eb70,130.0,C
2275ad2c-647,SCH2,3ec88423,269,ad66eb70,128.0,I
2275ad2c-647,SCH2,67210383,268,ad66eb70,132.0,J1
2275ad2c-647,SCH2,9ab6b14e,270,ad66eb70,132.0,M
2275ad2c-647,SCH2,6fd9a8bc,273,ad66eb70,133.0,Y3
24086543-42d,SCH5,879c6dfa,275,546a7019,139.0,E
24086543-42d,SCH5,15d017f1,279,546a7019,135.0,G
24086543-42d,SCH5,e953e379,278,546a7019,137.0,I
24086543-42d,SCH5,40ce9e6f,277,546a7019,131.0,N
24086543-42d,SCH5,a96a5150,276,546a7019,124.0,O
24086543-42d,SCH5,bb2eb0d2,280,546a7019,126.0,T
247075c4-446,SCH5,c41a8821,283,7ddd441c,126.0,G
247075c4-446,SCH5,37924b21,284,7ddd441c,,N
247075c4-446,SCH5,8b0b1c15,286,7ddd441c,141.0,O
247075c4-446,SCH5,4414784d,288,7ddd441c,138.0,R
247075c4-446,SCH5,8c72b3b8,282,7ddd441c,137.0,S
247075c4-446,SCH5,6ece41cc,289,7ddd441c,124.0,X
247075c4-446,SCH5,21631547,281,7ddd441c,130.0,Y3
26670992-04f,SCH4,e628b36f,292,5162b970,127.0,G
26670992-04f,SCH4,0d5d21d0,291,5162b970,129.0,M
26670992-04f,SCH4,a1b18f11,294,5162b970,137.0,N
26670992-04f,SCH4,539f394a,290,5162b970,128.0,S
26670992-04f,SCH4,c01f81f9,296,5162b970,125.0,X
26c5dfea-fc4,SCH7,65787316,297,2a2dffd8,132.0,M
276b1e45-2cd,SCH1,58b03304,306,471b13c3,128.0,I
276b1e45-2cd,SCH1,f18e5622,304,471b13c3,134.0,J1
276b1e45-2cd,SCH1,1a69a28b,307,471b13c3,129.0,S
276b1e45-2cd,SCH1,120607e1,305,471b13c3,126.0,Y3
276b1e45-2cd,SCH5,eaf0a8e2,301,657ca26d,131.0,#
276b1e45-2cd,SCH5,f0e6f27c,302,657ca26d,123.0,C
276b1e45-2cd,SCH5,9370eae4,303,657ca26d,124.0,M
276b1e45-2cd,SCH5,66980240,299,657ca26d,122.0,R
276b1e45-2cd,SCH5,e08aa722,300,657ca26d,132.0,S
276b1e45-2cd,SCH5,02bbad78,298,657ca26d,132.0,T
27746f0c-2a4,SCH5,fb107f21,308,2569ce7c,130.0,O
283fb12f-a07,SCH7,554c632b,313,f6d433e5,137.0,C
283fb12f-a07,SCH7,c4917656,316,f6d433e5,134.0,G
283fb12f-a07,SCH7,4bb0f480,312,f6d433e5,131.0,I
283fb12f-a07,SCH7,d3d5f985,309,f6d433e5,135.0,J1
283fb12f-a07,SCH7,48168c90,311,f6d433e5,134.0,N
283fb12f-a07,SCH7,66f01e65,315,f6d433e5,132.0,Y3
28bd0049-3b0,SCH6,e533244d,317,1318c755,,E
28bd0049-3b0,SCH6,bf3f0887,320,1318c755,133.0,G
28bd0049-3b0,SCH6,304188fc,321,1318c755,124.0,I
28bd0049-3b0,SCH6,0c58d6c5,322,1318c755,129.0,J1
28bd0049-3b0,SCH6,28b1ba5a,319,1318c755,127.0,N
28bd0049-3b0,SCH6,5bd8f7d6,318,1318c755,129.0,U
28f9c03e-592,SCH1,87c4db55,324,029622f3,120.0,G
299dc74b-cf5,SCH4,6d523731,325,1ba6d919,135.0,C
299dc74b-cf5,SCH4,9202efd0,329,1ba6d919,127.0,G
299dc74b-cf5,SCH4,116a5f2c,330,1ba6d919,135.0,I
299dc74b-cf5,SCH4,f02a9e49,327,1ba6d919,125.0,J1
299dc74b-cf5,SCH4,8c0e6028,326,1ba6d919,125.0,N
299dc74b-cf5,SCH4,e39e5737,333,1ba6d919,135.0,O
299dc74b-cf5,SCH4,4c7df608,332,1ba6d919,121.0,R
299dc74b-cf5,SCH4,dce3d77c,328,1ba6d919,130.0,U
2b7b8941-9c4,SCH7,9c895800,334,60e5c24e,134.0,O
2b7b8941-9c4,SCH7,21a1a060,335,60e5c24e,134.0,R
2cbd0b69-214,SCH7,451a7363,337,da4161c4,126.0,J1
2cbd0b69-214,SCH7,5572a9e1,338,da4161c4,126.0,R
2cbd0b69-214,SCH7,0abc0f66,336,da4161c4,133.0,U
2d725523-695,SCH5,755d4e45,339,226e49f5,128.0,I
2e9061d6-bd2,SCH2,a1a2228a,342,340c9478,135.0,I
2e9061d6-bd2,SCH2,2cf325b0,340,340c9478,136.0,U
2e9061d6-bd2,SCH2,5cbbe14c,341,340c9478,131.0,Y3
2e9061d6-bd2,SCH7,ec884723,348,63aa5055,132.0,C
2e9061d6-bd2,SCH7,edeadd3b,347,63aa5055,124.0,E
2e9061d6-bd2,SCH7,887e2f3f,344,63aa5055,131.0,J1
2e9061d6-bd2,SCH7,483ce3b8,346,63aa5055,131.0,M
2e9061d6-bd2,SCH7,15dc4dcd,343,63aa5055,136.0,R
2fe6779e-38f,SCH3,717e6d8d,350,4c3ee410,127.0,I
30685158-c9d,SCH7,6e848431,354,5e9fdd6c,128.0,E
30685158-c9d,SCH7,e9cfa2d5,357,5e9fdd6c,141.0,G
30685158-c9d,SCH7,85e0bdf5,358,5e9fdd6c,136.0,J1
30685158-c9d,SCH7,c3caec30,352,5e9fdd6c,127.0,N
30685158-c9d,SCH7,42b66145,351,5e9fdd6c,133.0,U
306997fd-d42,SCH1,70c36edd,364,ab87885d,128.0,#
306997fd-d42,SCH1,f77b8798,362,ab87885d,132.0,G
306997fd-d42,SCH1,1e277ec5,365,ab87885d,134.0,J1
306997fd-d42,SCH1,3d86f5b7,367,ab87885d,126.0,M
306997fd-d42,SCH1,257b8668,361,ab87885d,127.0,O
306997fd-d42,SCH1,e191082a,360,ab87885d,132.0,R
30919da5-13d,SCH2,e3a213a2,372,82b5fbd4,129.0,I
30919da5-13d,SCH2,54804808,368,82b5fbd4,138.0,J1
30919da5-13d,SCH2,6a8fd671,370,82b5fbd4,131.0,M
30919da5-13d,SCH2,c5ce419c,369,82b5fbd4,134.0,O
30919da5-13d,SCH2,fee5beb9,374,82b5fbd4,124.0,R
30919da5-13d,SCH2,58ac8d86,371,82b5fbd4,124.0,T
30c7e295-8fe,SCH7,d090c4c8,376,3ee78e9e,127.0,E
30c7e295-8fe,SCH7,f57a371b,375,3ee78e9e,133.0,M
30c7e295-8fe,SCH7,6ac74e0d,377,3ee78e9e,132.0,O
3168e844-e66,SCH2,f83cc873,381,076c534d,127.0,G
3168e844-e66,SCH2,6046020b,380,076c534d,130.0,N
3168e844-e66,SCH2,7d01cc1e,378,076c534d,132.0,O
3168e844-e66,SCH2,2e330aee,379,076c534d,126.0,T
321a806e-1cb,SCH8,aeb0146b,383,28280caf,123.0,E
321a806e-1cb,SCH8,150cb0d6,386,28280caf,129.0,G
321a806e-1cb,SCH8,89b46ada,385,28280caf,140.0,J1
321a806e-1cb,SCH8,f182dd7f,384,28280caf,141.0,R
32fc6627-1b1,SCH6,29c86cf1,387,d0e97d84,123.0,C
32fc6627-1b1,SCH6,d8660569,394,d0e97d84,133.0,E
32fc6627-1b1,SCH6,6cdb9682,389,d0e97d84,124.0,G
32fc6627-1b1,SCH6,6eea0ee5,390,d0e97d84,134.0,I
32fc6627-1b1,SCH6,9700d78a,395,d0e97d84,128.0,J1
32fc6627-1b1,SCH6,845d8331,393,d0e97d84,121.0,M
32fc6627-1b1,SCH6,9d817a08,388,d0e97d84,127.0,R
35ece27f-2f8,SCH6,518fdccc,397,9c3c9b05,,E
35ece27f-2f8,SCH6,726c4352,396,9c3c9b05,130.0,M
35ece27f-2f8,SCH6,1a338421,398,9c3c9b05,128.0,X
36bff8b2-d86,SCH1,03078947,403,5239eb3a,132.0,G
36bff8b2-d86,SCH1,f0cac73f,401,5239eb3a,136.0,M
36bff8b2-d86,SCH1,20d4ef01,400,5239eb3a,131.0,O
36bff8b2-d86,SCH1,6dfff6f8,402,5239eb3a,126.0,R
36bff8b2-d86,SCH1,c398a464,399,5239eb3a,123.0,Z
37699aaf-cdc,SCH8,b597cdd6,405,bef96e2c,129.0,#
37699aaf-cdc,SCH8,10a532d5,406,bef96e2c,136.0,C
37699aaf-cdc,SCH8,82370269,404,bef96e2c,131.0,E
37699aaf-cdc,SCH8,1e4bb9ec,409,bef96e2c,121.0,G
37699aaf-cdc,SCH8,06e58c84,407,bef96e2c,132.0,J1
37699aaf-cdc,SCH8,b3ef3554,410,bef96e2c,135.0,M
37699aaf-cdc,SCH8,23a50b55,411,bef96e2c,125.0,O
37699aaf-cdc,SCH8,cdd639b8,408,bef96e2c,128.0,X
37a7936b-27f,SCH6,122af693,414,5fee063c,133.0,E
37a7936b-27f,SCH6,8865324b,416,5fee063c,131.0,I
37a7936b-27f,SCH6,a5e338fb,418,5fee063c,130.0,J1
37a7936b-27f,SCH6,c364ba5a,420,5fee063c,127.0,O
37a7936b-27f,SCH6,ce80da52,413,5fee063c,132.0,S
37a7936b-27f,SCH6,d6fcbfae,417,5fee063c,135.0,U
37a7936b-27f,SCH6,eb7bba4b,422,5fee063c,125.0,Y3
37ec12e3-407,SCH6,7502af39,424,f20b65e3,130.0,I
37ec12e3-407,SCH6,02cbc477,428,f20b65e3,134.0,N
37ec12e3-407,SCH6,cdac1e8a,427,f20b65e3,132.0,O
37ec12e3-407,SCH6,fc2a206d,423,f20b65e3,134.0,R
37ec12e3-407,SCH6,866e1034,425,f20b65e3,131.0,U
382bdc5f-f19,SCH2,f5db7a0d,433,93168587,126.0,E
382bdc5f-f19,SCH2,6784d6ee,431,93168587,133.0,G
382bdc5f-f19,SCH2,eabd78c9,429,93168587,129.0,J1
382bdc5f-f19,SCH2,cdb33a97,434,93168587,125.0,M
382bdc5f-f19,SCH2,f80e731c,432,93168587,120.0,R
3983cb6d-635,SCH7,0552e18e,440,edee4ed5,134.0,E
3983cb6d-635,SCH7,a6dd9b79,435,edee4ed5,136.0,G
3983cb6d-635,SCH7,de244118,436,edee4ed5,121.0,I
3983cb6d-635,SCH7,6def56fb,442,edee4ed5,128.0,M
3983cb6d-635,SCH7,6a0c38df,443,edee4ed5,133.0,N
3983cb6d-635,SCH7,f1811da4,439,edee4ed5,133.0,U
3983cb6d-635,SCH7,26ceeef6,437,edee4ed5,126.0,X
39f6c3f6-043,SCH5,162a6927,444,0286e4af,119.0,G
39f6c3f6-043,SCH5,675c45c5,445,0286e4af,140.0,M
3a2e596c-42c,SCH8,05019fbd,449,1e784caa,130.0,C
3a2e596c-42c,SCH8,aa8a3888,451,1e784caa,129.0,M
3a2e596c-42c,SCH8,540a368c,446,1e784caa,130.0,N
3a2e596c-42c,SCH8,ccb0665d,448,1e784caa,132.0,U
3a4c7f7c-658,SCH2,7da3d758,454,b385e86c,132.0,O
3a4c7f7c-658,SCH2,e893f910,453,b385e86c,134.0,S
3a4c7f7c-658,SCH2,e1c9ca9c,455,b385e86c,130.0,Y3
3a804849-d12,SCH4,7a60d218,458,756f50cf,125.0,C
3a804849-d12,SCH4,5991dcee,459,756f50cf,128.0,G
3a804849-d12,SCH4,844cf447,456,756f50cf,137.0,J1
3a804849-d12,SCH4,b7f56ccd,461,756f50cf,122.0,M
3a804849-d12,SCH4,8524a2d7,465,756f50cf,125.0,N
3a804849-d12,SCH4,63876264,457,756f50cf,133.0,O
3a804849-d12,SCH4,be44d0e8,463,756f50cf,127.0,R
3b1f1d81-87e,SCH6,2bb5a156,470,01c7ba65,136.0,E
3b1f1d81-87e,SCH6,da5f0811,466,01c7ba65,131.0,G
3b1f1d81-87e,SCH6,36dade2a,467,01c7ba65,129.0,J1
3b1f1d81-87e,SCH6,2bf844c6,471,01c7ba65,129.0,M
3bad4efe-d6f,SCH5,8aac39b9,474,e4165bed,130.0,C
3dfe61ff-aa3,SCH8,d315e062,477,a58f07f3,126.0,E
3dfe61ff-aa3,SCH8,31dcb53c,475,a58f07f3,127.0,N
3dfe61ff-aa3,SCH8,30c7d581,476,a58f07f3,125.0,T
3e8ec835-807,SCH2,84e7ffa8,479,8f1d0334,129.0,C
3e8ec835-807,SCH2,00c0daef,482,8f1d0334,134.0,E
3e8ec835-807,SCH2,55a7347c,480,8f1d0334,130.0,N
3e8ec835-807,SCH2,230dd6c8,483,8f1d0334,127.0,O
3e8ec835-807,SCH2,12305b9e,478,8f1d0334,137.0,X
3e8ec835-807,SCH2,7fe582f1,481,8f1d0334,140.0,Z
3f16848e-29e,SCH5,b4128982,485,d1b2caaa,128.0,E
3f16848e-29e,SCH5,d9221d3d,486,d1b2caaa,135.0,J1
3f16848e-29e,SCH5,1df715df,487,d1b2caaa,124.0,N
41be4345-c0e,SCH3,1e8b07d0,492,3b52fe28,129.0,#
41be4345-c0e,SCH3,8cc9cf64,491,3b52fe28,129.0,M
41d37c9d-866,SCH6,445c421c,494,c612d990,136.0,N
41d37c9d-866,SCH6,1eb58b0b,493,c612d990,126.0,X
4263c1aa-20f,SCH6,68d16eb8,496,40c25f3b,116.0,C
4263c1aa-20f,SCH6,d7b5abf7,495,40c25f3b,128.0,M
42e1c81b-046,SCH4,08b3ec25,499,ea8d7f8b,130.0,C
42e1c81b-046,SCH4,4b7cbc32,500,ea8d7f8b,127.0,J1
42e1c81b-046,SCH4,2f239d4e,502,ea8d7f8b,132.0,M
46a5f26c-5f9,SCH3,1839e918,505,42dbefea,129.0,C
46a5f26c-5f9,SCH3,b75f0081,504,42dbefea,131.0,E
46a5f26c-5f9,SCH3,386ee354,503,42dbefea,126.0,Z
476fb5bd-08b,SCH8,07b1e4ef,506,eb2f9b4d,131.0,Z
4994be27-d14,SCH1,68a8d380,507,1c5b75fa,125.0,E
4994be27-d14,SCH1,1108f422,508,1c5b75fa,132.0,R
4b7f2450-a28,SCH1,870742d6,509,2ba4cd82,127.0,G
4b8d6c3e-e4e,SCH5,a0c3ee48,516,ae25c980,129.0,C
4b8d6c3e-e4e,SCH5,5ae89ca5,517,ae25c980,133.0,E
4b8d6c3e-e4e,SCH5,ba5cff8e,510,ae25c980,137.0,I
4b8d6c3e-e4e,SCH5,fb0ea11f,511,ae25c980,131.0,N
4b8d6c3e-e4e,SCH5,8f7ede8e,513,ae25c980,128.0,O
4b8d6c3e-e4e,SCH5,d774fb97,512,ae25c980,140.0,T
4b8d6c3e-e4e,SCH5,1aa70d65,514,ae25c980,125.0,U
4d275902-63d,SCH4,29eb8bbb,523,c26c7502,127.0,C
4d275902-63d,SCH4,158ec2bc,521,c26c7502,135.0,G
4d275902-63d,SCH4,e77770ce,520,c26c7502,138.0,J1
4d275902-63d,SCH4,a4af7d27,522,c26c7502,136.0,M
4d275902-63d,SCH4,7f45008b,524,c26c7502,129.0,S
4dbc8a62-839,SCH5,ef9a37a8,540,1dfa3aca,121.0,C
4dbc8a62-839,SCH5,ec6010f2,534,1dfa3aca,132.0,E
4dbc8a62-839,SCH5,e6e487ff,533,1dfa3aca,128.0,J1
4dbc8a62-839,SCH5,a6954cf5,539,1dfa3aca,125.0,N
4dbc8a62-839,SCH5,48acd7b1,536,1dfa3aca,129.0,X
4dbc8a62-839,SCH7,5c544ad6,527,75cd9d52,129.0,C
4dbc8a62-839,SCH7,7593d640,526,75cd9d52,129.0,E
4dbc8a62-839,SCH7,fc46363e,530,75cd9d52,130.0,J1
4dbc8a62-839,SCH7,e638891c,529,75cd9d52,136.0,M
4dbc8a62-839,SCH7,3e4780e7,528,75cd9d52,128.0,N
4dbc8a62-839,SCH7,6150b15b,531,75cd9d52,128.0,T
4dfb4338-908,SCH8,e2b91b24,542,fa303a83,132.0,N
4e234b4d-bd5,SCH7,b6591034,549,44295c4f,124.0,C
4e234b4d-bd5,SCH7,0b9460ab,548,44295c4f,133.0,J1
4e234b4d-bd5,SCH7,5089e7a6,544,44295c4f,132.0,N
4e234b4d-bd5,SCH7,db262828,545,44295c4f,122.0,R
4e234b4d-bd5,SCH7,3ecf7b27,546,44295c4f,128.0,U
4f2de2c1-cd6,SCH6,603b27f9,551,bb3d3a6f,120.0,C
4f2de2c1-cd6,SCH6,bdec07c6,550,bb3d3a6f,,E
4f2de2c1-cd6,SCH6,57590066,552,bb3d3a6f,135.0,J1
4f2de2c1-cd6,SCH6,12d4781f,553,bb3d3a6f,129.0,M
4f4dbc1f-b05,SCH4,1b4aad65,556,d4bf372b,131.0,E
4f4dbc1f-b05,SCH4,8f945d1b,555,d4bf372b,131.0,J1
4f4dbc1f-b05,SCH4,28485f7b,554,d4bf372b,126.0,N
504cefaa-4c2,SCH1,d77d0c3b,565,de4e8130,121.0,C
504cefaa-4c2,SCH1,ccf5ce78,559,de4e8130,132.0,G
504cefaa-4c2,SCH1,ea1049d8,557,de4e8130,,J1
504cefaa-4c2,SCH1,7b8aed12,563,de4e8130,134.0,R
504cefaa-4c2,SCH1,df77bcf3,561,de4e8130,130.0,X
504cefaa-4c2,SCH1,d7b1551b,560,de4e8130,128.0,Y3
51611823-18e,SCH1,003aee88,574,76efc407,129.0,#
51611823-18e,SCH1,bffb577e,569,76efc407,134.0,C
51611823-18e,SCH1,1b82ba2e,567,76efc407,127.0,E
51611823-18e,SCH1,1b36008e,571,76efc407,133.0,J1
51611823-18e,SCH1,b8214a81,568,76efc407,130.0,M
51611823-18e,SCH1,01a370d4,570,76efc407,120.0,U
51611823-18e,SCH1,b62cbe8d,573,76efc407,122.0,X
51a66a4a-dba,SCH1,d12d5246,583,7ac31bdd,135.0,C
51a66a4a-dba,SCH1,0862fe19,580,7ac31bdd,125.0,J1
51a66a4a-dba,SCH1,1d3fc530,576,7ac31bdd,126.0,N
51a66a4a-dba,SCH1,74a784bc,577,7ac31bdd,135.0,S
51a66a4a-dba,SCH1,b539ddcd,581,7ac31bdd,137.0,X
51a66a4a-dba,SCH1,d921f335,578,7ac31bdd,132.0,Y3
51a66a4a-dba,SCH1,f008d56c,579,7ac31bdd,129.0,Z
5216b3df-9b9,SCH2,3d885246,584,31a6d22b,128.0,M
5230c3d6-80b,SCH1,03df2d0a,587,137d7571,130.0,I
5230c3d6-80b,SCH1,afd2c84d,586,137d7571,136.0,N
5230c3d6-80b,SCH1,ca7a0c5c,585,137d7571,120.0,Z
525883e7-573,SCH2,84c1e1f9,588,5f600ecb,131.0,E
525883e7-573,SCH2,558712f6,593,5f600ecb,127.0,G
525883e7-573,SCH2,b68e51b9,589,5f600ecb,135.0,I
525883e7-573,SCH2,6caaeacd,590,5f600ecb,,J1
525883e7-573,SCH2,71e6e2b0,594,5f600ecb,130.0,S
525883e7-573,SCH2,27a30eb4,591,5f600ecb,135.0,Z
52776bc2-0ae,SCH2,bf4d9877,597,68d8d09b,126.0,C
52776bc2-0ae,SCH2,c3c5a198,595,68d8d09b,131.0,J1
52776bc2-0ae,SCH2,e8f56194,598,68d8d09b,125.0,R
55967b4a-db9,SCH1,48e8ee21,601,8406b02c,129.0,E
55967b4a-db9,SCH1,44fe179f,599,8406b02c,135.0,G
55967b4a-db9,SCH1,1ba305ce,600,8406b02c,130.0,M
55967b4a-db9,SCH1,b2ed72e1,604,8406b02c,135.0,R
55967b4a-db9,SCH1,a3f2e613,602,8406b02c,128.0,X
56e6f777-e9e,SCH2,8a318700,607,85e36d72,130.0,N
577fa18b-a42,SCH6,048728e2,609,42f0b6f0,133.0,E
577fa18b-a42,SCH6,dcdae226,608,42f0b6f0,136.0,J1
592c7b63-67a,SCH5,0bcea1d7,616,551a02aa,137.0,C
592c7b63-67a,SCH5,de98ca10,617,551a02aa,129.0,E
592c7b63-67a,SCH5,52d91fdd,610,551a02aa,137.0,G
592c7b63-67a,SCH5,ba60dda7,618,551a02aa,130.0,I
592c7b63-67a,SCH5,b8224acc,611,551a02aa,136.0,J1
592c7b63-67a,SCH5,6d17da86,613,551a02aa,128.0,M
592c7b63-67a,SCH5,04fd617a,619,551a02aa,133.0,N
592c7b63-67a,SCH5,6053366a,612,551a02aa,134.0,X
592c7b63-67a,SCH6,2b5a1e0e,620,5864d146,129.0,C
592c7b63-67a,SCH6,e06682d5,626,5864d146,127.0,I
592c7b63-67a,SCH6,24363934,625,5864d146,130.0,J1
592c7b63-67a,SCH6,f9df9bbb,624,5864d146,127.0,M
592c7b63-67a,SCH6,9bbe86ff,621,5864d146,133.0,N
592c7b63-67a,SCH6,7feb5881,622,5864d146,128.0,R
592c7b63-67a,SCH6,da48cc7a,623,5864d146,137.0,Z
599b0699-6d2,SCH7,1d0394c9,627,723b0f96,129.0,C
599b0699-6d2,SCH7,8910ebb7,630,723b0f96,127.0,E
599b0699-6d2,SCH7,18102294,628,723b0f96,138.0,I
599b0699-6d2,SCH7,eacd1210,632,723b0f96,131.0,O
599b0699-6d2,SCH7,e81606a3,629,723b0f96,134.0,S
5a69b6d3-776,SCH1,2c8dfc9f,636,5f435680,133.0,I
5a69b6d3-776,SCH1,a6124a59,637,5f435680,,J1
5a69b6d3-776,SCH1,36419dee,634,5f435680,129.0,M
5a69b6d3-776,SCH1,0191fb75,635,5f435680,129.0,U
5a90b96e-dc0,SCH4,e51ccf4a,641,68a62360,138.0,#
5a90b96e-dc0,SCH4,5f708760,642,68a62360,,C
5a90b96e-dc0,SCH4,43604000,643,68a62360,130.0,J1
5a90b96e-dc0,SCH4,90851f87,638,68a62360,126.0,M
5a90b96e-dc0,SCH4,993ed8eb,645,68a62360,130.0,T
5a90b96e-dc0,SCH4,0c639e88,640,68a62360,134.0,U
5ab99577-d4b,SCH4,946320dc,651,efb05069,127.0,C
5ab99577-d4b,SCH4,4d981aaa,647,efb05069,134.0,E
5ab99577-d4b,SCH4,d903f19a,654,efb05069,123.0,I
5ab99577-d4b,SCH4,7e7c36b6,650,efb05069,130.0,M
5ab99577-d4b,SCH4,383ee619,649,efb05069,132.0,N
5ab99577-d4b,SCH4,62aca3b1,653,efb05069,137.0,O
5ab99577-d4b,SCH4,bd344084,646,efb05069,132.0,S
5b9df564-b4b,SCH5,70ae6b53,656,050c0cf5,125.0,C
5dd4fb52-0fe,SCH1,fa5b4823,659,b7380476,120.0,I
5dd4fb52-0fe,SCH1,87b1526f,658,b7380476,130.0,J1
5dd4fb52-0fe,SCH1,5f2767b6,660,b7380476,121.0,N
5dd4fb52-0fe,SCH1,2d62f4f9,662,b7380476,133.0,S
5dd4fb52-0fe,SCH1,4b797ab7,657,b7380476,126.0,T
5e9b0399-7ad,SCH3,14ecf34a,664,9bda7ec5,132.0,E
5e9b0399-7ad,SCH3,ccf6214c,665,9bda7ec5,127.0,N
5e9b0399-7ad,SCH3,fd5628d1,666,9bda7ec5,125.0,U
5ea80c75-03d,SCH8,b78418e3,667,e5ffd105,127.0,E
5ea80c75-03d,SCH8,e19f28be,668,e5ffd105,137.0,G
5ea80c75-03d,SCH8,c3938780,669,e5ffd105,128.0,Y3
62bf83d0-86e,SCH1,621f5642,671,d03d45bd,125.0,G
62bf83d0-86e,SCH1,167ec280,670,d03d45bd,129.0,I
62f155a1-fe0,SCH3,6e71f826,674,02f2b04c,128.0,#
62f155a1-fe0,SCH3,ea2b3be4,672,02f2b04c,127.0,E
62f155a1-fe0,SCH3,8c5dc3f6,677,02f2b04c,129.0,I
62f155a1-fe0,SCH3,348553c3,675,02f2b04c,130.0,M
62f155a1-fe0,SCH3,7ed48bc3,676,02f2b04c,138.0,N
62f155a1-fe0,SCH3,ebfde5bb,673,02f2b04c,132.0,O
65727ad3-e8b,SCH1,4a37871b,678,8cace9b4,128.0,E
65727ad3-e8b,SCH1,fd635ef5,686,8cace9b4,126.0,G
65727ad3-e8b,SCH1,8d669077,687,8cace9b4,125.0,J1
65727ad3-e8b,SCH1,cdddf769,682,8cace9b4,129.0,M
65727ad3-e8b,SCH1,8dab24aa,681,8cace9b4,135.0,N
65727ad3-e8b,SCH1,49e95f0c,685,8cace9b4,133.0,O
65727ad3-e8b,SCH1,e69b651e,680,8cace9b4,129.0,T
65727ad3-e8b,SCH1,52ec61ba,683,8cace9b4,136.0,Z
66961134-186,SCH8,39ac038c,688,f935f8dc,142.0,C
66961134-186,SCH8,761981f7,689,f935f8dc,139.0,I
67c15cfa-be3,SCH3,fa76a8e3,693,aa1c2626,136.0,#
67c15cfa-be3,SCH3,df886297,691,aa1c2626,124.0,O
67c15cfa-be3,SCH3,b443addc,690,aa1c2626,137.0,T
67c15cfa-be3,SCH3,b39a605f,692,aa1c2626,130.0,U
685dfbbb-5da,SCH2,c6fa7e46,697,b6f9a300,130.0,#
685dfbbb-5da,SCH2,354c15a5,700,b6f9a300,125.0,C
685dfbbb-5da,SCH2,7e542752,694,b6f9a300,132.0,I
685dfbbb-5da,SCH2,5600a6b1,695,b6f9a300,122.0,J1
685dfbbb-5da,SCH2,b170b82e,703,b6f9a300,124.0,M
685dfbbb-5da,SCH2,4a05e20b,698,b6f9a300,125.0,S
685dfbbb-5da,SCH2,54a0f921,702,b6f9a300,135.0,Y3
6a51eec8-517,SCH8,a0a8fc73,704,e9235d87,130.0,I
6a51eec8-517,SCH8,e995fa4d,705,e9235d87,134.0,J1
6b0c139a-300,SCH2,2bab0bfb,707,92970826,128.0,C
6b0c139a-300,SCH2,800b9ded,706,92970826,129.0,E
6b0c139a-300,SCH2,72ade0dd,708,92970826,128.0,G
6b69d5d4-846,SCH1,64ad96c0,713,a2deced5,137.0,I
6b69d5d4-846,SCH1,68cb7acb,711,a2deced5,131.0,M
6b69d5d4-846,SCH1,5c09425b,710,a2deced5,133.0,T
6c5e58b1-353,SCH3,e16f8407,714,20d94c35,133.0,C
6c5e58b1-353,SCH3,39854152,717,20d94c35,131.0,G
6c5e58b1-353,SCH3,44c39098,715,20d94c35,123.0,M
6c5e58b1-353,SCH3,219a2ed8,720,20d94c35,125.0,N
6c5e58b1-353,SCH3,46cafbac,718,20d94c35,127.0,O
6dcc09f7-26a,SCH2,190402c6,722,6454ba85,124.0,C
6dcc09f7-26a,SCH2,a345f929,723,6454ba85,127.0,E
6dcc09f7-26a,SCH2,9dd7d91a,724,6454ba85,126.0,G
6dcc09f7-26a,SCH2,1adf40cf,727,6454ba85,131.0,I
6dcc09f7-26a,SCH2,86c7ddf6,725,6454ba85,138.0,S
6dcc09f7-26a,SCH2,09bdfd50,721,6454ba85,121.0,X
6e4a4ea0-311,SCH3,457a5c4c,730,243d3c82,128.0,C
6e4a4ea0-311,SCH3,faef5b6b,731,243d3c82,126.0,J1
6e4a4ea0-311,SCH3,17c08ef8,733,243d3c82,129.0,M
6e4a4ea0-311,SCH3,3ce0fe66,729,243d3c82,122.0,R
6e649435-8aa,SCH2,531b8708,739,2ed472d8,130.0,C
6e649435-8aa,SCH2,4e39f764,737,2ed472d8,136.0,G
6e649435-8aa,SCH2,6ae8b69b,735,2ed472d8,145.0,M
6e649435-8aa,SCH2,6a4195b0,734,2ed472d8,134.0,N
6e649435-8aa,SCH2,a10007e8,736,2ed472d8,128.0,O
6e649435-8aa,SCH2,34610f59,738,2ed472d8,123.0,R
6ef97b15-aa5,SCH1,e77569cc,741,417973d8,128.0,E
6ef97b15-aa5,SCH1,bc214228,740,417973d8,128.0,S
6f7c1e27-b85,SCH3,0bc6c15d,745,b942f26c,122.0,E
6f7c1e27-b85,SCH3,f8770cde,746,b942f26c,129.0,J1
6f7c1e27-b85,SCH3,ea715455,742,b942f26c,132.0,M
6f7c1e27-b85,SCH3,2b666466,744,b942f26c,136.0,N
6f7c1e27-b85,SCH3,6fa88cc3,747,b942f26c,137.0,O
6f7c1e27-b85,SCH3,6eb408f6,743,b942f26c,,Y3
6f9b3226-c22,SCH7,55974afe,749,48f3efed,137.0,#
70051bff-ddc,SCH8,37b026dc,750,1265bd81,121.0,G
70a45efa-0b7,SCH6,a4835e3c,754,252ae03f,131.0,C
70a45efa-0b7,SCH6,b2f747e3,752,252ae03f,131.0,E
70a45efa-0b7,SCH6,d10f62d3,751,252ae03f,133.0,I
70a45efa-0b7,SCH6,92b1a2d3,753,252ae03f,132.0,O
70ddf6c8-01b,SCH3,c6049e8b,761,1dfc9751,131.0,C
70ddf6c8-01b,SCH3,6a71680f,758,1dfc9751,134.0,J1
70ddf6c8-01b,SCH3,2ce7bf38,766,1dfc9751,135.0,N
70ddf6c8-01b,SCH3,30dd3ad7,759,1dfc9751,124.0,S
70ddf6c8-01b,SCH3,a43101ee,764,1dfc9751,127.0,U
71c32772-892,SCH7,1289519a,767,7a6ac3d3,139.0,M
74a91a96-af4,SCH2,1321d2b7,768,cdc3a37f,134.0,N
75784139-9e7,SCH2,fa50d984,772,d9ff437f,131.0,C
75784139-9e7,SCH2,05cb9b65,774,d9ff437f,127.0,E
75784139-9e7,SCH2,cad55088,775,d9ff437f,130.0,J1
75784139-9e7,SCH2,70ab6fc9,769,d9ff437f,126.0,M
75784139-9e7,SCH2,af9fa9c0,773,d9ff437f,138.0,N
75784139-9e7,SCH2,7badfd4d,776,d9ff437f,130.0,X
774a1d38-f0d,SCH4,1a26feac,778,5c0050f9,130.0,I
774a1d38-f0d,SCH4,90b73672,780,5c0050f9,132.0,M
774a1d38-f0d,SCH4,ced100f0,777,5c0050f9,126.0,S
774a1d38-f0d,SCH4,72cb4085,779,5c0050f9,139.0,X
77d50da3-99f,SCH1,bbc40aac,781,5400fee2,126.0,N
77d50da3-99f,SCH1,80fd1cc0,782,5400fee2,138.0,O
77d50da3-99f,SCH5,fc52dc52,784,adbc8952,130.0,C
77d50da3-99f,SCH5,050e1955,783,adbc8952,129.0,E
77d50da3-99f,SCH5,9ff5d240,790,adbc8952,127.0,I
77d50da3-99f,SCH5,6b85f275,792,adbc8952,129.0,J1
77d50da3-99f,SCH5,f77ed9c0,791,adbc8952,124.0,N
780290b1-6d3,SCH3,fbd0b2e2,796,03c20505,132.0,E
780290b1-6d3,SCH3,0f3943fe,795,03c20505,128.0,G
780290b1-6d3,SCH3,b4ec4232,793,03c20505,133.0,I
780290b1-6d3,SCH3,6e2ec488,797,03c20505,127.0,J1
780290b1-6d3,SCH3,f6a60698,794,03c20505,136.0,M
780290b1-6d3,SCH3,47c2890e,800,03c20505,135.0,U
78a4f264-d3b,SCH5,67e6bfe0,806,8aaa4a04,139.0,G
78a4f264-d3b,SCH5,331bd79a,805,8aaa4a04,128.0,I
78a4f264-d3b,SCH5,c6c97060,803,8aaa4a04,145.0,N
78a4f264-d3b,SCH5,be3ad9fc,804,8aaa4a04,136.0,O
78d37276-d60,SCH3,06a6c5fa,811,c712aead,126.0,C
78d37276-d60,SCH3,73390fa7,809,c712aead,126.0,J1
78d37276-d60,SCH3,a1354ebe,810,c712aead,121.0,M
78d37276-d60,SCH3,9e9930a1,808,c712aead,127.0,R
78d37276-d60,SCH3,50d0c1e8,815,c712aead,136.0,U
78d37276-d60,SCH3,d0063f9f,814,c712aead,132.0,X
78f37771-8d3,SCH4,e38df191,817,975ded57,135.0,E
78f37771-8d3,SCH4,5e262f8a,816,975ded57,128.0,G
78f37771-8d3,SCH4,1910f7d6,822,975ded57,128.0,I
78f37771-8d3,SCH4,4d649127,819,975ded57,122.0,M
78f37771-8d3,SCH4,9c28760f,823,975ded57,137.0,O
78f37771-8d3,SCH4,9ee56248,820,975ded57,131.0,S
78f37771-8d3,SCH4,45fdeab5,818,975ded57,131.0,Z
78f5c40e-01a,SCH3,8a8e47e0,827,c85e2968,126.0,G
78f5c40e-01a,SCH3,27432b15,828,c85e2968,132.0,M
78f5c40e-01a,SCH3,5aa8e315,830,c85e2968,130.0,N
78f5c40e-01a,SCH3,d28377cf,826,c85e2968,129.0,R
79c24ef6-cf8,SCH4,e75ab574,833,f5c6c2dc,137.0,#
79c24ef6-cf8,SCH4,10c398af,836,f5c6c2dc,138.0,E
79c24ef6-cf8,SCH4,856209a2,831,f5c6c2dc,129.0,G
79c24ef6-cf8,SCH4,29c78334,834,f5c6c2dc,127.0,I
79c24ef6-cf8,SCH4,13dcb28a,832,f5c6c2dc,132.0,N
7a32ac97-744,SCH2,4986a3a1,842,507af273,126.0,E
7a32ac97-744,SCH2,5e3754af,838,507af273,131.0,N
7a32ac97-744,SCH2,d3a93db5,840,507af273,125.0,O
7a32ac97-744,SCH2,ca2d7b2b,839,507af273,129.0,S
7a32ac97-744,SCH2,3678b2f9,841,507af273,127.0,Y3
7ac77376-f07,SCH7,d7e1d747,847,ad3a9ffd,136.0,#
7b340756-b25,SCH7,4727063c,848,8c14b3c2,131.0,T
7f022de1-178,SCH3,733087f8,850,1cf91323,130.0,C
7f022de1-178,SCH3,9752a77e,853,1cf91323,127.0,G
7f022de1-178,SCH3,c5abc40c,849,1cf91323,123.0,I
7f022de1-178,SCH3,fdd47e0f,851,1cf91323,127.0,M
7f022de1-178,SCH3,7ef9bc2e,855,1cf91323,136.0,S
7f022de1-178,SCH3,78ffa56b,854,1cf91323,127.0,X
7f7b5a7f-a96,SCH6,2fa2e2fd,860,c479862c,127.0,C
7f7b5a7f-a96,SCH6,0482ba5b,861,c479862c,135.0,G
7f7b5a7f-a96,SCH6,98e05c71,857,c479862c,132.0,M
7f7b5a7f-a96,SCH6,5285f4e8,858,c479862c,133.0,S
7f7b5a7f-a96,SCH6,1e742acc,859,c479862c,138.0,X
858b40e6-aea,SCH1,12a47877,864,2abdab9f,129.0,J1
858b40e6-aea,SCH1,e3e9f383,866,2abdab9f,128.0,M
858b40e6-aea,SCH1,b1b87cf8,865,2abdab9f,136.0,S
858b40e6-aea,SCH1,3401f831,869,2abdab9f,130.0,T
858b40e6-aea,SCH1,ec0bcd14,868,2abdab9f,122.0,X
860a2bea-4e2,SCH4,f3398da9,872,a334f845,135.0,C
860a2bea-4e2,SCH4,e17e56d1,874,a334f845,135.0,E
860a2bea-4e2,SCH4,c33a57f1,871,a334f845,122.0,J1
860a2bea-4e2,SCH4,510f2cee,870,a334f845,128.0,U
860a2bea-4e2,SCH4,569f3aae,875,a334f845,131.0,Y3
860a2bea-4e2,SCH4,edd760e1,873,a334f845,132.0,Z
862db5db-ba3,SCH1,aaca3b75,881,11d63af2,134.0,C
862db5db-ba3,SCH1,2ca05c53,882,11d63af2,131.0,E
862db5db-ba3,SCH1,00feb6a5,886,11d63af2,135.0,G
862db5db-ba3,SCH1,80388fbd,889,11d63af2,128.0,N
862db5db-ba3,SCH1,7a97c162,884,11d63af2,145.0,O
862db5db-ba3,SCH1,1d540555,885,11d63af2,134.0,R
862db5db-ba3,SCH1,850f92bf,888,11d63af2,126.0,S
862db5db-ba3,SCH1,ed619701,883,11d63af2,127.0,X
862db5db-ba3,SCH2,6c1b4745,877,74246d50,125.0,C
862db5db-ba3,SCH2,94e6f816,880,74246d50,122.0,I
862db5db-ba3,SCH2,fc70c662,876,74246d50,135.0,J1
862db5db-ba3,SCH2,732adb77,879,74246d50,132.0,Y3
86959d0a-4eb,SCH7,c081c502,892,46a22420,130.0,E
86959d0a-4eb,SCH7,05dcc716,893,46a22420,119.0,J1
86959d0a-4eb,SCH7,95ee1d42,891,46a22420,134.0,M
86959d0a-4eb,SCH7,b95523b9,897,46a22420,135.0,N
86959d0a-4eb,SCH7,a010bf8e,896,46a22420,134.0,S
86a8623f-3fe,SCH2,95381e61,909,3aaeee0c,131.0,E
86a8623f-3fe,SCH2,3616c877,907,3aaeee0c,129.0,J1
86a8623f-3fe,SCH2,e1e176f6,908,3aaeee0c,134.0,M
86a8623f-3fe,SCH5,243304a3,900,01170bb8,133.0,C
86a8623f-3fe,SCH5,4d81e4b2,901,01170bb8,133.0,I
86a8623f-3fe,SCH5,7cc4a430,899,01170bb8,136.0,M
86a8623f-3fe,SCH5,e65d6333,902,01170bb8,131.0,N
86a8623f-3fe,SCH5,ff4e3f9a,904,01170bb8,128.0,R
86a8623f-3fe,SCH5,598b0cee,906,01170bb8,136.0,S
86e1f003-378,SCH4,e6962b4a,910,f9c1c0d1,130.0,N
86e1f003-378,SCH4,8addcf4d,911,f9c1c0d1,126.0,T
87d147b6-35b,SCH1,9238a5eb,913,965c1722,135.0,C
87d147b6-35b,SCH1,1b3c12a1,912,965c1722,124.0,J1
87d147b6-35b,SCH1,c559e59c,917,965c1722,127.0,N
87d147b6-35b,SCH1,f0a4c5cf,915,965c1722,131.0,O
87d147b6-35b,SCH1,a991b23d,914,965c1722,125.0,R
88a6e08a-cf1,SCH3,72ecf0e5,919,6c1500a0,134.0,C
88a6e08a-cf1,SCH3,da186320,922,6c1500a0,125.0,E
88a6e08a-cf1,SCH3,a37ca7b0,927,6c1500a0,130.0,I
88a6e08a-cf1,SCH3,490c82bc,924,6c1500a0,126.0,J1
88a6e08a-cf1,SCH3,b69ab8ba,921,6c1500a0,136.0,M
88a6e08a-cf1,SCH3,045572d3,920,6c1500a0,130.0,N
88a6e08a-cf1,SCH3,679180dc,926,6c1500a0,130.0,R
88a6e08a-cf1,SCH3,eb2676f0,925,6c1500a0,126.0,U
88ed5bb6-693,SCH3,0f191863,929,757da1a3,136.0,I
88ed5bb6-693,SCH3,5946c842,932,757da1a3,131.0,J1
88ed5bb6-693,SCH3,969bc3d2,938,757da1a3,128.0,M
88ed5bb6-693,SCH3,56872235,936,757da1a3,134.0,N
88ed5bb6-693,SCH3,81c8f098,930,757da1a3,129.0,O
88ed5bb6-693,SCH3,330cd868,934,757da1a3,134.0,R
88ed5bb6-693,SCH3,398df46f,935,757da1a3,126.0,S
88ed5bb6-693,SCH3,6da8179f,931,757da1a3,143.0,Y3
8916bfec-ac8,SCH3,80029aed,943,8e348a60,132.0,C
8916bfec-ac8,SCH3,6dcb66da,944,8e348a60,126.0,E
8916bfec-ac8,SCH3,b43f3172,940,8e348a60,129.0,I
8916bfec-ac8,SCH3,a00a1674,942,8e348a60,116.0,N
8916bfec-ac8,SCH3,e38807e9,939,8e348a60,132.0,S
8916bfec-ac8,SCH3,bf9fed65,941,8e348a60,138.0,Y3
89b0c552-ccb,SCH1,f56f5124,948,50d183f6,120.0,E
89b0c552-ccb,SCH1,4d3baecf,947,50d183f6,129.0,G
89b0c552-ccb,SCH1,24b5c62d,946,50d183f6,135.0,J1
89b0c552-ccb,SCH1,17b61cff,945,50d183f6,132.0,Y3
8b305174-485,SCH3,515d1124,950,c88402b5,127.0,E
8b305174-485,SCH3,052d2329,949,c88402b5,133.0,M
8b5fda7a-682,SCH2,5f7b2d78,951,2402dd82,136.0,G
8b5fda7a-682,SCH2,a33fa8d4,955,2402dd82,132.0,J1
8b5fda7a-682,SCH2,7f6dedbe,958,2402dd82,134.0,M
8b5fda7a-682,SCH2,36fc4a1e,952,2402dd82,126.0,N
8b5fda7a-682,SCH2,9901c901,959,2402dd82,124.0,X
8c34c548-872,SCH5,d73de3bd,961,71beaaea,127.0,E
8c34c548-872,SCH5,fc78adae,965,71beaaea,134.0,G
8c34c548-872,SCH5,787969cf,964,71beaaea,129.0,I
8c34c548-872,SCH5,44545201,962,71beaaea,133.0,J1
8c34c548-872,SCH5,38223f52,963,71beaaea,135.0,O
8c34c548-872,SCH5,7e6f8581,960,71beaaea,119.0,S
8c34c548-872,SCH5,d06868c7,966,71beaaea,126.0,X
8c3b504d-682,SCH4,06c80332,972,fe592042,135.0,G
8c3b504d-682,SCH4,0b552b57,968,fe592042,132.0,I
8c3b504d-682,SCH4,06682ca4,970,fe592042,136.0,R
8c3b504d-682,SCH4,af229363,969,fe592042,135.0,U
8c555a7c-bd8,SCH6,ed4cdc0b,981,f966d953,135.0,C
8c555a7c-bd8,SCH6,21bf659c,983,f966d953,129.0,E
8c555a7c-bd8,SCH6,e85967fd,985,f966d953,131.0,I
8c555a7c-bd8,SCH6,7146db6c,982,f966d953,130.0,J1
8c555a7c-bd8,SCH6,744c845e,984,f966d953,136.0,M
8c555a7c-bd8,SCH6,db523787,980,f966d953,134.0,R
8c555a7c-bd8,SCH6,277a00f8,986,f966d953,131.0,U
8c555a7c-bd8,SCH7,3f3bb704,976,4c4342e6,126.0,C
8c555a7c-bd8,SCH7,df55b930,975,4c4342e6,122.0,G
8c555a7c-bd8,SCH7,257e68ac,978,4c4342e6,124.0,J1
8c555a7c-bd8,SCH7,44486f13,973,4c4342e6,121.0,N
8c555a7c-bd8,SCH7,d5670a20,979,4c4342e6,128.0,S
8c555a7c-bd8,SCH7,05dfb38d,974,4c4342e6,134.0,U
8ce2775b-5f4,SCH7,0d166677,992,59e86fcf,125.0,E
8ce2775b-5f4,SCH7,c55d58d8,987,59e86fcf,133.0,G
8ce2775b-5f4,SCH7,e5b1820d,991,59e86fcf,129.0,I
8ce2775b-5f4,SCH7,c8841452,988,59e86fcf,130.0,M
8ce2775b-5f4,SCH7,cc128d62,994,59e86fcf,121.0,N
8ce2775b-5f4,SCH7,c6ddd1bc,989,59e86fcf,132.0,R
8ce2775b-5f4,SCH7,f74702fc,990,59e86fcf,126.0,S
8ce2775b-5f4,SCH7,bf82ee10,993,59e86fcf,131.0,T
8d3131f3-852,SCH4,41e7c7b7,995,e910bf91,127.0,G
8d51bc1e-548,SCH1,3a7fd7d6,996,0bf98dbc,123.0,E
8d51bc1e-548,SCH1,398ef1df,997,0bf98dbc,126.0,I
8d51bc1e-548,SCH1,38b332ee,999,0bf98dbc,131.0,T
8d51bc1e-548,SCH1,946b057c,998,0bf98dbc,125.0,U
8dfb2b6a-77c,SCH1,5f296c99,1004,4615720f,137.0,C
8dfb2b6a-77c,SCH1,57c0d10c,1006,4615720f,124.0,I
8dfb2b6a-77c,SCH1,cc6d7531,1000,4615720f,126.0,M
8dfb2b6a-77c,SCH1,d06c4abd,1001,4615720f,129.0,N
8dfb2b6a-77c,SCH1,aa46b1b4,1002,4615720f,130.0,U
8dfb2b6a-77c,SCH1,7603fcb4,1003,4615720f,135.0,Z
8e68e48f-758,SCH5,17b5b339,1009,5abf28d2,119.0,G
8e68e48f-758,SCH5,7fa46243,1007,5abf28d2,129.0,I
8e68e48f-758,SCH5,291a4984,1010,5abf28d2,128.0,J1
8e68e48f-758,SCH5,3965db15,1008,5abf28d2,128.0,R
90502a6b-881,SCH6,42352b7a,1015,be1aca1a,124.0,#
90502a6b-881,SCH6,9eaea04c,1016,be1aca1a,119.0,C
90502a6b-881,SCH6,52b4b557,1014,be1aca1a,134.0,G
90502a6b-881,SCH6,a0b0b710,1013,be1aca1a,125.0,J1
90502a6b-881,SCH6,3e24ac25,1011,be1aca1a,123.0,N
90502a6b-881,SCH6,d871df1c,1012,be1aca1a,134.0,O
90502a6b-881,SCH6,55b1a712,1017,be1aca1a,126.0,X
910c08b1-2d5,SCH7,e64fb57a,1018,339ebb22,130.0,G
910c08b1-2d5,SCH7,9b179efe,1019,339ebb22,124.0,I
910c08b1-2d5,SCH7,31f9954d,1020,339ebb22,138.0,M
91c064c2-240,SCH7,cc97a832,1024,61712dbf,136.0,C
91c064c2-240,SCH7,e34ad331,1027,61712dbf,133.0,E
91c064c2-240,SCH7,425c7adc,1022,61712dbf,141.0,I
91c064c2-240,SCH7,514a269f,1030,61712dbf,135.0,J1
91c064c2-240,SCH7,6b3a3efb,1028,61712dbf,132.0,M
91c064c2-240,SCH7,09ed5387,1026,61712dbf,132.0,N
91c064c2-240,SCH7,bf646dc4,1025,61712dbf,124.0,X
91f0eed3-38a,SCH8,98729cf7,1032,8f72eeab,133.0,C
91f0eed3-38a,SCH8,737c43bc,1033,8f72eeab,131.0,J1
91f19092-eea,SCH3,cc262cbf,1037,aa6f2ae3,142.0,C
91f19092-eea,SCH3,8b77bae5,1036,aa6f2ae3,134.0,E
91f19092-eea,SCH3,746ffa8f,1042,aa6f2ae3,134.0,G
91f19092-eea,SCH3,89dae647,1039,aa6f2ae3,125.0,M
91f19092-eea,SCH3,ed646d6a,1040,aa6f2ae3,125.0,S
91f19092-eea,SCH3,8e714678,1035,aa6f2ae3,135.0,U
923cebd2-7e0,SCH2,7afd4bdd,1044,0d99df07,137.0,E
923cebd2-7e0,SCH2,38f1e0a6,1048,0d99df07,124.0,G
923cebd2-7e0,SCH2,1fe9c974,1043,0d99df07,133.0,I
923cebd2-7e0,SCH2,01623945,1047,0d99df07,121.0,M
923cebd2-7e0,SCH2,234d47fc,1045,0d99df07,130.0,S
925f9ced-958,SCH6,f3c67365,1050,110fdc4f,119.0,E
925f9ced-958,SCH6,6388d05f,1054,110fdc4f,136.0,I
925f9ced-958,SCH6,a16668f6,1052,110fdc4f,129.0,J1
925f9ced-958,SCH6,aee5df58,1051,110fdc4f,129.0,M
925f9ced-958,SCH6,402038c7,1049,110fdc4f,136.0,T
9432b74b-390,SCH6,d00b647a,1061,493bb564,129.0,C
9432b74b-390,SCH6,e4b28382,1056,493bb564,135.0,E
9432b74b-390,SCH6,518802c4,1055,493bb564,136.0,G
9432b74b-390,SCH6,5d4eec52,1059,493bb564,131.0,J1
9432b74b-390,SCH6,01a33168,1058,493bb564,124.0,R
9432b74b-390,SCH6,1a747b5f,1060,493bb564,136.0,S
95082eff-a6f,SCH4,0c4af93e,1065,3a29ed22,127.0,N
963f3c56-50b,SCH4,882ddb4e,1066,d03e9292,127.0,M
963f3c56-50b,SCH4,9f927639,1069,d03e9292,138.0,O
963f3c56-50b,SCH4,fa866898,1067,d03e9292,134.0,S
96e52299-58d,SCH5,23430d0d,1071,d04f70f1,127.0,G
96e52299-58d,SCH5,a7a417c2,1074,d04f70f1,140.0,M
96e52299-58d,SCH5,00c2a862,1070,d04f70f1,123.0,N
96e52299-58d,SCH5,90b4e667,1076,d04f70f1,128.0,R
96e52299-58d,SCH5,61fa3b10,1073,d04f70f1,123.0,Z
97a7fa44-546,SCH4,b47d3c0b,1077,19ad6877,123.0,#
97a7fa44-546,SCH4,1f8311d9,1078,19ad6877,138.0,E
97a7fa44-546,SCH4,3bd1d35d,1079,19ad6877,125.0,O
97a83368-0fa,SCH1,c1c8a9f1,1080,8f1322c9,129.0,C
97a83368-0fa,SCH1,5717e82a,1082,8f1322c9,132.0,E
97a83368-0fa,SCH1,6a1428f8,1081,8f1322c9,130.0,J1
9cc325c2-a73,SCH6,6f791796,1091,b2f2a755,130.0,E
9cc325c2-a73,SCH6,229effe2,1085,b2f2a755,125.0,G
9cc325c2-a73,SCH6,30f709fc,1088,b2f2a755,132.0,I
9cc325c2-a73,SCH6,047bc417,1089,b2f2a755,127.0,M
9cc325c2-a73,SCH6,f5d357e1,1090,b2f2a755,126.0,N
9cc325c2-a73,SCH6,780c9915,1086,b2f2a755,136.0,O
9cc325c2-a73,SCH6,ef6702c3,1087,b2f2a755,135.0,U
9d282582-47e,SCH8,a27421f7,1095,6451bf32,131.0,J1
9d282582-47e,SCH8,2150ffc3,1094,6451bf32,138.0,T
9d282582-47e,SCH8,fe319aa8,1096,6451bf32,130.0,Z
9e1c714a-247,SCH7,11339e11,1098,90a9d97e,131.0,C
9e1c714a-247,SCH7,80b97327,1097,90a9d97e,135.0,E
9e1c714a-247,SCH7,c2cd0f52,1099,90a9d97e,129.0,G
9e2fb9c7-6d5,SCH8,e57bc930,1100,f8da3dc3,130.0,C
9e2fb9c7-6d5,SCH8,b2915ae6,1103,f8da3dc3,128.0,E
9e2fb9c7-6d5,SCH8,e10cc4ef,1106,f8da3dc3,134.0,J1
9e2fb9c7-6d5,SCH8,09df6d58,1102,f8da3dc3,130.0,N
9e2fb9c7-6d5,SCH8,ee9a6c6d,1101,f8da3dc3,130.0,S
9e2fb9c7-6d5,SCH8,d66b2238,1105,f8da3dc3,139.0,X
9e2fb9c7-6d5,SCH8,258f8e8a,1109,f8da3dc3,127.0,Z
a0b2d3a1-e20,SCH4,253df1f7,1110,18116dc5,128.0,E
a0b2d3a1-e20,SCH4,5c558dfc,1111,18116dc5,128.0,X
a0e5cbf7-a8f,SCH6,133ef6cb,1113,8f97f52f,132.0,I
a0e5cbf7-a8f,SCH6,53e1210f,1114,8f97f52f,135.0,R
a0e5cbf7-a8f,SCH6,8f141dd5,1115,8f97f52f,132.0,X
a43b8bd6-2b1,SCH6,e435ba22,1117,8f791b0c,131.0,C
a43b8bd6-2b1,SCH6,b22c3433,1116,8f791b0c,125.0,I
a43b8bd6-2b1,SCH6,25728e53,1118,8f791b0c,130.0,J1
a43b8bd6-2b1,SCH6,26f5989d,1120,8f791b0c,137.0,N
a43b8bd6-2b1,SCH6,6ffd8cd2,1121,8f791b0c,131.0,S
a480608f-407,SCH5,2e5ed9f9,1128,f3c93fed,121.0,E
a480608f-407,SCH5,068ff37e,1127,f3c93fed,133.0,I
a480608f-407,SCH5,a584e1c8,1126,f3c93fed,133.0,J1
a480608f-407,SCH5,519b7a0d,1123,f3c93fed,130.0,N
a480608f-407,SCH5,edf15b05,1125,f3c93fed,128.0,T
a480608f-407,SCH5,952a3f01,1124,f3c93fed,136.0,X
a6203b1e-dd3,SCH4,6c13f0a8,1135,579ae8e7,129.0,E
a6203b1e-dd3,SCH4,fe098f9a,1133,579ae8e7,126.0,G
a6203b1e-dd3,SCH4,0b4eb980,1131,579ae8e7,135.0,N
a6203b1e-dd3,SCH4,93831cd7,1132,579ae8e7,138.0,O
a6203b1e-dd3,SCH4,3c7bf204,1129,579ae8e7,133.0,S
a651fbc0-6e2,SCH1,354faf63,1139,edfc0c1d,122.0,C
a651fbc0-6e2,SCH1,c7b32a39,1143,edfc0c1d,130.0,E
a651fbc0-6e2,SCH1,38d44019,1136,edfc0c1d,130.0,M
a651fbc0-6e2,SCH1,e9b2ee4e,1137,edfc0c1d,131.0,N
a651fbc0-6e2,SCH1,1b2c8b4c,1142,edfc0c1d,125.0,R
a651fbc0-6e2,SCH1,fb7275e8,1140,edfc0c1d,133.0,S
a651fbc0-6e2,SCH1,3caf2076,1138,edfc0c1d,131.0,T
a67cb344-f20,SCH6,1dbea4cc,1148,7e13d6cb,134.0,E
a67cb344-f20,SCH6,8d4a1436,1147,7e13d6cb,139.0,N
a67cb344-f20,SCH6,bdc3f38d,1146,7e13d6cb,132.0,Y3
a6930be5-b58,SCH5,7d455695,1152,b8785147,128.0,T
a6c6f0ac-099,SCH1,91ad1413,1155,c83aef85,140.0,C
a6c6f0ac-099,SCH1,1089da9f,1153,c83aef85,133.0,M
a8e87f2b-0d1,SCH3,0e508a00,1164,c9197df7,133.0,G
a8e87f2b-0d1,SCH3,9e2efb07,1160,c9197df7,115.0,I
a8e87f2b-0d1,SCH3,5bf75355,1158,c9197df7,124.0,M
a8e87f2b-0d1,SCH3,33271fef,1159,c9197df7,126.0,N
a8e87f2b-0d1,SCH3,8c99fcad,1161,c9197df7,132.0,U
a9e24eb6-082,SCH2,073f17ba,1167,2577ff25,135.0,M
a9e24eb6-082,SCH2,d6b2fb25,1165,2577ff25,140.0,N
aa1253b2-a8f,SCH8,ee8c43e3,1171,572b6a46,131.0,J1
aa1253b2-a8f,SCH8,8a5d2782,1170,572b6a46,139.0,N
aa1253b2-a8f,SCH8,10dbf0ea,1169,572b6a46,117.0,O
ad90af0f-2d8,SCH2,c40b5844,1176,ead9c068,132.0,C
ad90af0f-2d8,SCH2,7ee526c2,1181,ead9c068,136.0,E
ad90af0f-2d8,SCH2,b3136c3b,1177,ead9c068,,I
ad90af0f-2d8,SCH2,74a82273,1172,ead9c068,130.0,J1
ad90af0f-2d8,SCH2,668bbd0f,1173,ead9c068,128.0,N
ad90af0f-2d8,SCH2,59bff649,1174,ead9c068,129.0,T
ad90af0f-2d8,SCH2,2ee44a92,1180,ead9c068,132.0,Z
ae38e996-6ee,SCH8,acbf66f5,1185,be58877c,131.0,G
ae38e996-6ee,SCH8,e329a596,1183,be58877c,131.0,J1
ae38e996-6ee,SCH8,35ade965,1182,be58877c,125.0,M
ae42fc9d-a71,SCH2,cdafb32a,1186,64e586fb,121.0,G
ae42fc9d-a71,SCH2,c55408a1,1189,64e586fb,130.0,N
ae42fc9d-a71,SCH2,5e27da06,1188,64e586fb,135.0,O
ae42fc9d-a71,SCH2,b4855dcc,1187,64e586fb,140.0,Z
ae5378bb-59c,SCH1,79f14ef0,1192,6ac04369,124.0,E
ae5378bb-59c,SCH1,e9d2d4e9,1191,6ac04369,128.0,N
ae5378bb-59c,SCH1,819ffe65,1190,6ac04369,138.0,Z
aed87bfe-a39,SCH4,9ba17ef2,1195,e6959f4c,124.0,E
aed87bfe-a39,SCH4,94ab9867,1193,e6959f4c,131.0,G
aed87bfe-a39,SCH4,1f0ccad0,1197,e6959f4c,129.0,I
aed87bfe-a39,SCH4,61f57abb,1194,e6959f4c,134.0,R
aef65c9d-868,SCH6,744bdcaf,1202,8d5b07a3,134.0,C
aef65c9d-868,SCH6,efb5982e,1198,8d5b07a3,135.0,E
aef65c9d-868,SCH6,8b09078a,1199,8d5b07a3,135.0,I
aef65c9d-868,SCH6,88468414,1201,8d5b07a3,129.0,N
aef65c9d-868,SCH6,1ea402b0,1200,8d5b07a3,132.0,R
af5a46c5-351,SCH7,56b7552e,1210,63352454,132.0,C
af5a46c5-351,SCH7,87b7e1fd,1203,63352454,128.0,E
af5a46c5-351,SCH7,2bd0ecd8,1204,63352454,131.0,G
af5a46c5-351,SCH7,0e71aab6,1206,63352454,123.0,I
af5a46c5-351,SCH7,86bb3a4c,1207,63352454,119.0,M
af5a46c5-351,SCH7,1f18464a,1211,63352454,129.0,R
af5a46c5-351,SCH7,7e168cac,1205,63352454,128.0,S
af5a46c5-351,SCH7,54ed5935,1208,63352454,126.0,U
af5a46c5-351,SCH7,1e82a482,1209,63352454,126.0,X
b142e1ac-988,SCH3,f7d3c548,1213,1832f007,132.0,I
b142e1ac-988,SCH3,8e4d42b4,1214,1832f007,124.0,N
b142e1ac-988,SCH3,b8ba9ac5,1212,1832f007,134.0,O
b314f4da-0cc,SCH5,03327462,1218,87b333f0,128.0,G
b314f4da-0cc,SCH5,749f41a7,1216,87b333f0,135.0,M
b314f4da-0cc,SCH5,a487cf50,1219,87b333f0,132.0,N
b314f4da-0cc,SCH5,120623b1,1215,87b333f0,130.0,S
b314f4da-0cc,SCH5,61d225af,1217,87b333f0,128.0,Z
b3d2a7a0-def,SCH2,82cf8c58,1225,4850e29d,133.0,C
b3d2a7a0-def,SCH2,8baf1167,1227,4850e29d,127.0,E
b3d2a7a0-def,SCH2,2c1803d8,1223,4850e29d,134.0,G
b3d2a7a0-def,SCH2,b3fbe409,1224,4850e29d,137.0,I
b3d2a7a0-def,SCH2,af88ae76,1226,4850e29d,133.0,J1
b3d2a7a0-def,SCH2,a807c444,1221,4850e29d,132.0,N
b3d2a7a0-def,SCH2,257c7081,1222,4850e29d,133.0,O
b3d2a7a0-def,SCH2,227afa79,1220,4850e29d,130.0,S
b4acbf8a-da7,SCH3,57d405d2,1231,21185221,142.0,#
b4acbf8a-da7,SCH3,8d2474d0,1232,21185221,129.0,G
b4acbf8a-da7,SCH3,adc8268c,1236,21185221,132.0,I
b4acbf8a-da7,SCH3,c6cfb516,1233,21185221,132.0,J1
b4acbf8a-da7,SCH3,4cadbbb0,1234,21185221,132.0,M
b4acbf8a-da7,SCH3,50c0bec2,1230,21185221,134.0,X
b78198ab-1fc,SCH3,ec0d05d8,1240,af910b89,133.0,E
b78198ab-1fc,SCH3,899a1574,1238,af910b89,135.0,I
b78198ab-1fc,SCH3,f9de6da6,1237,af910b89,126.0,N
b78198ab-1fc,SCH3,1543679c,1239,af910b89,134.0,O
b90f55ef-f92,SCH6,bba300a8,1243,b0697812,127.0,E
b90f55ef-f92,SCH6,c1228826,1242,b0697812,136.0,N
bd28ca36-848,SCH3,40ddf18b,1244,4d46f67d,131.0,J1
bd28ca36-848,SCH3,344aa6c6,1246,4d46f67d,131.0,O
bd28ca36-848,SCH3,7819d0fb,1247,4d46f67d,136.0,U
bd28ca36-848,SCH3,2041356c,1245,4d46f67d,136.0,Z
bd94de19-636,SCH6,677e8740,1252,2246798e,128.0,C
bd94de19-636,SCH6,13d5cbc1,1251,2246798e,133.0,E
bd94de19-636,SCH6,16e459df,1249,2246798e,128.0,I
bd94de19-636,SCH6,b7cb8de0,1248,2246798e,134.0,M
bd94de19-636,SCH6,f77d0bb3,1250,2246798e,131.0,N
bd94de19-636,SCH6,eccd13b2,1253,2246798e,132.0,X
bd96ac01-817,SCH7,f2496bd7,1257,26264bbf,133.0,G
bd96ac01-817,SCH7,87d20758,1260,26264bbf,139.0,S
bd96ac01-817,SCH7,a701df4d,1259,26264bbf,138.0,U
bd96ac01-817,SCH7,6b029afa,1256,26264bbf,132.0,Z
be80437d-1b6,SCH6,a50b04a6,1271,176be577,132.0,C
be80437d-1b6,SCH6,8efcbd1a,1267,176be577,129.0,E
be80437d-1b6,SCH6,ab364540,1264,176be577,120.0,G
be80437d-1b6,SCH6,cb368323,1265,176be577,129.0,I
be80437d-1b6,SCH6,63dcfeae,1263,176be577,127.0,J1
be80437d-1b6,SCH6,e563fe8c,1262,176be577,123.0,M
be80437d-1b6,SCH6,60b57f48,1269,176be577,122.0,N
be80437d-1b6,SCH6,9cc4e9fa,1266,176be577,139.0,T
be80437d-1b6,SCH6,4bebb894,1270,176be577,136.0,U
bfcb20c4-0fc,SCH4,0b05e612,1273,d23ecd02,129.0,G
bfcb20c4-0fc,SCH4,5a0b1738,1272,d23ecd02,126.0,Y3
bfd16adf-6f5,SCH5,f7fb4dfc,1275,e5f0a048,130.0,E
bfd16adf-6f5,SCH5,491f4e94,1276,e5f0a048,128.0,I
bfd16adf-6f5,SCH5,53168d9a,1279,e5f0a048,124.0,J1
bfd16adf-6f5,SCH5,3b704487,1274,e5f0a048,128.0,N
bfd16adf-6f5,SCH5,0ed08063,1277,e5f0a048,133.0,O
bfd16adf-6f5,SCH5,398dd53f,1280,e5f0a048,125.0,S
bfd16adf-6f5,SCH5,10e232c9,1278,e5f0a048,131.0,X
c0208c94-906,SCH3,06bb17da,1281,f215e74e,131.0,E
c0aaf85a-2d5,SCH5,22bf6e7d,1282,287132d9,134.0,C
c0aaf85a-2d5,SCH5,98628e65,1286,287132d9,134.0,E
c0aaf85a-2d5,SCH5,ec8a8caa,1283,287132d9,129.0,G
c0aaf85a-2d5,SCH5,6636e8d0,1287,287132d9,135.0,M
c0aaf85a-2d5,SCH5,f447e295,1285,287132d9,138.0,N
c0aaf85a-2d5,SCH5,1c581edb,1284,287132d9,124.0,T
c15186da-4fe,SCH5,0f502e80,1289,f005c3c6,127.0,C
c15186da-4fe,SCH5,6fdd29e3,1290,f005c3c6,137.0,I
c1d08b95-340,SCH1,0acac146,1295,2f091e7c,136.0,C
c1d08b95-340,SCH1,5617dc61,1291,2f091e7c,122.0,G
c1d08b95-340,SCH1,1521aa56,1293,2f091e7c,134.0,I
c1d08b95-340,SCH1,d8bfc36c,1294,2f091e7c,128.0,J1
c1d08b95-340,SCH1,13908aae,1292,2f091e7c,126.0,M
c1d08b95-340,SCH1,5b26a4fc,1298,2f091e7c,130.0,U
c3f3d4a8-052,SCH4,a7577d09,1299,1e994abf,133.0,E
c3f3d4a8-052,SCH4,78af7dba,1304,1e994abf,128.0,O
c3f3d4a8-052,SCH4,0ec4a944,1300,1e994abf,134.0,T
c3f3d4a8-052,SCH4,d6894aa8,1302,1e994abf,136.0,U
c512bcce-b3a,SCH7,9fee4dfc,1314,eb1df547,135.0,#
c512bcce-b3a,SCH7,cc85f18a,1305,eb1df547,126.0,I
c512bcce-b3a,SCH7,280dbb9c,1312,eb1df547,131.0,J1
c512bcce-b3a,SCH7,2162b87d,1307,eb1df547,122.0,M
c512bcce-b3a,SCH7,65676f37,1309,eb1df547,132.0,N
c512bcce-b3a,SCH7,469f9010,1308,eb1df547,134.0,R
c512bcce-b3a,SCH7,53200e87,1311,eb1df547,133.0,S
c512bcce-b3a,SCH7,d093fdcf,1306,eb1df547,137.0,T
c512bcce-b3a,SCH7,83b0ae1a,1310,eb1df547,125.0,U
c56456c6-7b2,SCH8,e524c03d,1317,63120adb,126.0,C
c56456c6-7b2,SCH8,179bd4aa,1322,63120adb,134.0,E
c56456c6-7b2,SCH8,38ccc758,1316,63120adb,130.0,G
c56456c6-7b2,SCH8,18463fa6,1315,63120adb,133.0,I
c56456c6-7b2,SCH8,9312c6c2,1320,63120adb,134.0,M
c56456c6-7b2,SCH8,79453831,1318,63120adb,127.0,X
c56456c6-7b2,SCH8,0c7df1bd,1319,63120adb,130.0,Z
c5d6c2d6-fa1,SCH2,d17ee088,1327,321167b7,120.0,C
c5d6c2d6-fa1,SCH2,e8631c55,1328,321167b7,145.0,I
c5d6c2d6-fa1,SCH2,1c4de1a5,1324,321167b7,127.0,J1
c5d6c2d6-fa1,SCH2,b106b306,1326,321167b7,130.0,U
c6502337-d55,SCH2,015d7981,1337,c20919c5,135.0,C
c6502337-d55,SCH2,66de61b3,1336,c20919c5,131.0,E
c6502337-d55,SCH2,6e7d9e75,1338,c20919c5,133.0,I
c6502337-d55,SCH3,d96f7813,1335,04b1f8f1,122.0,#
c6502337-d55,SCH3,98f4a901,1334,04b1f8f1,130.0,E
c6502337-d55,SCH3,895e070c,1333,04b1f8f1,135.0,X
c6502337-d55,SCH3,667412f1,1332,04b1f8f1,136.0,Y3
c652ed51-6dd,SCH4,71399c7a,1342,3ad92a0d,124.0,G
c652ed51-6dd,SCH4,e5cb19d5,1339,3ad92a0d,131.0,J1
c652ed51-6dd,SCH4,fa3a7bb8,1340,3ad92a0d,129.0,O
c652ed51-6dd,SCH4,0b2358b2,1341,3ad92a0d,133.0,U
c7bc64d4-883,SCH6,da6a9488,1344,86173985,117.0,E
c7bc64d4-883,SCH6,e12f5b3a,1343,86173985,123.0,I
c9baeb7f-3ad,SCH3,e194fc3f,1346,a6f40b60,132.0,C
c9baeb7f-3ad,SCH3,793492bb,1351,a6f40b60,131.0,G
c9baeb7f-3ad,SCH3,dffb45ee,1352,a6f40b60,125.0,I
c9baeb7f-3ad,SCH3,c46d80fe,1350,a6f40b60,139.0,J1
c9baeb7f-3ad,SCH3,537c4502,1348,a6f40b60,125.0,M
c9baeb7f-3ad,SCH3,00caf511,1345,a6f40b60,122.0,O
c9baeb7f-3ad,SCH3,0d03c8ff,1353,a6f40b60,131.0,R
c9baeb7f-3ad,SCH3,7de1b9d3,1347,a6f40b60,131.0,X
ca089524-ebd,SCH8,44166db8,1356,c5c8c5b7,134.0,N
ca089524-ebd,SCH8,84b59a7d,1354,c5c8c5b7,133.0,S
ca089524-ebd,SCH8,a7455529,1355,c5c8c5b7,132.0,Y3
cbc4ca16-1cc,SCH1,a45592ca,1359,888abb34,129.0,N
cbc4ca16-1cc,SCH1,4055add3,1358,888abb34,128.0,S
cbc4ca16-1cc,SCH1,3efe3218,1357,888abb34,136.0,Y3
cbfc90b2-e20,SCH4,07cf28c6,1360,b8579fc4,123.0,E
cbfc90b2-e20,SCH4,172fdf29,1365,b8579fc4,127.0,G
cbfc90b2-e20,SCH4,26bfed50,1363,b8579fc4,134.0,I
cbfc90b2-e20,SCH4,f2168475,1364,b8579fc4,125.0,J1
cbfc90b2-e20,SCH4,95a600d2,1361,b8579fc4,131.0,O
cd14b0d3-622,SCH8,f4e338ff,1370,d2363e89,130.0,E
cd14b0d3-622,SCH8,374ae7ae,1366,d2363e89,126.0,R
cd14b0d3-622,SCH8,296da769,1368,d2363e89,135.0,S
cd14b0d3-622,SCH8,7a585c9d,1367,d2363e89,128.0,X
ce84f7ba-d1a,SCH2,9b9c6ccc,1372,a222f4e6,127.0,M
ce84f7ba-d1a,SCH2,bfc4e891,1371,a222f4e6,134.0,T
cf444d77-219,SCH2,57a54204,1373,5177cac0,125.0,N
cff8d221-0c0,SCH8,ca668964,1374,c4b68afb,125.0,E
d10692db-8c9,SCH5,7467d2a4,1377,ddda28b4,130.0,C
d10692db-8c9,SCH5,0f83820f,1375,ddda28b4,131.0,E
d10692db-8c9,SCH5,ac47b9a5,1381,ddda28b4,132.0,G
d10692db-8c9,SCH5,6b13b63f,1382,ddda28b4,123.0,M
d10692db-8c9,SCH5,51d97d3d,1380,ddda28b4,132.0,R
d10692db-8c9,SCH5,b5f4c2ca,1379,ddda28b4,134.0,S
d10692db-8c9,SCH5,e3204545,1376,ddda28b4,131.0,X
d1c3c14a-22b,SCH5,f5946f16,1385,3da8a3f4,134.0,C
d1c3c14a-22b,SCH5,a1c03d10,1386,3da8a3f4,127.0,G
d1c3c14a-22b,SCH5,601bcc83,1384,3da8a3f4,125.0,O
d1c3c14a-22b,SCH5,a87d8669,1383,3da8a3f4,131.0,Y3
d1c9565c-c38,SCH4,e04fa5aa,1387,16df9b82,123.0,C
d209bc65-4a5,SCH2,e37fe0b2,1388,13fc4e19,131.0,C
d209bc65-4a5,SCH2,adfe5e10,1389,13fc4e19,125.0,E
d209bc65-4a5,SCH2,f75c4f90,1392,13fc4e19,130.0,G
d209bc65-4a5,SCH2,bf0545a6,1394,13fc4e19,121.0,M
d209bc65-4a5,SCH2,9738d5a7,1393,13fc4e19,128.0,S
d209bc65-4a5,SCH2,c34de801,1390,13fc4e19,121.0,T
d2e39b41-d9d,SCH7,a8a65773,1396,547ed1d7,127.0,S
d5aab466-b29,SCH2,f6ad2223,1397,3aea49e7,129.0,E
d5e593a5-475,SCH4,cf7e8408,1399,246577d2,132.0,I
d5e593a5-475,SCH4,bdd9bc36,1402,246577d2,139.0,N
d5e593a5-475,SCH4,1bf180fb,1400,246577d2,127.0,T
d5e593a5-475,SCH4,cb4cccef,1401,246577d2,139.0,U
d7c73cb9-a94,SCH1,bc0da70c,1403,e94cd298,133.0,C
d7c73cb9-a94,SCH1,70e9b5e1,1404,e94cd298,134.0,I
d8f3bebc-8c9,SCH8,33bac473,1407,dfdff025,135.0,G
d8f3bebc-8c9,SCH8,dff23180,1406,dfdff025,128.0,J1
d8f3bebc-8c9,SCH8,7dcf4d3c,1405,dfdff025,128.0,O
d99e047e-c28,SCH5,766ad231,1411,f178450f,127.0,E
d99e047e-c28,SCH5,d3c3f90d,1414,f178450f,137.0,G
d99e047e-c28,SCH5,b2c523a2,1408,f178450f,129.0,I
d99e047e-c28,SCH5,204a6392,1415,f178450f,124.0,J1
d99e047e-c28,SCH5,7c19b8ac,1410,f178450f,125.0,M
d99e047e-c28,SCH5,de97ed18,1413,f178450f,130.0,T
daaa1972-abc,SCH7,4fac8c84,1418,b1d6dd5b,124.0,E
daaa1972-abc,SCH7,a0bce7ff,1421,b1d6dd5b,126.0,I
daaa1972-abc,SCH7,04db3947,1425,b1d6dd5b,126.0,J1
daaa1972-abc,SCH7,44f15feb,1417,b1d6dd5b,135.0,M
daaa1972-abc,SCH7,8a3baf3b,1416,b1d6dd5b,131.0,N
daaa1972-abc,SCH7,95464319,1419,b1d6dd5b,136.0,O
daaa1972-abc,SCH7,e5bfc5f4,1422,b1d6dd5b,135.0,R
daaa1972-abc,SCH7,e155d7b6,1423,b1d6dd5b,134.0,U
db7d1df4-066,SCH3,f22832a2,1426,3aa136fb,129.0,E
dcb2e204-424,SCH5,e475047c,1429,42014bc1,137.0,#
dcb2e204-424,SCH5,51cde448,1431,42014bc1,124.0,C
dcb2e204-424,SCH5,1ce466b8,1428,42014bc1,136.0,E
dcb2e204-424,SCH5,39a82098,1430,42014bc1,125.0,N
dcb2e204-424,SCH5,b57dc48f,1427,42014bc1,133.0,O
ddbc59f0-e34,SCH5,8379eb1c,1434,c6483d79,126.0,E
ddbc59f0-e34,SCH5,303d1d27,1437,c6483d79,127.0,G
ddbc59f0-e34,SCH5,05a2d696,1441,c6483d79,128.0,J1
ddbc59f0-e34,SCH5,52823e78,1433,c6483d79,135.0,M
ddbc59f0-e34,SCH5,93d8b969,1436,c6483d79,129.0,N
ddbc59f0-e34,SCH5,949976c5,1440,c6483d79,127.0,O
ddbc59f0-e34,SCH5,674e4ce4,1438,c6483d79,130.0,Z
de68af1d-816,SCH2,cba48a79,1446,3ac585e8,127.0,#
de68af1d-816,SCH2,e0560825,1443,3ac585e8,121.0,C
de68af1d-816,SCH2,177de61a,1447,3ac585e8,129.0,E
de68af1d-816,SCH2,0afd31d8,1448,3ac585e8,127.0,G
de68af1d-816,SCH2,49b6d404,1450,3ac585e8,135.0,J1
de68af1d-816,SCH2,c0e39d53,1442,3ac585e8,129.0,N
de68af1d-816,SCH2,3f14d98d,1444,3ac585e8,146.0,T
de7f089d-3d9,SCH4,af750908,1453,e508fa40,123.0,E
de7f089d-3d9,SCH4,f009d278,1452,e508fa40,138.0,T
debdbd8e-f85,SCH7,99b95d63,1458,6f15a776,130.0,C
debdbd8e-f85,SCH7,0cf29ea3,1460,6f15a776,128.0,G
debdbd8e-f85,SCH7,a3a0df41,1457,6f15a776,135.0,J1
debdbd8e-f85,SCH7,edcda311,1455,6f15a776,125.0,M
debdbd8e-f85,SCH7,c0925b2d,1454,6f15a776,133.0,N
debdbd8e-f85,SCH7,dd2a4530,1461,6f15a776,140.0,R
debdbd8e-f85,SCH7,59db30b2,1459,6f15a776,132.0,U
df5aadb3-029,SCH5,d9ce4789,1471,592a9f88,136.0,#
df5aadb3-029,SCH5,9310f0e7,1468,592a9f88,121.0,C
df5aadb3-029,SCH5,f958f3d4,1465,592a9f88,132.0,E
df5aadb3-029,SCH5,93f62c2d,1463,592a9f88,120.0,G
df5aadb3-029,SCH5,d756977a,1470,592a9f88,121.0,I
df5aadb3-029,SCH5,0552ecb5,1466,592a9f88,133.0,N
df5aadb3-029,SCH5,19c9f184,1464,592a9f88,129.0,T
e11a3109-d97,SCH7,a4d9b749,1477,979bcb03,127.0,C
e11a3109-d97,SCH7,e421bb19,1472,979bcb03,134.0,J1
e11a3109-d97,SCH7,9d86095c,1476,979bcb03,124.0,N
e11a3109-d97,SCH7,438f9d57,1474,979bcb03,131.0,X
e11a3109-d97,SCH7,d4fef879,1475,979bcb03,136.0,Z
e1588eef-12c,SCH6,56288625,1482,ec4dfb6f,132.0,C
e1588eef-12c,SCH6,e70d660a,1484,ec4dfb6f,133.0,E
e1588eef-12c,SCH6,413d2148,1479,ec4dfb6f,130.0,G
e1588eef-12c,SCH6,84cca900,1478,ec4dfb6f,128.0,J1
e1588eef-12c,SCH6,03502c20,1480,ec4dfb6f,126.0,U
e1588eef-12c,SCH6,0fc0ed1d,1481,ec4dfb6f,131.0,X
e16985e0-10e,SCH7,d3c1b33f,1491,dc56ced1,,C
e16985e0-10e,SCH7,f740182c,1489,dc56ced1,128.0,E
e16985e0-10e,SCH7,45f36299,1487,dc56ced1,,G
e16985e0-10e,SCH7,0b7047b3,1488,dc56ced1,128.0,I
e16985e0-10e,SCH7,a1cb50fb,1490,dc56ced1,128.0,Y3
e18133c8-662,SCH7,c8ef5d52,1494,592347ea,120.0,I
e18133c8-662,SCH7,6a85e62e,1493,592347ea,129.0,M
e18133c8-662,SCH7,42574171,1495,592347ea,131.0,N
e18133c8-662,SCH7,6c4cf693,1498,592347ea,123.0,R
e18133c8-662,SCH7,66587662,1497,592347ea,125.0,S
e18133c8-662,SCH7,f2f8ef1f,1499,592347ea,134.0,U
e18133c8-662,SCH7,8dcbd00d,1496,592347ea,131.0,Z
e23d53eb-25e,SCH5,26efaa9e,1501,da604e35,134.0,N
e394aa20-7fa,SCH2,dd6acac8,1503,dd115e23,121.0,C
e394aa20-7fa,SCH2,2b1eb46b,1504,dd115e23,129.0,G
e394aa20-7fa,SCH2,0c438abd,1505,dd115e23,127.0,J1
e59493cd-405,SCH1,b0ba00f3,1509,fb3f400e,127.0,C
e59493cd-405,SCH1,27b7b5d3,1508,fb3f400e,136.0,E
e59493cd-405,SCH1,622ff352,1506,fb3f400e,127.0,J1
e59493cd-405,SCH1,ad86c287,1510,fb3f400e,135.0,R
e59493cd-405,SCH1,88699a37,1507,fb3f400e,123.0,S
e74d11bd-55f,SCH6,eb417f2e,1511,6fb3c8f1,128.0,J1
e7a5dc39-25c,SCH3,761c859d,1519,89add414,140.0,E
e7a5dc39-25c,SCH3,431bbea2,1513,89add414,120.0,G
e7a5dc39-25c,SCH3,f67aa257,1512,89add414,127.0,I
e7a5dc39-25c,SCH3,6b16451b,1514,89add414,128.0,R
e7a5dc39-25c,SCH3,4018a260,1516,89add414,125.0,S
e7a5dc39-25c,SCH3,c84e89cf,1517,89add414,124.0,Y3
e7c05dcd-4df,SCH5,2cabf49e,1521,01804967,131.0,E
e7c05dcd-4df,SCH5,8cb6aafa,1522,01804967,127.0,I
e7c05dcd-4df,SCH5,a801926f,1524,01804967,129.0,M
e7c05dcd-4df,SCH5,a7bbcbbb,1526,01804967,128.0,O
e7c05dcd-4df,SCH5,c3f27d8a,1525,01804967,139.0,S
e7c05dcd-4df,SCH5,2fcb9054,1523,01804967,124.0,X
e7ceafca-4bf,SCH6,08760866,1528,def4469d,126.0,I
e7ceafca-4bf,SCH6,4e68b47e,1527,def4469d,126.0,J1
e7ceafca-4bf,SCH6,b5d14c1e,1529,def4469d,131.0,N
e7ceafca-4bf,SCH6,57bbcd90,1533,def4469d,135.0,T
e7ceafca-4bf,SCH6,8fa4d645,1531,def4469d,131.0,X
e7ceafca-4bf,SCH6,04c7e510,1532,def4469d,136.0,Z
e7f25645-f6b,SCH7,778d3667,1540,1c7e080a,126.0,C
e7f25645-f6b,SCH7,3c26cb3f,1544,1c7e080a,135.0,E
e7f25645-f6b,SCH7,44af3155,1539,1c7e080a,130.0,G
e7f25645-f6b,SCH7,1e1153e8,1536,1c7e080a,137.0,M
e7f25645-f6b,SCH7,9f1ec238,1538,1c7e080a,121.0,N
e7f25645-f6b,SCH7,9ad11c6f,1535,1c7e080a,126.0,O
e7f25645-f6b,SCH7,e1970895,1542,1c7e080a,138.0,R
e7f25645-f6b,SCH7,9ea72a75,1537,1c7e080a,129.0,S
e7f25645-f6b,SCH7,192bf0ff,1541,1c7e080a,136.0,U
e8933d55-008,SCH8,299db5ac,1547,a68fefc7,123.0,#
e8933d55-008,SCH8,b086dbd6,1545,a68fefc7,132.0,E
e8933d55-008,SCH8,08a049aa,1546,a68fefc7,135.0,N
e8933d55-008,SCH8,b3b81bb1,1548,a68fefc7,135.0,U
e8933d55-008,SCH8,f3e57de9,1549,a68fefc7,134.0,X
e8ec5b80-016,SCH6,be2c8658,1552,bc42395e,132.0,C
e8ec5b80-016,SCH6,b9d52677,1551,bc42395e,130.0,I
e8ec5b80-016,SCH6,f818ef80,1553,bc42395e,133.0,N
e8ec5b80-016,SCH6,6b24eda9,1550,bc42395e,136.0,O
e92cde0a-bc2,SCH8,c815580e,1555,6e01b38b,121.0,X
e9bde712-19a,SCH8,dba84897,1557,afce471a,136.0,C
e9bde712-19a,SCH8,d8c36365,1556,afce471a,139.0,J1
e9bde712-19a,SCH8,368eb83f,1558,afce471a,129.0,S
ece65289-c87,SCH5,30453eb4,1560,62a38a10,135.0,E
ece65289-c87,SCH5,e6a6b776,1559,62a38a10,139.0,N
ecf9dd69-8db,SCH5,e35cffdd,1566,83b6df9f,125.0,C
ecf9dd69-8db,SCH5,06145107,1565,83b6df9f,128.0,E
ecf9dd69-8db,SCH5,2ea4732a,1561,83b6df9f,129.0,N
ecf9dd69-8db,SCH5,7d8e3382,1563,83b6df9f,133.0,Y3
ed020016-d3f,SCH5,c8c60a44,1567,3654e72d,122.0,G
ed020016-d3f,SCH5,226178ed,1568,3654e72d,131.0,S
ed28155d-b09,SCH7,fbeaa89e,1570,4aa450ca,125.0,M
ed69ec26-b2b,SCH6,68f444b7,1577,d41fe2cf,134.0,E
ed69ec26-b2b,SCH6,640420db,1575,d41fe2cf,130.0,G
ed69ec26-b2b,SCH6,ef73b5da,1576,d41fe2cf,131.0,I
ed69ec26-b2b,SCH6,71d545ba,1574,d41fe2cf,128.0,J1
ed69ec26-b2b,SCH6,2fb9d8d7,1572,d41fe2cf,125.0,S
ed69ec26-b2b,SCH6,fa6b6b43,1573,d41fe2cf,129.0,T
ed69ec26-b2b,SCH6,6bf4b386,1571,d41fe2cf,132.0,X
eebeeb32-b77,SCH1,5a97eb31,1583,2e40603c,127.0,C
eebeeb32-b77,SCH1,563f3f82,1584,2e40603c,135.0,E
eebeeb32-b77,SCH1,9d4c2b32,1585,2e40603c,132.0,I
eebeeb32-b77,SCH1,dd50e384,1581,2e40603c,121.0,J1
eebeeb32-b77,SCH1,85e072cf,1586,2e40603c,118.0,O
eebeeb32-b77,SCH1,7f86d37d,1582,2e40603c,132.0,Y3
ef575e33-13f,SCH4,390a7fc3,1587,ad377f41,137.0,E
ef575e33-13f,SCH4,67a530ac,1588,ad377f41,137.0,X
efb16443-0e0,SCH2,04a795a0,1592,717578a1,126.0,E
efb16443-0e0,SCH2,797cce57,1589,717578a1,133.0,G
efb16443-0e0,SCH2,618b8545,1590,717578a1,116.0,U
efb16443-0e0,SCH2,3b4c78ca,1591,717578a1,130.0,Y3
f01aeef5-4fd,SCH5,1d450e7e,1596,c18745b0,136.0,J1
f01aeef5-4fd,SCH5,5d224481,1602,c18745b0,133.0,N
f01aeef5-4fd,SCH5,79dd4146,1597,c18745b0,134.0,R
f01aeef5-4fd,SCH5,dfc6295a,1603,c18745b0,138.0,X
f01aeef5-4fd,SCH5,d018529a,1600,c18745b0,129.0,Y3
f1963879-559,SCH2,d58b94af,1604,467ab2fb,124.0,G
f1963879-559,SCH2,12bdd3b9,1605,467ab2fb,138.0,T
f1963879-559,SCH2,7144cb19,1606,467ab2fb,129.0,Z
f1fbc3db-714,SCH3,1ac0bfd1,1608,2cc18388,133.0,E
f1fbc3db-714,SCH3,154709bd,1610,2cc18388,131.0,G
f1fbc3db-714,SCH3,24f70e7c,1611,2cc18388,123.0,N
f1fbc3db-714,SCH3,65d87b33,1609,2cc18388,132.0,R
f3bea166-588,SCH5,e4cf43f1,1615,89335cec,132.0,E
f3bea166-588,SCH5,b68c72cb,1619,89335cec,134.0,M
f3bea166-588,SCH5,2d899203,1614,89335cec,127.0,N
f3bea166-588,SCH5,74bbf01e,1613,89335cec,130.0,R
f3bea166-588,SCH5,b4dfd0b1,1618,89335cec,127.0,Z
f757d6a0-ef6,SCH5,2b7c0367,1621,36e5aef6,132.0,E
f757d6a0-ef6,SCH5,8a5d1a1f,1622,36e5aef6,122.0,G
f757d6a0-ef6,SCH5,99fca0ad,1627,36e5aef6,134.0,J1
f757d6a0-ef6,SCH5,b4744f24,1620,36e5aef6,125.0,O
f757d6a0-ef6,SCH5,041cc7d7,1625,36e5aef6,136.0,R
f757d6a0-ef6,SCH5,d0ef4aec,1623,36e5aef6,128.0,T
f7efd8be-7b3,SCH5,9cecfb00,1634,2bb191f1,129.0,C
f7efd8be-7b3,SCH5,d0736d0f,1630,2bb191f1,134.0,G
f7efd8be-7b3,SCH5,aee30be1,1629,2bb191f1,136.0,R
f7efd8be-7b3,SCH5,f3257c3b,1628,2bb191f1,,T
f7efd8be-7b3,SCH5,153d0824,1632,2bb191f1,133.0,X
f7efd8be-7b3,SCH5,7019c91b,1633,2bb191f1,130.0,Y3
f7f6a248-901,SCH7,854c37e6,1637,01e78881,133.0,E
f7f6a248-901,SCH7,7407c3ef,1639,01e78881,128.0,I
f7f6a248-901,SCH7,ba7811c1,1635,01e78881,124.0,R
f7f6a248-901,SCH7,954e9f51,1636,01e78881,129.0,T
f7f6a248-901,SCH7,9f9b4179,1643,01e78881,130.0,U
f7f6a248-901,SCH7,00efe66f,1640,01e78881,131.0,Y3
f88849ec-60a,SCH7,dbf5adfb,1648,caf36b6e,124.0,C
f88849ec-60a,SCH7,781befc7,1646,caf36b6e,128.0,E
f88849ec-60a,SCH7,bde27974,1649,caf36b6e,130.0,G
f88849ec-60a,SCH7,b78d3fab,1645,caf36b6e,134.0,I
f88849ec-60a,SCH7,06c13e38,1644,caf36b6e,137.0,N
f88849ec-60a,SCH7,6754a924,1647,caf36b6e,133.0,O
f88849ec-60a,SCH7,65bb9d9d,1651,caf36b6e,126.0,R
f88849ec-60a,SCH7,0f0b56fb,1650,caf36b6e,134.0,Y3
f8b5f0ca-226,SCH4,12bd51fe,1655,4cce0467,125.0,J1
f8b5f0ca-226,SCH4,f642bfe8,1656,4cce0467,131.0,N
f8b5f0ca-226,SCH4,fe1bc42e,1654,4cce0467,133.0,O
f8b6e3eb-be1,SCH5,072c5ee1,1657,cd03fa1e,136.0,C
f8b6e3eb-be1,SCH5,8e87ae83,1659,cd03fa1e,122.0,M
fb37209b-0f4,SCH5,59b02e3d,1662,a9d1c5aa,125.0,C
fb37209b-0f4,SCH5,a346992c,1660,a9d1c5aa,134.0,U
fb37209b-0f4,SCH5,89303cc9,1661,a9d1c5aa,132.0,X
fdbda661-0a5,SCH8,82095fc9,1666,42ba3cae,126.0,C
fdbda661-0a5,SCH8,bbb2876a,1665,42ba3cae,126.0,E
fdbda661-0a5,SCH8,ec46696c,1663,42ba3cae,126.0,G
fdbda661-0a5,SCH8,62c1b713,1664,42ba3cae,122.0,I
fdbda661-0a5,SCH8,d883ec36,1669,42ba3cae,136.0,X
fdbda661-0a5,SCH8,68944c24,1667,42ba3cae,132.0,Y3
ff7e8742-36a,SCH1,e70dd136,1672,028b2fb3,116.0,E
ff7e8742-36a,SCH1,1553d70e,1679,028b2fb3,126.0,G
ff7e8742-36a,SCH1,85988baa,1675,028b2fb3,130.0,J1
ff7e8742-36a,SCH1,56b4323f,1674,028b2fb3,129.0,M
ff7e8742-36a,SCH1,17e67c97,1677,028b2fb3,129.0,N
ff7e8742-36a,SCH1,3922addf,1673,028b2fb3,135.0,U
ff7e8742-36a,SCH1,c8015257,1676,028b2fb3,128.0,X
ff8fe436-66a,SCH3,81c4b360,1680,6dff1794,135.0,E
ff8fe436-66a,SCH3,7da26101,1682,6dff1794,125.0,I
ff8fe436-66a,SCH3,8fdcf7a2,1681,6dff1794,124.0,J1
ff8fe436-66a,SCH3,3f0921a9,1686,6dff1794,129.0,N
ff8fe436-66a,SCH3,aa5c3242,1684,6dff1794,136.0,O
ff8fe436-66a,SCH3,ca8ebb94,1685,6dff1794,135.0,T
ff8fe436-66a,SCH3,c095f00d,1687,6dff1794,136.0,Y3
