pupilnolongeronrolltableid,NativeId,termlysessiondetailsoffrolltableid,termlysessiondetailsoffrollorderseqcolumn,sourceid,sessions,attendancereason
00e9397d-27e,SCH7,05f57116,2,ee673cf2,134.0,N
00e9397d-27e,SCH7,5c4cda8b,1,ee673cf2,135.0,R
0134a3c5-4bc,SCH6,348c380d,5,7c91fe1a,139.0,C
0134a3c5-4bc,SCH6,0a498ab9,3,7c91fe1a,131.0,E
0134a3c5-4bc,SCH6,00cc648e,4,7c91fe1a,128.0,G
015a50c2-e95,SCH6,f07dfc99,10,a3026342,133.0,C
015a50c2-e95,SCH6,1cc3ffb7,13,a3026342,122.0,E
015a50c2-e95,SCH6,8d8fe2ae,14,a3026342,127.0,G
015a50c2-e95,SCH6,88f198a4,7,a3026342,129.0,H
015a50c2-e95,SCH6,8d76b0ff,11,a3026342,137.0,I
015a50c2-e95,SCH6,c5100029,6,a3026342,125.0,M
015a50c2-e95,SCH6,d9b34ea3,8,a3026342,127.0,N
015a50c2-e95,SCH6,58ae44a8,9,a3026342,131.0,Z
03d32e11-910,SCH5,ee054d20,17,36b4cd3a,141.0,C
03d32e11-910,SCH5,b272c169,20,36b4cd3a,129.0,G
03d32e11-910,SCH5,4afdafc0,18,36b4cd3a,135.0,I
03d32e11-910,SCH5,a9fa09ef,15,36b4cd3a,132.0,N
03d32e11-910,SCH5,19cad523,16,36b4cd3a,136.0,O
04051d11-e3f,SCH2,2ac48a23,23,7050ab60,123.0,H
04051d11-e3f,SCH2,50e408de,21,7050ab60,126.0,I
04051d11-e3f,SCH2,595ed677,25,7050ab60,133.0,R
04051d11-e3f,SCH2,02b757d5,22,7050ab60,125.0,T
0418c456-17a,SCH5,ae23c4b7,27,b342cee7,,C
0418c456-17a,SCH5,2ec85a16,28,b342cee7,132.0,M
0418c456-17a,SCH5,233bb1b8,32,b342cee7,125.0,N
0418c456-17a,SCH5,0fe87e7c,31,b342cee7,128.0,T
0418c456-17a,SCH5,fa6c407a,34,b342cee7,129.0,Y
043bd800-c91,SCH4,22b263a8,39,5be0d214,127.0,E
043bd800-c91,SCH4,7b96fcc3,37,5be0d214,135.0,M
075e60a1-951,SCH2,ef24bf06,40,d9f0a043,123.0,I
08783fe7-374,SCH3,42c7f4be,43,436274e1,135.0,M
08783fe7-374,SCH3,475d0e96,44,436274e1,122.0,N
08783fe7-374,SCH3,60bce3c9,42,436274e1,125.0,X
08783fe7-374,SCH3,252a169b,41,436274e1,133.0,Z
08db36e8-ce1,SCH4,88f8854b,46,8f49b92c,126.0,G
08db36e8-ce1,SCH4,762f444c,47,8f49b92c,128.0,I
08db36e8-ce1,SCH4,4e78a024,48,8f49b92c,121.0,M
08db36e8-ce1,SCH4,0b4e0886,45,8f49b92c,117.0,S
0903e6de-706,SCH3,f574afda,49,4eaabc61,127.0,C
0903e6de-706,SCH3,9799df27,52,4eaabc61,127.0,H
0903e6de-706,SCH3,a0c82044,53,4eaabc61,134.0,I
0903e6de-706,SCH3,f25f9f71,50,4eaabc61,124.0,M
0903e6de-706,SCH3,f44ba6d8,55,4eaabc61,129.0,N
0903e6de-706,SCH3,da29e853,51,4eaabc61,133.0,O
0903e6de-706,SCH3,7e0d4e3a,56,4eaabc61,130.0,T
09603da9-929,SCH1,534aa161,57,dfdf7db3,132.0,E
09603da9-929,SCH1,7e3b8042,62,dfdf7db3,124.0,G
09603da9-929,SCH1,5100abeb,60,dfdf7db3,131.0,H
09603da9-929,SCH1,cb8bc0d0,61,dfdf7db3,130.0,I
09603da9-929,SCH1,9e1d6b66,59,dfdf7db3,139.0,N
09603da9-929,SCH1,27f46ffb,58,dfdf7db3,132.0,S
096615d5-09f,SCH7,b1508672,65,3eef362a,129.0,G
096615d5-09f,SCH7,178d77e3,63,3eef362a,129.0,I
096a33fd-3c4,SCH8,d642310c,68,539cbcb3,130.0,C
096a33fd-3c4,SCH8,f2a0f7cf,66,539cbcb3,123.0,E
096a33fd-3c4,SCH8,1a37947b,69,539cbcb3,135.0,M
096a33fd-3c4,SCH8,e6050801,67,539cbcb3,124.0,N
096a33fd-3c4,SCH8,7cb49ce9,73,539cbcb3,130.0,R
096a33fd-3c4,SCH8,e0745c8e,71,539cbcb3,130.0,X
09ed45af-b88,SCH8,2e0a4fda,76,772bdfb6,135.0,E
09ed45af-b88,SCH8,78e81219,75,772bdfb6,127.0,G
0af03596-b07,SCH6,42a4c1a0,78,8b42d33c,121.0,C
0af03596-b07,SCH6,b5a6d391,80,8b42d33c,129.0,H
0af03596-b07,SCH6,b76773f4,77,8b42d33c,136.0,I
0af03596-b07,SCH6,dae7b59f,79,8b42d33c,131.0,N
0d16bc77-ec7,SCH7,22ab5702,82,1e92c683,128.0,G
0d16bc77-ec7,SCH7,e37d9d36,81,1e92c683,119.0,I
0d16bc77-ec7,SCH7,07c13551,83,1e92c683,128.0,N
0d16bc77-ec7,SCH7,06718472,84,1e92c683,129.0,O
0d6cae32-9fa,SCH8,3021b9bf,92,b3605a70,139.0,H
0d6cae32-9fa,SCH8,51fb0fb1,87,b3605a70,130.0,I
0d6cae32-9fa,SCH8,c2288749,88,b3605a70,139.0,M
0d6cae32-9fa,SCH8,73b344db,86,b3605a70,135.0,N
0d6cae32-9fa,SCH8,f383a6d1,89,b3605a70,125.0,O
0d6cae32-9fa,SCH8,d6d6351f,90,b3605a70,125.0,T
0df96030-c04,SCH8,391df3f2,95,a5015d41,116.0,C
0df96030-c04,SCH8,581a16b9,98,a5015d41,127.0,E
0df96030-c04,SCH8,eb7bce44,96,a5015d41,137.0,G
0df96030-c04,SCH8,819e9d2d,93,a5015d41,128.0,H
0df96030-c04,SCH8,15007fca,94,a5015d41,126.0,M
0df96030-c04,SCH8,8ab1535d,97,a5015d41,129.0,O
0e315e6f-4c0,SCH2,75a7f155,104,ddf46471,131.0,I
0e315e6f-4c0,SCH2,3d1de1b9,101,ddf46471,134.0,M
0e315e6f-4c0,SCH2,bf61ff9a,100,ddf46471,132.0,N
0e315e6f-4c0,SCH2,ab634cdf,102,ddf46471,132.0,S
0e315e6f-4c0,SCH2,d8a34e82,103,ddf46471,134.0,Y
10147ae0-5d5,SCH6,77356313,110,0afd8027,127.0,C
10147ae0-5d5,SCH6,8e30252b,109,0afd8027,135.0,E
10147ae0-5d5,SCH6,0a849ac2,111,0afd8027,135.0,I
10147ae0-5d5,SCH6,b3a4f4ec,112,0afd8027,133.0,R
10147ae0-5d5,SCH6,0e24fc4a,115,0afd8027,135.0,U
10147ae0-5d5,SCH6,bb2c93b5,113,0afd8027,129.0,Z
108085dc-6ae,SCH5,3dd8d20b,123,d79c5110,124.0,G
108085dc-6ae,SCH5,ebe82563,116,d79c5110,135.0,H
108085dc-6ae,SCH5,1d255336,118,d79c5110,133.0,I
108085dc-6ae,SCH5,bd9d1d9d,124,d79c5110,131.0,M
108085dc-6ae,SCH5,9b863733,117,d79c5110,126.0,N
108085dc-6ae,SCH5,435e2db6,120,d79c5110,136.0,Y
10e12ddb-bd9,SCH7,c096a860,126,a0ea04c7,129.0,C
10e12ddb-bd9,SCH7,80b8bc2e,127,a0ea04c7,127.0,H
10e12ddb-bd9,SCH7,3fa8b960,125,a0ea04c7,134.0,N
10e12ddb-bd9,SCH7,54198665,128,a0ea04c7,136.0,R
10e12ddb-bd9,SCH7,c5c8a2f5,129,a0ea04c7,135.0,S
113ec861-8da,SCH7,5133d891,135,eb468483,130.0,#
1141c6ee-c5b,SCH2,8cfb4559,136,bdbf2402,128.0,E
1141c6ee-c5b,SCH2,7fa0f271,140,bdbf2402,127.0,G
1141c6ee-c5b,SCH2,fb465c81,139,bdbf2402,135.0,I
1141c6ee-c5b,SCH2,3300ac42,141,bdbf2402,133.0,M
1141c6ee-c5b,SCH2,6f5a2048,138,bdbf2402,134.0,Z
117fa922-395,SCH1,585e9041,142,47275632,122.0,E
117fa922-395,SCH1,9f580fa2,144,47275632,126.0,G
117fa922-395,SCH1,97ff08b9,146,47275632,125.0,H
117fa922-395,SCH1,868cea78,143,47275632,134.0,X
117fa922-395,SCH1,3381fb24,147,47275632,136.0,Z
11b6cfc3-a01,SCH6,e8f320b5,152,36dffc1c,133.0,#
11b6cfc3-a01,SCH6,e0793f0b,149,36dffc1c,124.0,C
11b6cfc3-a01,SCH6,cf99a190,148,36dffc1c,131.0,E
11b6cfc3-a01,SCH6,94e4f4a0,155,36dffc1c,136.0,H
11b6cfc3-a01,SCH6,a4fa0b74,153,36dffc1c,139.0,M
11b6cfc3-a01,SCH6,7708d31e,151,36dffc1c,131.0,O
11b6cfc3-a01,SCH6,9a1bbe1d,150,36dffc1c,131.0,X
135cb737-723,SCH4,65139e4a,156,9e7ce7c7,129.0,C
135cb737-723,SCH4,765cd133,158,9e7ce7c7,125.0,G
135cb737-723,SCH4,710eb55d,162,9e7ce7c7,133.0,H
135cb737-723,SCH4,dc4256ee,157,9e7ce7c7,125.0,N
135cb737-723,SCH4,aff53298,161,9e7ce7c7,129.0,S
135cb737-723,SCH4,50141e83,160,9e7ce7c7,126.0,T
135cb737-723,SCH4,04569c54,159,9e7ce7c7,128.0,X
1393883e-1d7,SCH7,2a15a328,165,dce43967,132.0,C
1393883e-1d7,SCH7,72df15ce,166,dce43967,123.0,H
1393883e-1d7,SCH7,f48e432a,167,dce43967,131.0,U
15d1abfc-46c,SCH4,10b665b7,171,e46d70cb,130.0,#
15d1abfc-46c,SCH4,a206ce58,170,e46d70cb,130.0,C
15d1abfc-46c,SCH4,7a2e4341,174,e46d70cb,128.0,E
15d1abfc-46c,SCH4,886d7160,169,e46d70cb,136.0,G
15d1abfc-46c,SCH4,0cecea4a,172,e46d70cb,124.0,N
15d1abfc-46c,SCH4,60514733,173,e46d70cb,127.0,Z
16d4ed7f-9ee,SCH7,145e5e29,176,43c153dc,126.0,E
16d4ed7f-9ee,SCH7,5c99be96,175,43c153dc,138.0,M
16d4ed7f-9ee,SCH7,a0f2ec0b,177,43c153dc,126.0,R
1731e571-660,SCH5,c2153ec2,184,90fdbe71,129.0,#
1731e571-660,SCH5,55982098,180,90fdbe71,118.0,C
1731e571-660,SCH5,ec1270e4,178,90fdbe71,136.0,G
1731e571-660,SCH5,b66601b6,179,90fdbe71,133.0,H
1731e571-660,SCH5,92d7e882,181,90fdbe71,133.0,I
1731e571-660,SCH5,198ac29d,186,90fdbe71,140.0,Z
18084b89-c42,SCH1,5b6aadf4,187,8e6b6a46,122.0,O
196286d5-f4f,SCH5,84b55719,192,bd8c4f48,130.0,C
196286d5-f4f,SCH5,1ab40bb3,193,bd8c4f48,127.0,G
196286d5-f4f,SCH5,a91da2b3,189,bd8c4f48,126.0,H
196286d5-f4f,SCH5,6fb16fbf,194,bd8c4f48,125.0,I
196286d5-f4f,SCH5,947f3778,191,bd8c4f48,135.0,M
196286d5-f4f,SCH5,0037e704,190,bd8c4f48,125.0,N
19d4247c-f8a,SCH5,efa3f5ce,197,46fb7c69,131.0,C
19d4247c-f8a,SCH5,b837e9fa,198,46fb7c69,133.0,H
19d4247c-f8a,SCH5,e48877c5,196,46fb7c69,134.0,M
19d4247c-f8a,SCH5,57d226ce,200,46fb7c69,137.0,U
1a8bed4b-952,SCH1,45bb35a0,202,76c22316,132.0,E
1a8bed4b-952,SCH1,8a6a9a1f,204,76c22316,133.0,G
1a8bed4b-952,SCH1,a0080f7f,205,76c22316,123.0,H
1a8bed4b-952,SCH1,d7e94a62,206,76c22316,131.0,I
1a8bed4b-952,SCH1,0e93c34c,207,76c22316,124.0,S
1a8bed4b-952,SCH1,c3752334,201,76c22316,126.0,T
1ad4004c-411,SCH2,d2723b5d,208,f3ec3ea7,126.0,H
1ad4004c-411,SCH2,8f00a27b,209,f3ec3ea7,126.0,N
1ad4004c-411,SCH2,b976da58,210,f3ec3ea7,130.0,U
1c8f05e0-25e,SCH5,5baebf18,212,6e94c318,138.0,C
1c8f05e0-25e,SCH5,daa01731,213,6e94c318,131.0,G
1c8f05e0-25e,SCH5,bc42ad47,215,6e94c318,138.0,I
1c8f05e0-25e,SCH5,b36a7c8f,211,6e94c318,129.0,M
1caac0e7-293,SCH4,afd2fe9c,219,e0909e07,125.0,C
1caac0e7-293,SCH4,82c7cd25,220,e0909e07,124.0,I
1d7cbbae-4fd,SCH8,d77b0842,225,8e8a4787,126.0,E
1d7cbbae-4fd,SCH8,ab3ed86c,222,8e8a4787,131.0,G
1d7cbbae-4fd,SCH8,3751e9bb,224,8e8a4787,130.0,O
1d7cbbae-4fd,SCH8,84095d64,221,8e8a4787,131.0,R
1d7cbbae-4fd,SCH8,13f1f5e0,223,8e8a4787,132.0,S
1ee6e6fe-22e,SCH2,0d38c117,228,5e03337f,132.0,H
1ee6e6fe-22e,SCH2,d1deb4a7,230,5e03337f,,S
1ee6e6fe-22e,SCH2,9c498ca2,227,5e03337f,133.0,X
1ef37aba-31d,SCH1,6e0b4f47,232,d626ae9f,130.0,G
1ef37aba-31d,SCH1,1676a2a6,231,d626ae9f,132.0,M
1f0fbb1d-63f,SCH5,f93041b1,238,b0de7483,131.0,C
1f0fbb1d-63f,SCH5,b65fd86a,237,b0de7483,128.0,E
1f0fbb1d-63f,SCH5,25a40dec,235,b0de7483,133.0,G
1f0fbb1d-63f,SCH5,14751721,233,b0de7483,132.0,H
1f0fbb1d-63f,SCH5,6ccd6ef2,234,b0de7483,134.0,M
1fe733f9-e68,SCH3,b9ea35ef,246,926cc9af,132.0,E
1fe733f9-e68,SCH3,17ecd8dd,242,926cc9af,130.0,G
1fe733f9-e68,SCH3,f8a3d7f9,241,926cc9af,125.0,H
1fe733f9-e68,SCH3,b08625a1,248,926cc9af,126.0,I
1fe733f9-e68,SCH3,7b211d23,249,926cc9af,128.0,N
1fe733f9-e68,SCH3,c8c00204,243,926cc9af,124.0,R
1fe733f9-e68,SCH3,326c7f5d,244,926cc9af,128.0,T
1fe733f9-e68,SCH3,e5b9916a,245,926cc9af,137.0,Z
2319f69f-402,SCH8,90b83953,251,04bdb59d,127.0,#
2319f69f-402,SCH8,1590129b,256,04bdb59d,128.0,C
2319f69f-402,SCH8,a14f80fb,260,04bdb59d,137.0,E
2319f69f-402,SCH8,239ce502,254,04bdb59d,134.0,H
2319f69f-402,SCH8,14d29987,252,04bdb59d,140.0,I
2319f69f-402,SCH8,df317800,255,04bdb59d,125.0,N
2319f69f-402,SCH8,14748ab3,253,04bdb59d,134.0,Y
2320235d-768,SCH3,94f9d2ff,263,04ec7d63,,C
2320235d-768,SCH3,c556218c,265,04ec7d63,129.0,E
2320235d-768,SCH3,02afaeb4,261,04ec7d63,125.0,H
2320235d-768,SCH3,3d592d28,264,04ec7d63,126.0,M
2320235d-768,SCH3,58877dcd,267,04ec7d63,131.0,O
2320235d-768,SCH3,b13fb0e4,268,04ec7d63,133.0,S
2320235d-768,SCH3,242e974d,262,04ec7d63,,T
2320235d-768,SCH3,1e3f8e0c,266,04ec7d63,127.0,U
23d2b1a8-4a6,SCH2,5ab1e291,272,435a433f,135.0,H
23d2b1a8-4a6,SCH2,13d43515,273,435a433f,125.0,N
23d2b1a8-4a6,SCH2,5e382ce4,271,435a433f,126.0,O
23d2b1a8-4a6,SCH2,4fd72589,274,435a433f,133.0,S
240ea586-475,SCH1,5fbaa1b1,275,adac3efa,139.0,C
240ea586-475,SCH1,9f63376f,276,adac3efa,134.0,G
240ea586-475,SCH1,e3bd0f16,278,adac3efa,141.0,M
240ea586-475,SCH1,81906641,279,adac3efa,122.0,N
2447c604-0f0,SCH3,a1ac27e4,284,8d0e503b,133.0,H
2447c604-0f0,SCH3,935488d6,285,8d0e503b,133.0,I
2447c604-0f0,SCH3,50a816d6,289,8d0e503b,128.0,N
2447c604-0f0,SCH3,3ab5afd5,286,8d0e503b,131.0,O
2447c604-0f0,SCH3,50f0fabe,288,8d0e503b,124.0,R
2447c604-0f0,SCH3,5843a580,282,8d0e503b,129.0,U
2447c604-0f0,SCH3,a92a30cd,287,8d0e503b,129.0,Z
261c07d5-24b,SCH8,02b7b037,290,692f45aa,125.0,M
26f741ac-cc9,SCH5,04f588e2,296,917447c7,122.0,H
26f741ac-cc9,SCH5,4a720a0b,295,917447c7,137.0,I
26f741ac-cc9,SCH5,6118891f,293,917447c7,134.0,M
26f741ac-cc9,SCH5,e2918f73,294,917447c7,131.0,R
26f741ac-cc9,SCH5,3323d016,292,917447c7,128.0,S
26f741ac-cc9,SCH5,2bf18fa6,291,917447c7,,Y
26f78d85-3a3,SCH3,376f0479,308,bf48e649,134.0,E
26f78d85-3a3,SCH3,dbf0e01d,306,bf48e649,126.0,H
26f78d85-3a3,SCH3,8c5d3447,301,bf48e649,132.0,I
26f78d85-3a3,SCH3,edcc94ab,300,bf48e649,130.0,M
26f78d85-3a3,SCH3,7a8cd3f9,304,bf48e649,126.0,O
27746f0c-2a4,SCH3,1fb92df9,313,ffe1b8e2,132.0,C
27746f0c-2a4,SCH3,6a670455,311,ffe1b8e2,123.0,E
27746f0c-2a4,SCH3,5ae69c74,310,ffe1b8e2,131.0,G
27746f0c-2a4,SCH3,2a659fcd,309,ffe1b8e2,136.0,I
27746f0c-2a4,SCH3,9f181c82,314,ffe1b8e2,124.0,N
280ffb82-71b,SCH8,c2eb342e,323,0fcd2cfa,129.0,C
280ffb82-71b,SCH8,cb228376,321,0fcd2cfa,134.0,E
280ffb82-71b,SCH8,7c4e4509,316,0fcd2cfa,138.0,H
280ffb82-71b,SCH8,d5ec8d94,322,0fcd2cfa,133.0,I
280ffb82-71b,SCH8,e2c51287,315,0fcd2cfa,136.0,M
280ffb82-71b,SCH8,d73a70e9,317,0fcd2cfa,128.0,O
280ffb82-71b,SCH8,54c205fa,319,0fcd2cfa,125.0,Y
285efb10-31e,SCH3,8b85fbe0,327,7e47b4fb,131.0,I
285efb10-31e,SCH3,d30fc80d,325,7e47b4fb,129.0,M
285efb10-31e,SCH3,6e423370,326,7e47b4fb,123.0,N
285efb10-31e,SCH3,011e92ba,324,7e47b4fb,130.0,Y
29d0d7b5-136,SCH3,af3ad597,329,9b79daa7,128.0,#
29d0d7b5-136,SCH3,44e1a417,331,9b79daa7,120.0,E
29d0d7b5-136,SCH3,b3a0c663,332,9b79daa7,134.0,I
29d0d7b5-136,SCH3,54b0f21a,334,9b79daa7,127.0,N
29d0d7b5-136,SCH3,f4732d53,330,9b79daa7,132.0,R
29d0d7b5-136,SCH3,a73e38d1,335,9b79daa7,129.0,S
2a6ecf5a-d37,SCH6,cb70741c,336,7481a91a,138.0,G
2aeb5c83-fbb,SCH1,d429e4cf,337,d837ff8f,128.0,C
2bc4de5d-4c1,SCH8,56a4f8eb,345,1f5a359a,132.0,C
2bc4de5d-4c1,SCH8,a8da86c0,347,1f5a359a,131.0,E
2bc4de5d-4c1,SCH8,dd0b1b58,342,1f5a359a,137.0,G
2bc4de5d-4c1,SCH8,e5e50e90,340,1f5a359a,138.0,H
2bc4de5d-4c1,SCH8,d0710bc3,338,1f5a359a,133.0,M
2bc4de5d-4c1,SCH8,96cbfd59,339,1f5a359a,138.0,N
2bc4de5d-4c1,SCH8,f34105af,346,1f5a359a,128.0,S
2c944799-cc6,SCH3,e1760924,351,b8915d30,128.0,E
2c944799-cc6,SCH3,fb40d738,350,b8915d30,127.0,G
2c944799-cc6,SCH3,ec9dc73b,354,b8915d30,132.0,H
2c944799-cc6,SCH3,312f8cc4,349,b8915d30,130.0,I
2c944799-cc6,SCH3,0cbbdafe,355,b8915d30,129.0,M
2c944799-cc6,SCH3,c5990223,348,b8915d30,124.0,Y
2ca305ff-d57,SCH4,9cd499dd,358,b7aa3981,137.0,#
2ca305ff-d57,SCH4,6be2a07c,356,b7aa3981,128.0,R
2ca305ff-d57,SCH4,1cd980d6,359,b7aa3981,129.0,X
2ca305ff-d57,SCH4,145dc15e,357,b7aa3981,128.0,Z
2cedf00f-fa8,SCH2,d1d4fd21,360,8a184d7b,129.0,U
2e8d1eca-d8c,SCH7,63a619df,361,4f7bdf1f,127.0,M
2e8d1eca-d8c,SCH7,52b434e6,362,4f7bdf1f,135.0,R
2ea8a592-56f,SCH6,781efad1,363,97a2b091,134.0,H
2f0ceb9a-6d1,SCH8,f25ec633,364,80d2c27d,127.0,E
2f0ceb9a-6d1,SCH8,72cf4e4e,366,80d2c27d,135.0,G
2f0ceb9a-6d1,SCH8,4bb5ac2f,365,80d2c27d,130.0,H
2f0ceb9a-6d1,SCH8,ccc3ab24,368,80d2c27d,131.0,M
2f0ceb9a-6d1,SCH8,59fa9a39,369,80d2c27d,131.0,O
2f0ceb9a-6d1,SCH8,899b8e0e,367,80d2c27d,114.0,U
2fa7ebc9-40a,SCH2,b332f6c5,370,08c1ce56,131.0,H
3090c5b1-88f,SCH4,385ab9af,375,ad6a8b21,129.0,#
3090c5b1-88f,SCH4,d0db5acb,376,ad6a8b21,131.0,C
3090c5b1-88f,SCH4,c6d9313d,379,ad6a8b21,131.0,G
3090c5b1-88f,SCH4,f3fbe7d6,380,ad6a8b21,138.0,H
3090c5b1-88f,SCH4,b2f84a71,374,ad6a8b21,129.0,I
3090c5b1-88f,SCH4,c10d95bd,373,ad6a8b21,134.0,M
3090c5b1-88f,SCH4,936de9f6,378,ad6a8b21,116.0,N
3090c5b1-88f,SCH4,4924b05c,372,ad6a8b21,119.0,S
3090c5b1-88f,SCH4,461f115b,371,ad6a8b21,133.0,U
3103aa3d-76e,SCH2,5dc432e2,381,9152a99f,128.0,M
3103aa3d-76e,SCH2,71515ad4,382,9152a99f,126.0,N
32d18bf8-a47,SCH3,80482d24,384,47a50237,125.0,C
32d18bf8-a47,SCH3,21a60122,388,47a50237,130.0,E
32d18bf8-a47,SCH3,d631bd66,386,47a50237,127.0,H
32d18bf8-a47,SCH3,a861ee5f,385,47a50237,134.0,M
32d18bf8-a47,SCH3,f99d2dec,387,47a50237,126.0,U
32d18bf8-a47,SCH3,d023e76a,392,47a50237,140.0,Y
32d20cc9-f97,SCH8,944c2dc9,401,3e6c5d28,122.0,C
32d20cc9-f97,SCH8,06cb6423,394,3e6c5d28,134.0,E
32d20cc9-f97,SCH8,9ff15046,396,3e6c5d28,130.0,G
32d20cc9-f97,SCH8,15f5248b,399,3e6c5d28,139.0,I
32d20cc9-f97,SCH8,93bd2885,398,3e6c5d28,129.0,M
32d20cc9-f97,SCH8,60c0e177,400,3e6c5d28,139.0,N
32d20cc9-f97,SCH8,8b4cfc0d,393,3e6c5d28,134.0,O
32d20cc9-f97,SCH8,06b407cb,395,3e6c5d28,128.0,S
32d20cc9-f97,SCH8,753d5fb0,397,3e6c5d28,124.0,U
3330382f-8f4,SCH1,077ff189,408,853a7e18,132.0,C
3330382f-8f4,SCH1,7f63138d,406,853a7e18,129.0,E
3330382f-8f4,SCH1,96eef04f,407,853a7e18,123.0,H
3330382f-8f4,SCH1,14716bfe,403,853a7e18,131.0,O
3330382f-8f4,SCH1,cbd20ee1,405,853a7e18,133.0,T
3330382f-8f4,SCH1,6bee9297,404,853a7e18,121.0,Y
3348c7f1-b0d,SCH5,00c83c83,410,cfd22d8a,123.0,H
339bd0a5-3c9,SCH5,a37b31d8,412,5df4c08d,126.0,H
339bd0a5-3c9,SCH5,ea3e4197,411,5df4c08d,132.0,M
3481cad2-55d,SCH8,63599006,414,656c5838,130.0,C
3481cad2-55d,SCH8,2ada08a5,415,656c5838,126.0,E
3481cad2-55d,SCH8,d8bc9dfe,413,656c5838,122.0,H
34b9b8ec-adf,SCH4,58d13730,418,f17536bc,125.0,H
34b9b8ec-adf,SCH4,bde571eb,417,f17536bc,130.0,M
34b9b8ec-adf,SCH4,0e8afd1e,416,f17536bc,115.0,R
34b9b8ec-adf,SCH4,765e523b,420,f17536bc,132.0,X
34c9e8bb-41d,SCH4,86ccd8f2,423,366944a0,133.0,E
34c9e8bb-41d,SCH4,9dc1effe,424,366944a0,129.0,M
34c9e8bb-41d,SCH4,6883916a,426,366944a0,133.0,N
34c9e8bb-41d,SCH4,0eb984ae,421,366944a0,125.0,R
34c9e8bb-41d,SCH4,85555b49,422,366944a0,116.0,U
35256145-04a,SCH7,ca8011ec,428,f313f63d,127.0,G
35256145-04a,SCH7,00b9d342,427,f313f63d,130.0,H
35256145-04a,SCH7,1ede2eaa,429,f313f63d,139.0,N
35aee72e-856,SCH4,25e60db4,432,0623b8b9,133.0,G
35aee72e-856,SCH4,7910d548,431,0623b8b9,128.0,I
35aee72e-856,SCH4,dc2d4c44,433,0623b8b9,137.0,S
35aee72e-856,SCH4,91d6ed4d,435,0623b8b9,128.0,X
35f53b82-fd3,SCH4,4409e4af,437,2f14e823,126.0,E
35f53b82-fd3,SCH4,68e19aba,440,2f14e823,129.0,N
35f53b82-fd3,SCH4,54e24215,439,2f14e823,137.0,O
35f53b82-fd3,SCH4,cc71d282,441,2f14e823,128.0,U
35f53b82-fd3,SCH4,8510d725,438,2f14e823,132.0,X
35f53b82-fd3,SCH4,18fb9701,436,2f14e823,132.0,Y
366d8352-f1d,SCH1,04a75643,444,4e8dab1d,132.0,E
366d8352-f1d,SCH1,73a75ee6,445,4e8dab1d,133.0,I
366d8352-f1d,SCH1,7ad5ae26,447,4e8dab1d,130.0,M
366d8352-f1d,SCH1,8df788ff,448,4e8dab1d,128.0,N
366d8352-f1d,SCH1,ada7936b,442,4e8dab1d,121.0,O
366d8352-f1d,SCH1,85d03825,446,4e8dab1d,121.0,U
366d8352-f1d,SCH1,1b6a1cdc,443,4e8dab1d,138.0,Y
38499bb3-d57,SCH2,b39609e9,450,d19d6945,125.0,E
38499bb3-d57,SCH2,8b0e7f54,449,d19d6945,119.0,S
388a4a49-b6e,SCH3,759cd624,451,93ffa181,131.0,M
388a4a49-b6e,SCH8,291267ed,452,f8158315,127.0,G
3984bc9b-0ff,SCH7,736fe4ba,457,fab860aa,127.0,E
3984bc9b-0ff,SCH7,66e5b2fc,455,fab860aa,131.0,I
3984bc9b-0ff,SCH7,94a6f632,460,fab860aa,123.0,M
3984bc9b-0ff,SCH7,cbab084c,458,fab860aa,132.0,S
3984bc9b-0ff,SCH7,2f553b00,454,fab860aa,136.0,T
39c6f5d1-295,SCH1,f00d1368,464,b127baf2,125.0,I
39c6f5d1-295,SCH1,e0f1e5b9,463,b127baf2,136.0,N
3a654dfd-a82,SCH4,5d3d36c5,472,f3f0d215,123.0,E
3a654dfd-a82,SCH4,6c5b6a50,475,f3f0d215,123.0,H
3a654dfd-a82,SCH4,36b37134,474,f3f0d215,133.0,I
3a654dfd-a82,SCH4,d89ede23,469,f3f0d215,123.0,M
3a654dfd-a82,SCH4,2ac890ee,473,f3f0d215,133.0,N
3a654dfd-a82,SCH4,395204a0,476,f3f0d215,130.0,O
3a654dfd-a82,SCH4,697fc26a,471,f3f0d215,128.0,U
3a654dfd-a82,SCH4,422db0ae,470,f3f0d215,131.0,Z
3a654dfd-a82,SCH8,23dbeda5,466,a1d1741f,132.0,I
3a654dfd-a82,SCH8,42d869f3,467,a1d1741f,132.0,M
3a654dfd-a82,SCH8,ccc19f4b,465,a1d1741f,127.0,N
3a654dfd-a82,SCH8,d6d39895,468,a1d1741f,134.0,S
3b82680b-31b,SCH8,63725520,480,b15c2843,136.0,I
3b82680b-31b,SCH8,05cd193f,477,b15c2843,129.0,N
3b82680b-31b,SCH8,8309d332,479,b15c2843,130.0,R
3b82680b-31b,SCH8,932413f5,481,b15c2843,130.0,U
40b12231-92c,SCH7,2b6bd27f,483,8d3de829,133.0,H
40b12231-92c,SCH7,24346276,482,8d3de829,128.0,N
40b12231-92c,SCH7,35378dd9,484,8d3de829,128.0,X
42255998-97e,SCH6,3bc56602,487,e754275b,135.0,H
42255998-97e,SCH6,6dea6ef2,489,e754275b,130.0,I
42255998-97e,SCH6,04e57028,491,e754275b,126.0,M
42255998-97e,SCH6,cb035877,493,e754275b,130.0,R
42255998-97e,SCH6,0a3cdff8,490,e754275b,130.0,Y
42255998-97e,SCH6,df697c95,488,e754275b,133.0,Z
42a1bf04-3e3,SCH1,9d2084fe,495,f0790308,127.0,C
42a1bf04-3e3,SCH1,964b6cae,497,f0790308,125.0,I
42a1bf04-3e3,SCH1,af6b24c6,496,f0790308,131.0,M
42a1bf04-3e3,SCH1,008d7509,494,f0790308,122.0,N
42a284f7-8ae,SCH2,29e8d175,500,e837b7e7,126.0,O
42a284f7-8ae,SCH2,1228c776,501,e837b7e7,126.0,R
42a284f7-8ae,SCH2,e9fb4270,499,e837b7e7,129.0,S
42a284f7-8ae,SCH2,fc055ed3,502,e837b7e7,121.0,X
43803b95-989,SCH8,af4474ce,505,6e105480,130.0,C
43803b95-989,SCH8,dd99858d,504,6e105480,130.0,H
43803b95-989,SCH8,9012ad5d,507,6e105480,126.0,M
43803b95-989,SCH8,3c94fcd2,509,6e105480,132.0,R
43803b95-989,SCH8,71a6c2b1,503,6e105480,131.0,Y
43c88d38-31a,SCH3,380b97a0,510,45bc378f,134.0,G
43c88d38-31a,SCH3,d6c26963,511,45bc378f,126.0,H
44874cdf-d53,SCH6,ed832bc3,514,29af78cd,130.0,G
44874cdf-d53,SCH6,b64400ff,513,29af78cd,135.0,R
44874cdf-d53,SCH6,e9c44cb6,512,29af78cd,127.0,S
4669cd60-e4b,SCH2,656db0b7,519,4bcb25c6,132.0,#
4669cd60-e4b,SCH2,a3ab8aa4,523,4e8f3f7a,128.0,C
4669cd60-e4b,SCH2,ef2213c0,515,4e8f3f7a,115.0,E
4669cd60-e4b,SCH2,b946c0f2,516,4e8f3f7a,137.0,G
4669cd60-e4b,SCH2,435a1abf,517,4e8f3f7a,127.0,H
4669cd60-e4b,SCH2,b946c0f2,516,4bcb25c6,131.0,I
4669cd60-e4b,SCH2,ef2213c0,515,4bcb25c6,138.0,M
4669cd60-e4b,SCH2,eae26f04,524,4e8f3f7a,128.0,N
4669cd60-e4b,SCH2,80802a40,522,4bcb25c6,131.0,R
4669cd60-e4b,SCH2,ed4fbba1,521,4e8f3f7a,119.0,T
4669cd60-e4b,SCH2,435a1abf,517,4bcb25c6,131.0,Y
4669cd60-e4b,SCH4,7b37246a,528,6da8adf8,133.0,H
4669cd60-e4b,SCH4,03b17e24,525,6da8adf8,134.0,R
4669cd60-e4b,SCH4,39a78720,526,6da8adf8,131.0,S
466ee830-1f3,SCH1,4b40a9db,530,c965b080,132.0,I
466ee830-1f3,SCH1,284680ac,529,c965b080,131.0,N
46767bdd-051,SCH4,f334e097,532,23ac81f1,130.0,O
46767bdd-051,SCH6,a6d2fc0b,531,7c977aae,125.0,R
472f609a-1be,SCH6,1b689907,533,6e5563b2,135.0,#
472f609a-1be,SCH6,0582479a,538,6e5563b2,132.0,E
472f609a-1be,SCH6,279714af,534,6e5563b2,134.0,H
472f609a-1be,SCH6,226be46f,537,6e5563b2,128.0,I
472f609a-1be,SCH6,79a35e55,535,6e5563b2,125.0,N
472f609a-1be,SCH6,55495440,536,6e5563b2,135.0,R
472f609a-1be,SCH6,1a8e22d3,541,6e5563b2,135.0,S
47592a2a-f40,SCH5,ebba1b55,549,89bb44ca,132.0,#
47592a2a-f40,SCH5,e4a76484,556,89bb44ca,131.0,E
47592a2a-f40,SCH5,bcd8a90a,551,89bb44ca,129.0,G
47592a2a-f40,SCH5,5c990e7a,555,89bb44ca,128.0,H
47592a2a-f40,SCH5,45bf268a,552,89bb44ca,123.0,N
47592a2a-f40,SCH5,dfbae20c,550,89bb44ca,132.0,X
47592a2a-f40,SCH7,bc567cea,545,99f2e43a,134.0,E
47592a2a-f40,SCH7,53bb73b0,547,99f2e43a,127.0,G
47592a2a-f40,SCH7,05035a71,543,99f2e43a,127.0,M
47592a2a-f40,SCH7,bcbf1da8,544,99f2e43a,132.0,N
47d0488a-2aa,SCH5,d9145534,557,359825d8,137.0,E
47d0488a-2aa,SCH5,f68a6930,558,359825d8,132.0,H
47d0488a-2aa,SCH5,8293c08c,559,359825d8,129.0,N
47d0488a-2aa,SCH5,2ae3fbde,560,359825d8,132.0,O
47d0488a-2aa,SCH5,89c43e3c,561,359825d8,130.0,R
48d0d644-cea,SCH4,0016e6a0,567,61fee249,125.0,E
48d0d644-cea,SCH4,ebec9c9a,562,61fee249,136.0,G
48d0d644-cea,SCH4,4908de24,565,61fee249,131.0,H
48d0d644-cea,SCH4,a96c310c,563,61fee249,127.0,N
48d0d644-cea,SCH4,5ef3ee7b,566,61fee249,131.0,O
49238ac8-f72,SCH3,966fc482,570,1b79ed88,134.0,C
49238ac8-f72,SCH3,5329c252,568,1b79ed88,131.0,H
49238ac8-f72,SCH3,f8726af5,571,1b79ed88,131.0,M
49238ac8-f72,SCH3,a88be765,569,1b79ed88,131.0,N
498b4354-cdf,SCH7,a77bdf11,577,0ac8ac08,135.0,H
498b4354-cdf,SCH7,647834fb,575,0ac8ac08,128.0,I
498b4354-cdf,SCH7,0c326f68,573,0ac8ac08,124.0,M
498b4354-cdf,SCH7,273b00de,579,0ac8ac08,132.0,R
498b4354-cdf,SCH7,1801dbf6,576,0ac8ac08,135.0,X
4ddc935f-31e,SCH4,00cdf7ac,586,b5e96773,125.0,E
4ddc935f-31e,SCH4,247ab3c5,585,b5e96773,127.0,G
4ddc935f-31e,SCH4,1501fdb5,581,b5e96773,139.0,H
4ddc935f-31e,SCH4,6d7daa6b,587,b5e96773,120.0,M
4ddc935f-31e,SCH4,c80566de,582,b5e96773,126.0,N
4ddc935f-31e,SCH4,d389afa1,588,b5e96773,138.0,R
4ddc935f-31e,SCH4,845c8dbb,583,b5e96773,133.0,U
4e057efd-959,SCH3,7b1cb4d3,591,ce7282e0,133.0,G
4e057efd-959,SCH3,82547ee6,590,ce7282e0,126.0,M
4e057efd-959,SCH3,8fcd14c6,589,ce7282e0,125.0,O
4e057efd-959,SCH3,62cbee03,592,ce7282e0,118.0,T
4ea566ae-237,SCH8,6229905d,593,c04fed27,127.0,N
4ea566ae-237,SCH8,6fc89a30,594,c04fed27,128.0,Y
4fec3dcd-c9f,SCH1,adf29c86,597,8ba72993,141.0,G
4fec3dcd-c9f,SCH1,33d40b18,601,8ba72993,134.0,H
4fec3dcd-c9f,SCH1,45751559,596,8ba72993,127.0,I
4fec3dcd-c9f,SCH1,36d97d9e,595,8ba72993,130.0,M
4fec3dcd-c9f,SCH1,96cb18ed,599,8ba72993,137.0,T
4fec3dcd-c9f,SCH1,7203540a,598,8ba72993,129.0,Y
505e619c-0a7,SCH5,ab40e067,604,0316295f,129.0,C
505e619c-0a7,SCH5,605f81db,607,0316295f,129.0,E
505e619c-0a7,SCH5,d2c2be19,603,0316295f,135.0,G
505e619c-0a7,SCH5,142d1d84,610,0316295f,129.0,N
505e619c-0a7,SCH5,029a94fb,609,0316295f,132.0,O
505e619c-0a7,SCH5,b17e57ed,606,0316295f,134.0,X
50cc7bf5-6cb,SCH2,bd7003b2,614,3bdb1ae3,135.0,C
50cc7bf5-6cb,SCH2,b5477650,616,3bdb1ae3,138.0,E
50cc7bf5-6cb,SCH2,93064e5c,620,3bdb1ae3,128.0,G
50cc7bf5-6cb,SCH2,f422c54e,612,3bdb1ae3,125.0,H
50cc7bf5-6cb,SCH2,80a19833,611,3bdb1ae3,133.0,I
50cc7bf5-6cb,SCH2,4a297583,615,3bdb1ae3,130.0,S
50cc7bf5-6cb,SCH2,5c3af11d,619,3bdb1ae3,133.0,U
50cc7bf5-6cb,SCH2,bfcdca22,617,3bdb1ae3,127.0,Y
50cc7bf5-6cb,SCH2,e23aa371,618,3bdb1ae3,130.0,Z
51966344-8f5,SCH5,b7dd8f3e,623,761a1421,131.0,C
51966344-8f5,SCH5,8f40d7a2,624,761a1421,129.0,E
51966344-8f5,SCH5,549eb460,622,761a1421,136.0,G
51966344-8f5,SCH5,ceb9caca,625,761a1421,127.0,H
51966344-8f5,SCH5,d73222e9,621,761a1421,133.0,N
51a66a4a-dba,SCH7,674561b9,629,b7d40519,133.0,#
51a66a4a-dba,SCH7,7609bde7,628,b7d40519,131.0,C
51a66a4a-dba,SCH7,54056094,630,b7d40519,129.0,M
51a66a4a-dba,SCH7,3e71f6b4,632,b7d40519,135.0,R
51bf9b95-253,SCH6,6bf40c09,638,873181d1,136.0,C
51bf9b95-253,SCH6,d57df50a,637,873181d1,129.0,H
51bf9b95-253,SCH6,cda364af,636,873181d1,130.0,I
51bf9b95-253,SCH6,b5493005,634,873181d1,129.0,M
51bf9b95-253,SCH6,426b73d4,642,873181d1,130.0,O
51bf9b95-253,SCH6,3d79ae0c,641,873181d1,119.0,X
51bf9b95-253,SCH6,0272e5ad,635,873181d1,133.0,Y
54dd761f-bad,SCH8,856802a3,645,fef59491,137.0,H
54dd761f-bad,SCH8,417446c8,643,fef59491,129.0,O
54dd761f-bad,SCH8,b04b2f09,644,fef59491,121.0,T
55967b4a-db9,SCH5,cbb7e179,648,d2e1ec47,126.0,G
55967b4a-db9,SCH5,c4f44350,646,d2e1ec47,122.0,M
55967b4a-db9,SCH5,67d2e61d,649,d2e1ec47,130.0,N
55967b4a-db9,SCH5,5d88d000,653,d2e1ec47,125.0,O
55967b4a-db9,SCH5,4c96750c,647,d2e1ec47,121.0,R
55967b4a-db9,SCH5,9d4a0849,654,d2e1ec47,130.0,T
55967b4a-db9,SCH5,cc5df4f6,651,d2e1ec47,134.0,Y
55967b4a-db9,SCH5,9989c753,652,d2e1ec47,133.0,Z
55bd0e4b-224,SCH4,0ff5493a,657,3706ad34,122.0,E
55bd0e4b-224,SCH4,3c3b9c10,659,3706ad34,130.0,H
55bd0e4b-224,SCH4,e02dfb89,660,3706ad34,137.0,N
55bd0e4b-224,SCH4,6491d616,656,3706ad34,131.0,Y
575d669a-ee2,SCH7,f84c087b,668,a749c76d,137.0,C
575d669a-ee2,SCH7,64f76b46,669,a749c76d,123.0,G
575d669a-ee2,SCH7,835d46ec,663,a749c76d,127.0,H
575d669a-ee2,SCH7,3d878b14,666,a749c76d,123.0,I
575d669a-ee2,SCH7,d291a199,661,a749c76d,126.0,M
575d669a-ee2,SCH7,15ac66bb,662,a749c76d,126.0,O
5787a812-d79,SCH6,1765c321,672,4c22854b,137.0,C
5787a812-d79,SCH6,abd181c6,671,4c22854b,134.0,E
5787a812-d79,SCH6,354b8003,670,4c22854b,130.0,M
5787a812-d79,SCH6,a0f9dc9f,673,4c22854b,124.0,R
58cb387d-4b6,SCH7,dd3683b0,675,16df2be9,128.0,C
5950786e-746,SCH7,d05a8e6c,676,a812af5c,137.0,G
598e48fa-20d,SCH7,1f80bf95,678,ffc81179,132.0,C
598e48fa-20d,SCH7,8dcf5c8f,677,ffc81179,130.0,E
598e48fa-20d,SCH7,389ae7e8,680,ffc81179,125.0,H
598e48fa-20d,SCH7,9f530b11,679,ffc81179,125.0,Y
5ab4f5db-0a6,SCH4,ab619aff,681,9ea430a6,129.0,R
5af6971a-7f5,SCH7,024e1db6,682,9fafbbdf,132.0,N
5af6971a-7f5,SCH7,871438e5,683,9fafbbdf,133.0,X
5b0da0a1-d39,SCH3,ebea023f,689,d2c87668,126.0,C
5b0da0a1-d39,SCH3,c69417a1,688,d2c87668,138.0,G
5b0da0a1-d39,SCH3,a4a68554,685,d2c87668,125.0,H
5b0da0a1-d39,SCH3,c4355080,684,d2c87668,125.0,I
5b0da0a1-d39,SCH3,8b6cb424,686,d2c87668,124.0,S
5b56e745-bc2,SCH5,a9401b0f,690,ca932aec,131.0,H
5b9df564-b4b,SCH7,bb916f70,693,10124587,131.0,C
5b9df564-b4b,SCH7,bff52dfd,692,10124587,128.0,G
5b9df564-b4b,SCH7,69e0f253,697,10124587,124.0,H
5b9df564-b4b,SCH7,3c3177e2,696,10124587,127.0,I
5b9df564-b4b,SCH7,e738c7d0,695,10124587,129.0,M
5b9df564-b4b,SCH7,76db2e1d,694,10124587,139.0,R
5b9df564-b4b,SCH7,c344576d,698,10124587,136.0,S
5d3bf774-bfe,SCH5,d334811f,701,9dd47a3f,132.0,E
5d3bf774-bfe,SCH5,dd7573de,699,9dd47a3f,133.0,H
5d3bf774-bfe,SCH5,bb4d35fd,700,9dd47a3f,122.0,M
5d7f9512-c8b,SCH7,1a88614b,705,d2485048,130.0,E
5d7f9512-c8b,SCH7,ba614634,710,d2485048,132.0,H
5d7f9512-c8b,SCH7,c04f39a1,708,d2485048,123.0,N
5d7f9512-c8b,SCH7,90ebece6,706,d2485048,137.0,S
5d7f9512-c8b,SCH7,063498e1,707,d2485048,126.0,X
5e5192a1-502,SCH1,3acc51e2,712,f27edf18,130.0,R
5e7c4f17-128,SCH1,7bd55b34,713,c43fa81f,126.0,H
5e7c4f17-128,SCH1,bfbaec17,716,c43fa81f,127.0,M
5e7c4f17-128,SCH1,3197b82a,714,c43fa81f,121.0,O
5e7c4f17-128,SCH1,1a80718c,715,c43fa81f,140.0,S
5e7c4f17-128,SCH1,0d733b4e,717,c43fa81f,135.0,Z
5f5c358e-bf8,SCH8,08dfb3a8,723,518b5c68,118.0,E
5f5c358e-bf8,SCH8,1cd118aa,722,518b5c68,138.0,H
5f5c358e-bf8,SCH8,0b4d24cf,720,518b5c68,123.0,I
5f5c358e-bf8,SCH8,ef8e99ac,718,518b5c68,,M
5f5c358e-bf8,SCH8,f7460ca9,719,518b5c68,136.0,N
5f5c358e-bf8,SCH8,27659842,721,518b5c68,128.0,U
60379fb8-10f,SCH1,d9b7f9ca,729,904eae7f,128.0,E
60379fb8-10f,SCH1,ed3e5c9e,725,904eae7f,123.0,G
60379fb8-10f,SCH1,6b83c697,726,904eae7f,123.0,I
60379fb8-10f,SCH1,0f1cd303,724,904eae7f,116.0,S
614696a4-c3f,SCH5,30d53ad5,733,a6cef371,126.0,C
614696a4-c3f,SCH5,ad976d8e,737,a6cef371,134.0,H
614696a4-c3f,SCH5,d2c11fee,730,a6cef371,122.0,I
614696a4-c3f,SCH5,6719b0aa,732,a6cef371,135.0,M
614696a4-c3f,SCH5,b2039399,736,a6cef371,125.0,O
614696a4-c3f,SCH5,a0ad02ea,735,a6cef371,122.0,Y
61855763-9eb,SCH3,88a7a337,741,033a95a7,128.0,C
61855763-9eb,SCH3,fcf8b088,747,033a95a7,124.0,E
61855763-9eb,SCH3,574345d8,738,033a95a7,132.0,I
61855763-9eb,SCH3,1db0dafc,739,033a95a7,140.0,O
61855763-9eb,SCH3,1cde7426,740,033a95a7,127.0,R
61855763-9eb,SCH3,966c938f,746,033a95a7,130.0,U
61855763-9eb,SCH3,46fd7947,745,033a95a7,130.0,X
61c0c0f3-cfa,SCH6,a7aa416e,760,54576c22,135.0,C
61c0c0f3-cfa,SCH6,a08a0a8e,755,54576c22,134.0,G
61c0c0f3-cfa,SCH6,f8bda293,757,54576c22,132.0,H
61c0c0f3-cfa,SCH6,36fa403b,761,54576c22,131.0,I
61c0c0f3-cfa,SCH6,1283b159,759,54576c22,131.0,M
61c0c0f3-cfa,SCH6,16a0ab4c,758,54576c22,133.0,N
61c0c0f3-cfa,SCH6,11b49408,756,54576c22,134.0,X
61c0c0f3-cfa,SCH8,1bb38832,752,24acbc90,141.0,C
61c0c0f3-cfa,SCH8,3031cf2b,753,24acbc90,124.0,G
61c0c0f3-cfa,SCH8,637e246e,749,24acbc90,139.0,N
61c0c0f3-cfa,SCH8,93342634,754,24acbc90,,O
61c0c0f3-cfa,SCH8,08f62a62,748,24acbc90,124.0,R
61c0c0f3-cfa,SCH8,bfd673ae,751,24acbc90,135.0,T
61c0c0f3-cfa,SCH8,90dd9f35,750,24acbc90,128.0,Z
634f19fa-685,SCH7,391bbf34,762,a5c3bf72,127.0,O
64c48de0-7e1,SCH1,06c516c2,763,02afaf3b,140.0,Z
6599efbc-28c,SCH2,7ea92b6d,764,9962528b,128.0,C
6599efbc-28c,SCH2,688c399d,765,9962528b,126.0,M
665f5279-69e,SCH7,755c2573,767,454ba83d,125.0,C
665f5279-69e,SCH7,6f7ce724,770,454ba83d,127.0,E
665f5279-69e,SCH7,5d515d3b,768,454ba83d,133.0,G
665f5279-69e,SCH7,3063b5f0,773,454ba83d,129.0,H
665f5279-69e,SCH7,8b199c7e,774,454ba83d,134.0,I
665f5279-69e,SCH7,1cbdb85c,766,454ba83d,128.0,N
665f5279-69e,SCH7,c60d61e7,772,454ba83d,124.0,R
665f5279-69e,SCH7,04c39a05,771,454ba83d,129.0,X
67b9fe49-8ac,SCH1,f6656ef0,778,00b06e8e,131.0,#
67b9fe49-8ac,SCH1,e134ecb0,779,00b06e8e,126.0,I
67b9fe49-8ac,SCH1,d0c1695a,776,00b06e8e,134.0,M
67b9fe49-8ac,SCH1,9b7b6b86,777,00b06e8e,128.0,N
67c48b9d-d5c,SCH4,801fec1c,787,c6ebb73a,134.0,G
67c48b9d-d5c,SCH4,9cad3288,785,c6ebb73a,127.0,H
67c48b9d-d5c,SCH4,485d1296,783,c6ebb73a,130.0,I
67c48b9d-d5c,SCH4,92a72bc0,781,c6ebb73a,142.0,M
67c48b9d-d5c,SCH4,6b427d4b,788,c6ebb73a,136.0,N
67c48b9d-d5c,SCH4,69822667,782,c6ebb73a,136.0,X
67e16869-b0d,SCH1,9c7e874b,798,5d809cb1,131.0,#
67e16869-b0d,SCH1,8bdd61af,797,5d809cb1,127.0,C
67e16869-b0d,SCH1,21013898,793,5d809cb1,131.0,E
67e16869-b0d,SCH1,d101a7be,791,5d809cb1,127.0,H
67e16869-b0d,SCH1,013a2c64,794,5d809cb1,124.0,O
67e16869-b0d,SCH1,5653adc4,795,5d809cb1,130.0,R
67e16869-b0d,SCH1,55967207,792,5d809cb1,138.0,X
681956e1-744,SCH2,275789da,803,9389de73,127.0,E
681956e1-744,SCH2,7da8dd5c,802,9389de73,131.0,G
681956e1-744,SCH2,c2e982ec,800,9389de73,130.0,I
681956e1-744,SCH2,eb2efd64,799,9389de73,124.0,O
681956e1-744,SCH2,55096be3,801,9389de73,133.0,Y
682b1452-329,SCH5,68d213a6,811,17827651,128.0,C
682b1452-329,SCH5,5688cdbe,813,17827651,122.0,E
682b1452-329,SCH5,1840902c,812,17827651,129.0,G
682b1452-329,SCH5,f852d6c3,806,17827651,134.0,H
682b1452-329,SCH5,8de97ca2,810,17827651,132.0,I
682b1452-329,SCH5,344b3141,807,17827651,132.0,N
682b1452-329,SCH5,2be57fda,805,17827651,127.0,T
684d6411-9e0,SCH7,f2a775ad,814,d6e61cff,124.0,H
684d6411-9e0,SCH7,ebcf88af,820,d6e61cff,133.0,I
684d6411-9e0,SCH7,654b7c0d,817,d6e61cff,141.0,O
684d6411-9e0,SCH7,9976d806,815,d6e61cff,129.0,R
684d6411-9e0,SCH7,b3afe333,816,d6e61cff,123.0,U
684d6411-9e0,SCH7,7f43698b,818,d6e61cff,127.0,Z
68d3701a-b78,SCH2,a273c628,828,ffbff337,132.0,#
68d3701a-b78,SCH2,9b92e726,821,ffbff337,132.0,C
68d3701a-b78,SCH2,c01f5265,823,ffbff337,134.0,H
68d3701a-b78,SCH2,bb2abca9,829,ffbff337,131.0,I
68d3701a-b78,SCH2,13bbe4c1,822,ffbff337,134.0,M
68d3701a-b78,SCH2,a87e15e1,826,ffbff337,124.0,T
68d3701a-b78,SCH2,5b02628c,827,ffbff337,135.0,U
68d3701a-b78,SCH2,da54628a,824,ffbff337,125.0,Z
6a2f9e15-5f8,SCH2,94baf3b1,832,75e69d91,131.0,C
6a2f9e15-5f8,SCH2,4a0e5ecf,830,75e69d91,121.0,E
6a2f9e15-5f8,SCH2,ba899060,831,75e69d91,132.0,G
6a2f9e15-5f8,SCH2,03afb1f2,834,75e69d91,127.0,I
6a2f9e15-5f8,SCH2,9d2441a5,833,75e69d91,130.0,M
6a2f9e15-5f8,SCH2,22f62185,835,75e69d91,136.0,N
6a2f9e15-5f8,SCH2,95b62325,836,75e69d91,126.0,S
6a8abaf9-2f4,SCH1,7f94c177,838,0b73a8ed,137.0,Z
6b5949f4-212,SCH1,4ad1fc7e,843,c921c102,131.0,E
6b5949f4-212,SCH1,40fef9df,839,c921c102,129.0,I
6b5949f4-212,SCH1,7804ff82,840,c921c102,125.0,M
6b5949f4-212,SCH1,7f822504,844,c921c102,125.0,Y
6c0349f6-370,SCH4,3a8dd16f,847,57fd1db2,123.0,C
6c0349f6-370,SCH4,16f7d169,848,57fd1db2,129.0,E
6c0349f6-370,SCH4,25780a30,849,57fd1db2,134.0,G
6c0349f6-370,SCH4,c35de334,851,57fd1db2,118.0,H
6c0349f6-370,SCH4,7b024697,850,57fd1db2,139.0,S
6c0349f6-370,SCH4,412e99e2,846,57fd1db2,132.0,Z
6d147368-e8c,SCH2,f4260705,855,09b9862d,136.0,G
6d147368-e8c,SCH2,55121823,854,09b9862d,135.0,I
70051bff-ddc,SCH4,ef1da2b8,857,58e1d519,133.0,M
70051bff-ddc,SCH4,a4580103,856,58e1d519,134.0,N
70051bff-ddc,SCH4,98ef610e,858,58e1d519,130.0,O
70a1e6cf-9e0,SCH2,8adbbf52,860,c80d4038,133.0,C
70a1e6cf-9e0,SCH2,aac20821,861,c80d4038,135.0,H
70a1e6cf-9e0,SCH2,8bfc7498,859,c80d4038,128.0,M
70a1e6cf-9e0,SCH2,12e8ea7e,862,c80d4038,124.0,S
722421a3-c23,SCH2,3cefc9ec,866,4fac8d99,129.0,#
722421a3-c23,SCH2,d404ac57,868,4fac8d99,127.0,G
722421a3-c23,SCH2,0d8e18a1,871,4fac8d99,142.0,H
722421a3-c23,SCH2,cd2636d1,865,4fac8d99,133.0,I
722421a3-c23,SCH2,74285ab9,864,4fac8d99,138.0,M
722421a3-c23,SCH2,76ceee54,867,4fac8d99,131.0,R
73838efd-997,SCH3,8e34c4fe,873,22953b26,125.0,G
73838efd-997,SCH3,9527ad4a,874,22953b26,136.0,I
73838efd-997,SCH3,f0ae2579,875,22953b26,123.0,Y
73838efd-997,SCH3,da484509,878,22953b26,130.0,Z
74d5df59-b7b,SCH1,4b6b8bb2,882,ba54de26,123.0,S
74d5df59-b7b,SCH3,081dbabe,880,17b09e16,126.0,G
74d5df59-b7b,SCH3,d426c1d0,879,17b09e16,121.0,H
74d5df59-b7b,SCH3,60d80192,881,17b09e16,127.0,M
75447e48-6ad,SCH8,786b5c1c,883,453eedbb,132.0,C
75447e48-6ad,SCH8,36aadfa6,886,453eedbb,134.0,H
75447e48-6ad,SCH8,d944f12b,888,453eedbb,131.0,N
75447e48-6ad,SCH8,9d4b8495,887,453eedbb,134.0,O
75447e48-6ad,SCH8,f38d330a,885,453eedbb,138.0,S
756253e7-8a4,SCH1,79a3cfdb,894,cae9911c,128.0,E
756253e7-8a4,SCH1,842d141c,893,cae9911c,138.0,G
756253e7-8a4,SCH1,7ac92125,900,cae9911c,128.0,H
756253e7-8a4,SCH1,a6ba0dad,897,cae9911c,141.0,M
756253e7-8a4,SCH1,7ece889c,896,cae9911c,127.0,O
756253e7-8a4,SCH1,a23eeb7c,899,cae9911c,128.0,U
756253e7-8a4,SCH1,781beea6,898,cae9911c,128.0,Y
756253e7-8a4,SCH1,bf7dad0e,895,cae9911c,124.0,Z
7627d1da-ac0,SCH1,07a9917f,903,dbd7191a,136.0,G
7686e66c-672,SCH4,a638d029,909,3808a8b6,134.0,E
7686e66c-672,SCH4,93f5b6e9,911,3808a8b6,130.0,H
7686e66c-672,SCH4,422b4a17,906,3808a8b6,136.0,N
7686e66c-672,SCH4,8d58416c,907,3808a8b6,127.0,O
7686e66c-672,SCH4,e1d079ee,908,3808a8b6,131.0,U
7686e66c-672,SCH4,28e43a02,905,3808a8b6,128.0,Y
77d50da3-99f,SCH6,1f4d80b6,912,8c4edcc6,124.0,E
77d50da3-99f,SCH6,c94aa463,916,8c4edcc6,130.0,I
77d50da3-99f,SCH6,587e25ed,913,8c4edcc6,138.0,N
7929a9f2-9a8,SCH7,a5c388cd,919,29ffe76b,123.0,I
7929a9f2-9a8,SCH7,48355a42,920,29ffe76b,130.0,N
79c7a0fc-a31,SCH4,5a409a6d,927,e4af67a6,131.0,E
79c7a0fc-a31,SCH4,87bb5dec,928,e4af67a6,,H
79c7a0fc-a31,SCH4,24d3b100,923,e4af67a6,135.0,M
79c7a0fc-a31,SCH4,892f5e25,926,e4af67a6,131.0,N
79c7a0fc-a31,SCH4,33d489c5,930,e4af67a6,140.0,O
79c7a0fc-a31,SCH4,00ee7461,922,e4af67a6,137.0,T
79c7a0fc-a31,SCH4,35d28747,921,e4af67a6,132.0,Y
7a0390b7-29e,SCH7,d162154f,932,aa44dd17,121.0,H
7a0390b7-29e,SCH7,b5809d62,931,aa44dd17,,I
7a132d35-27e,SCH2,c8ec10bc,935,f7a0be8c,133.0,C
7a132d35-27e,SCH2,83871ab1,939,f7a0be8c,130.0,E
7a132d35-27e,SCH2,389de4c2,934,f7a0be8c,122.0,G
7a132d35-27e,SCH2,8bd1b7e9,941,f7a0be8c,134.0,H
7a132d35-27e,SCH2,e21579bf,933,f7a0be8c,128.0,M
7a633100-555,SCH2,c0b3e78f,944,418efe21,130.0,G
7a633100-555,SCH2,dd0436c6,942,418efe21,133.0,H
7a633100-555,SCH2,82497561,945,418efe21,132.0,I
7a633100-555,SCH2,9abed9b2,943,418efe21,135.0,N
7a633100-555,SCH2,c08f6267,946,418efe21,131.0,Y
7b340756-b25,SCH4,5c0c62db,949,16f89f82,130.0,E
7b340756-b25,SCH4,d6a2c3ef,947,16f89f82,125.0,I
7b340756-b25,SCH4,4c67f36c,951,16f89f82,125.0,M
7b340756-b25,SCH4,fd1358d0,952,16f89f82,129.0,N
7b340756-b25,SCH4,87996279,948,16f89f82,123.0,T
7ba39325-26b,SCH1,62728f65,957,2485e99e,129.0,G
7ba39325-26b,SCH1,d56b9796,961,2485e99e,130.0,H
7ba39325-26b,SCH1,bdf07f46,959,2485e99e,133.0,I
7ba39325-26b,SCH1,a988388d,953,2485e99e,125.0,N
7ba39325-26b,SCH1,5a61db53,955,2485e99e,123.0,O
7ba39325-26b,SCH1,4f523755,956,2485e99e,134.0,Y
7bb06400-22f,SCH4,7a51a05b,965,55ab969d,130.0,G
7bb06400-22f,SCH4,7f118c2f,964,55ab969d,132.0,H
7bb06400-22f,SCH4,572a52bd,962,55ab969d,126.0,I
7bb06400-22f,SCH4,9740f085,963,55ab969d,125.0,M
7bbe1a9e-ace,SCH8,4978b86b,969,61184961,124.0,E
7bbe1a9e-ace,SCH8,94e93bb7,968,61184961,138.0,H
7bbe1a9e-ace,SCH8,2cece74a,966,61184961,132.0,M
7bbe1a9e-ace,SCH8,a25e736b,970,61184961,134.0,N
7bceb734-2a8,SCH6,7eab79d8,973,7f0d7ace,136.0,I
7bceb734-2a8,SCH6,e9de4291,972,7f0d7ace,131.0,N
7bceb734-2a8,SCH6,070b8dca,971,7f0d7ace,131.0,R
7c589d70-71d,SCH8,0d6e7567,976,2e0aafd1,127.0,I
7c589d70-71d,SCH8,c0a64c63,980,2e0aafd1,131.0,M
7c589d70-71d,SCH8,870efbb5,975,2e0aafd1,131.0,N
7c589d70-71d,SCH8,b55ae4e7,981,2e0aafd1,135.0,O
7c589d70-71d,SCH8,448e83cf,974,2e0aafd1,137.0,R
7c589d70-71d,SCH8,348af7d4,979,2e0aafd1,132.0,S
7cbcd034-c23,SCH7,fc9b13e4,983,78fd0138,129.0,C
7cbcd034-c23,SCH7,57d7ff35,984,78fd0138,130.0,H
7cbcd034-c23,SCH7,8e488720,985,78fd0138,128.0,S
7cbcd034-c23,SCH7,b8bbb9ea,982,78fd0138,131.0,Z
7d5575ca-262,SCH2,e7ffd055,990,5047b00d,132.0,E
7d5575ca-262,SCH2,f4697659,989,5047b00d,128.0,H
7d5575ca-262,SCH2,0732989c,987,5047b00d,125.0,I
7d5575ca-262,SCH2,27fc32a7,991,5047b00d,131.0,M
7d5575ca-262,SCH2,d15f91e5,988,5047b00d,128.0,N
7d5575ca-262,SCH2,a4f2ec8c,993,5047b00d,122.0,R
7d5575ca-262,SCH2,0e6314fe,995,5047b00d,127.0,S
7d5575ca-262,SCH2,5485d10a,996,5047b00d,134.0,T
7d9f0d7b-779,SCH6,3de758bb,998,cdadb5e0,131.0,C
7d9f0d7b-779,SCH6,1ec534b4,1000,cdadb5e0,126.0,H
7d9f0d7b-779,SCH6,fd8b5cde,1001,cdadb5e0,137.0,I
7d9f0d7b-779,SCH6,ec3249d4,1004,cdadb5e0,131.0,R
7d9f0d7b-779,SCH6,a2166374,999,cdadb5e0,127.0,S
7d9f0d7b-779,SCH6,b3708429,997,cdadb5e0,131.0,Y
7da59d61-996,SCH5,eea4af51,1009,dc4087bd,124.0,C
7da59d61-996,SCH5,847ea087,1008,dc4087bd,129.0,E
7da59d61-996,SCH5,f21749ec,1007,dc4087bd,124.0,H
7da59d61-996,SCH5,263cc5b6,1012,dc4087bd,134.0,I
7da59d61-996,SCH5,a138cf2c,1006,dc4087bd,124.0,M
7da59d61-996,SCH5,24b190f6,1010,dc4087bd,126.0,N
7da59d61-996,SCH5,007fbc84,1005,dc4087bd,140.0,U
7ee39e05-fff,SCH8,75e42c1c,1014,6cbf40ad,125.0,C
7ee39e05-fff,SCH8,95c7d37b,1015,6cbf40ad,127.0,G
7ee39e05-fff,SCH8,fc3bdc41,1016,6cbf40ad,126.0,O
7f4ae4b4-ce9,SCH1,bb07c126,1017,cf3b0880,140.0,E
7f4ae4b4-ce9,SCH1,152f4c1c,1022,cf3b0880,138.0,G
7f4ae4b4-ce9,SCH1,050c3efa,1023,cf3b0880,132.0,H
7f4ae4b4-ce9,SCH1,e75b28a2,1018,cf3b0880,122.0,M
7f4ae4b4-ce9,SCH1,1405d170,1019,cf3b0880,130.0,N
7f4ae4b4-ce9,SCH1,e436dfcb,1024,cf3b0880,131.0,T
7f4ae4b4-ce9,SCH1,37ebd517,1021,cf3b0880,128.0,U
7f4ae4b4-ce9,SCH1,4305d0ca,1020,cf3b0880,127.0,X
7fcad37d-f28,SCH4,26c6a628,1027,bec019d6,128.0,C
7fcad37d-f28,SCH4,4ee393d1,1028,bec019d6,130.0,H
7fcad37d-f28,SCH4,6ffaf6ac,1033,bec019d6,128.0,I
7fcad37d-f28,SCH4,a0586f59,1030,bec019d6,136.0,M
7fcad37d-f28,SCH4,04c55f42,1029,bec019d6,130.0,N
802fcd9e-17d,SCH1,b794c1ac,1039,12a40c5a,130.0,E
802fcd9e-17d,SCH1,ac89ff40,1040,12a40c5a,129.0,G
802fcd9e-17d,SCH1,11859865,1037,12a40c5a,126.0,N
802fcd9e-17d,SCH1,8b767cd4,1038,12a40c5a,132.0,U
802fcd9e-17d,SCH7,08db6b32,1042,3c1eafb7,131.0,E
802fcd9e-17d,SCH7,6f28476b,1045,3c1eafb7,127.0,G
802fcd9e-17d,SCH7,2318c6f2,1044,3c1eafb7,128.0,H
802fcd9e-17d,SCH7,146b1d33,1046,3c1eafb7,129.0,I
802fcd9e-17d,SCH7,cffd1e91,1043,3c1eafb7,131.0,M
8290a957-7e5,SCH6,a679f51f,1047,c40d89f2,135.0,N
82aa8dcd-663,SCH5,2afc7fab,1053,af5cf094,129.0,E
82aa8dcd-663,SCH5,e79c1a20,1048,af5cf094,133.0,G
82aa8dcd-663,SCH5,b644101a,1055,af5cf094,128.0,H
82aa8dcd-663,SCH5,e3c83312,1050,af5cf094,126.0,M
82aa8dcd-663,SCH5,83d86735,1051,af5cf094,131.0,N
82aa8dcd-663,SCH5,bdfcfdf8,1054,af5cf094,126.0,S
82aa8dcd-663,SCH5,b29082e5,1049,af5cf094,127.0,Y
84a4b48c-ff4,SCH7,8ba59c87,1057,cc711bb2,139.0,N
84a4b48c-ff4,SCH7,82e1dc06,1058,cc711bb2,126.0,R
84c8d68f-4b2,SCH4,5e26aa4e,1061,91e3efae,140.0,I
84c8d68f-4b2,SCH4,5f014baa,1063,91e3efae,133.0,N
84c8d68f-4b2,SCH4,0e729daf,1059,91e3efae,129.0,R
84c8d68f-4b2,SCH4,10824057,1060,91e3efae,129.0,U
85c8d842-ee5,SCH6,10ee50c6,1067,45b84ef8,135.0,E
85c8d842-ee5,SCH6,647779b8,1068,45b84ef8,133.0,G
85c8d842-ee5,SCH6,3e7a3700,1069,45b84ef8,127.0,H
85c8d842-ee5,SCH6,3791d01b,1065,45b84ef8,129.0,M
85c8d842-ee5,SCH6,0d5a40da,1066,45b84ef8,123.0,X
86dae6d5-060,SCH2,b4b42cd7,1073,3cfc8f17,125.0,E
8712288e-e9a,SCH3,f1576a7c,1075,59d7b45d,124.0,E
8712288e-e9a,SCH3,cd6dcf76,1079,59d7b45d,129.0,G
8712288e-e9a,SCH3,010d4c1e,1074,59d7b45d,132.0,I
8712288e-e9a,SCH3,ac64580e,1076,59d7b45d,129.0,S
8748b90e-a04,SCH6,72653db5,1082,3f46dab8,126.0,C
8748b90e-a04,SCH6,d05fb3e5,1083,3f46dab8,123.0,G
8748b90e-a04,SCH6,32f7dbc9,1085,3f46dab8,129.0,N
8748b90e-a04,SCH6,57c4a97f,1087,3f46dab8,124.0,R
8748b90e-a04,SCH6,74db527e,1081,3f46dab8,125.0,S
8748b90e-a04,SCH6,bd92907b,1084,3f46dab8,130.0,T
8748b90e-a04,SCH6,ae65a4c9,1086,3f46dab8,130.0,U
8748b90e-a04,SCH6,c2995491,1080,3f46dab8,129.0,Y
888d32df-54f,SCH2,1b41bdc5,1090,a8513147,132.0,H
888d32df-54f,SCH2,c899507d,1091,a8513147,132.0,S
888d32df-54f,SCH2,ef030b10,1088,a8513147,134.0,Y
8979956a-510,SCH5,f772de6f,1096,8d8b1e5e,130.0,E
8979956a-510,SCH5,82515dc3,1095,8d8b1e5e,132.0,G
8979956a-510,SCH5,ce3fe3ab,1092,8d8b1e5e,135.0,I
8979956a-510,SCH5,a221609d,1094,8d8b1e5e,133.0,N
8979956a-510,SCH5,5095004e,1093,8d8b1e5e,123.0,S
897cb44b-6a0,SCH4,7fb7fd94,1102,daa9a380,132.0,E
897cb44b-6a0,SCH4,b415ba79,1098,daa9a380,131.0,H
897cb44b-6a0,SCH4,863feb1b,1101,daa9a380,127.0,M
897cb44b-6a0,SCH4,c6de46a3,1100,daa9a380,125.0,R
897cb44b-6a0,SCH4,290ef4a4,1097,daa9a380,130.0,S
8aba6166-52b,SCH1,dc3afcc9,1104,229d7c77,124.0,C
8aba6166-52b,SCH1,bc6e489e,1103,229d7c77,125.0,S
8db8fe7b-359,SCH1,215cea2c,1110,bbb9d422,130.0,G
8db8fe7b-359,SCH1,eb3f62d8,1105,bbb9d422,138.0,H
8db8fe7b-359,SCH1,dcb45fbd,1112,bbb9d422,136.0,M
8db8fe7b-359,SCH1,4102d838,1109,bbb9d422,131.0,O
8db8fe7b-359,SCH1,70e43733,1107,bbb9d422,133.0,R
8db8fe7b-359,SCH1,91129236,1111,bbb9d422,130.0,T
8db8fe7b-359,SCH1,1a610109,1106,bbb9d422,131.0,X
8e47e990-571,SCH5,340a3bf9,1118,e9b818e4,135.0,G
8e47e990-571,SCH5,675e5949,1117,e9b818e4,132.0,H
8e47e990-571,SCH5,af11df3a,1115,e9b818e4,129.0,N
8e631909-bd4,SCH2,0f790750,1128,069c73c4,133.0,C
8e631909-bd4,SCH2,7355d1d8,1126,069c73c4,126.0,E
8e631909-bd4,SCH2,e18d54bd,1124,069c73c4,119.0,G
8e631909-bd4,SCH2,cc940762,1122,069c73c4,128.0,M
8e631909-bd4,SCH2,9c3ca2be,1123,069c73c4,135.0,O
8e631909-bd4,SCH2,cae775d0,1125,069c73c4,128.0,R
8e631909-bd4,SCH2,5233d4ec,1120,069c73c4,131.0,S
8e631909-bd4,SCH2,27e225c9,1121,069c73c4,130.0,U
8e631909-bd4,SCH2,57105f54,1119,069c73c4,127.0,Y
8f0d56aa-67d,SCH6,8a154d8d,1135,2373bdcd,125.0,C
8f0d56aa-67d,SCH6,00aa562a,1129,2373bdcd,132.0,G
8f0d56aa-67d,SCH6,56c2b9bc,1130,2373bdcd,136.0,I
8f0d56aa-67d,SCH6,3dc778a9,1137,2373bdcd,133.0,M
8f0d56aa-67d,SCH6,69ad0b80,1133,2373bdcd,132.0,N
8f0d56aa-67d,SCH6,34a79d57,1138,2373bdcd,136.0,O
8f0d56aa-67d,SCH6,40cf6f9f,1132,2373bdcd,136.0,T
90412f64-a40,SCH1,5903f634,1139,1619ed36,123.0,C
90412f64-a40,SCH1,bcf8bea1,1140,1619ed36,138.0,N
90412f64-a40,SCH1,f81802b7,1143,1619ed36,122.0,O
90628895-437,SCH1,f3a04782,1145,3085d870,128.0,H
90628895-437,SCH1,b0e531f6,1146,3085d870,125.0,M
90628895-437,SCH1,671c227e,1147,3085d870,140.0,S
9175f031-932,SCH3,c30294a1,1154,a1d64842,127.0,C
9175f031-932,SCH3,a01bd73f,1150,a1d64842,121.0,E
9175f031-932,SCH3,c705b92a,1148,a1d64842,119.0,G
9175f031-932,SCH3,d0ac588d,1153,a1d64842,133.0,H
9175f031-932,SCH3,b6d4ddea,1149,a1d64842,132.0,I
9175f031-932,SCH3,bc023fd9,1155,a1d64842,136.0,O
92569591-235,SCH2,dde777b8,1162,523eabdc,130.0,C
92569591-235,SCH2,5b35ceb9,1164,523eabdc,139.0,G
92569591-235,SCH2,a0151d42,1156,523eabdc,129.0,I
92569591-235,SCH2,d3bb89a3,1159,523eabdc,124.0,N
92569591-235,SCH2,007146a8,1158,523eabdc,134.0,U
92569591-235,SCH2,861e1309,1157,523eabdc,133.0,X
92569591-235,SCH2,dc790c0d,1160,523eabdc,121.0,Y
92ca6d39-38b,SCH2,ed4707f4,1171,f063dee8,128.0,H
92ca6d39-38b,SCH2,316d5d86,1170,f063dee8,128.0,T
92ca6d39-38b,SCH8,7ff5f36e,1167,d2dff626,129.0,C
92ca6d39-38b,SCH8,89a6ffb0,1165,d2dff626,140.0,E
92ca6d39-38b,SCH8,780f5d97,1169,d2dff626,137.0,G
92ca6d39-38b,SCH8,7cb98648,1168,d2dff626,124.0,I
92ca6d39-38b,SCH8,2a591b40,1166,d2dff626,,O
9318a70f-e36,SCH4,4c5a775c,1173,bc8fbd72,133.0,C
9318a70f-e36,SCH4,bf2bf5aa,1176,bc8fbd72,128.0,G
9318a70f-e36,SCH4,54c882b0,1175,bc8fbd72,119.0,H
9318a70f-e36,SCH4,aaddff1e,1177,bc8fbd72,130.0,N
9318a70f-e36,SCH4,95c96940,1174,bc8fbd72,124.0,S
94403990-c3f,SCH4,dceff92a,1181,9bff537e,128.0,E
94403990-c3f,SCH4,2dc0662d,1185,9bff537e,135.0,G
94403990-c3f,SCH4,404467fe,1187,9bff537e,127.0,H
94403990-c3f,SCH4,6066a367,1180,9bff537e,133.0,I
94403990-c3f,SCH4,d4aee3b1,1182,9bff537e,130.0,M
94403990-c3f,SCH4,7aa68a88,1179,9bff537e,135.0,N
94403990-c3f,SCH4,9117e957,1184,9bff537e,133.0,S
94403990-c3f,SCH4,48d84472,1188,9bff537e,127.0,Z
9534b814-d0e,SCH3,c78bffa2,1194,b9e8f03d,128.0,C
9534b814-d0e,SCH3,c5d8b5ba,1195,b9e8f03d,134.0,E
9534b814-d0e,SCH3,c9f3afb0,1192,b9e8f03d,127.0,G
9534b814-d0e,SCH3,943a82ee,1191,b9e8f03d,127.0,H
9534b814-d0e,SCH3,b2da5541,1193,b9e8f03d,133.0,N
9534b814-d0e,SCH3,d9daea52,1189,b9e8f03d,128.0,O
9534b814-d0e,SCH3,855c5edf,1190,b9e8f03d,121.0,R
96261a21-4f6,SCH4,e3134967,1196,072e322d,127.0,H
96261a21-4f6,SCH4,2af75676,1197,072e322d,129.0,M
96261a21-4f6,SCH4,ec90fae4,1199,072e322d,130.0,S
96261a21-4f6,SCH4,13aea1e2,1198,072e322d,126.0,Y
96e2d490-de1,SCH4,92f98e74,1204,17e18a69,128.0,C
96e2d490-de1,SCH4,aee2c8b5,1206,17e18a69,127.0,E
96e2d490-de1,SCH4,8c63cf81,1203,17e18a69,127.0,I
96e2d490-de1,SCH4,3e2b9b20,1207,17e18a69,133.0,M
96e2d490-de1,SCH5,d67f155b,1202,03839f60,118.0,E
96e2d490-de1,SCH5,cdc7dab8,1200,03839f60,134.0,O
96e2d490-de1,SCH5,f1e9a172,1201,03839f60,130.0,R
9737f618-eea,SCH1,9a26866d,1211,8b24a813,139.0,C
9737f618-eea,SCH1,cb1b1fa3,1209,8b24a813,130.0,H
9737f618-eea,SCH1,be9feb78,1212,8b24a813,137.0,N
97491ce9-6a5,SCH1,0215568f,1213,66abb549,129.0,E
97491ce9-6a5,SCH1,c3436886,1214,66abb549,126.0,G
97491ce9-6a5,SCH1,a2a75c6d,1216,66abb549,132.0,I
984d8412-8b8,SCH3,a7530ab3,1219,c15140f7,137.0,#
984d8412-8b8,SCH3,3d1f5edd,1223,c15140f7,137.0,C
984d8412-8b8,SCH3,cfc50a1b,1221,c15140f7,134.0,E
984d8412-8b8,SCH3,29af55e7,1226,c15140f7,134.0,H
984d8412-8b8,SCH3,85750a46,1218,c15140f7,130.0,R
984d8412-8b8,SCH3,ee905c5b,1225,c15140f7,135.0,T
984d8412-8b8,SCH3,f5a9bd32,1222,c15140f7,128.0,Y
9b1e8513-db2,SCH8,3b67eeec,1227,705d703f,,H
9dc1e480-523,SCH6,9bdf0344,1229,9dcbcd97,130.0,C
9e1c714a-247,SCH6,e8d66dd1,1231,b0d05570,140.0,I
9e1c714a-247,SCH6,abf04c23,1232,b0d05570,125.0,M
9e1c714a-247,SCH6,cf8a47b8,1230,b0d05570,136.0,U
9e2fb9c7-6d5,SCH1,85a58495,1236,62e1436c,125.0,C
9e2fb9c7-6d5,SCH1,cb5a7661,1234,62e1436c,122.0,E
9e2fb9c7-6d5,SCH1,3bfe7081,1233,62e1436c,130.0,O
9eb20305-936,SCH7,c37095e2,1239,36389ea1,130.0,G
9eb20305-936,SCH7,5cc5a04e,1240,36389ea1,131.0,H
9eb20305-936,SCH7,92cb1278,1241,36389ea1,129.0,I
9eb20305-936,SCH7,83685bf6,1242,36389ea1,126.0,M
9eb20305-936,SCH7,074d886d,1238,36389ea1,126.0,N
9f33ba16-939,SCH2,807feb84,1243,e0268e42,137.0,C
9f33ba16-939,SCH2,92166918,1246,e0268e42,128.0,E
9f33ba16-939,SCH2,f7b8bdd3,1247,e0268e42,133.0,G
9f33ba16-939,SCH2,0b169bfb,1244,e0268e42,136.0,N
9f33ba16-939,SCH2,38e04df8,1248,e0268e42,135.0,R
9f33ba16-939,SCH2,c186f98a,1245,e0268e42,129.0,S
9f33ba16-939,SCH2,1df7177b,1250,e0268e42,134.0,U
9f8609e3-c26,SCH4,42b1bdd8,1255,fc06eceb,133.0,C
9f8609e3-c26,SCH4,3bdef11f,1254,fc06eceb,142.0,H
9f8609e3-c26,SCH4,7aa26cb4,1259,fc06eceb,127.0,M
9f8609e3-c26,SCH4,c8ef62b5,1252,fc06eceb,125.0,S
9f8609e3-c26,SCH4,36f4ec71,1253,fc06eceb,123.0,T
9fdebe49-bc3,SCH3,b69a0fce,1261,3820e74f,126.0,C
9fdebe49-bc3,SCH3,0e7c5985,1263,3820e74f,134.0,E
9fdebe49-bc3,SCH3,bd9722b6,1262,3820e74f,122.0,H
9fdebe49-bc3,SCH3,1b1faf83,1268,3820e74f,137.0,N
9fdebe49-bc3,SCH3,d8e71c63,1265,3820e74f,126.0,O
9fdebe49-bc3,SCH3,6bf084a6,1260,3820e74f,129.0,R
9fdebe49-bc3,SCH3,cdc1a9a8,1267,3820e74f,133.0,U
a0e68490-d84,SCH2,3f6a96e2,1272,1095192a,119.0,M
a0e68490-d84,SCH2,568ac5c1,1271,1095192a,129.0,N
a0e68490-d84,SCH2,2e6f9d49,1273,1095192a,135.0,T
a0e68490-d84,SCH2,85cddb86,1270,1095192a,134.0,Y
a0f63841-16c,SCH1,1adf34c4,1275,3e0b2ee2,129.0,N
a0f63841-16c,SCH1,692f360c,1274,3e0b2ee2,127.0,T
a17396cd-2c6,SCH8,cd7a8cff,1279,83fcbb0a,132.0,G
a17396cd-2c6,SCH8,a4ac40cb,1278,83fcbb0a,130.0,H
a17396cd-2c6,SCH8,4f4c7818,1281,83fcbb0a,126.0,I
a17396cd-2c6,SCH8,54201577,1276,83fcbb0a,125.0,R
a17396cd-2c6,SCH8,afe1fe50,1280,83fcbb0a,135.0,T
a1cbd727-a42,SCH3,8804d4f2,1283,24d386fe,126.0,M
a1cbd727-a42,SCH3,bf90cb2d,1282,24d386fe,129.0,S
a38bfb57-037,SCH1,8ec1e13c,1287,be89f58b,126.0,C
a38bfb57-037,SCH1,26c5eec2,1284,be89f58b,131.0,G
a38bfb57-037,SCH1,6899f7d5,1285,be89f58b,127.0,N
a38bfb57-037,SCH1,264c997a,1286,be89f58b,127.0,U
a38bfb57-037,SCH1,2ebc5435,1288,be89f58b,132.0,Y
a3eee8da-086,SCH6,b7367c69,1289,69a15725,133.0,I
a3eee8da-086,SCH6,0bf09865,1290,69a15725,128.0,N
a4699e0b-904,SCH8,9bfa79a6,1291,1fcc639b,128.0,E
a4699e0b-904,SCH8,3155571d,1292,1fcc639b,131.0,N
a651fbc0-6e2,SCH6,5a6ec35c,1294,7dfa96e6,136.0,S
a6afc2f3-b69,SCH2,6abe9367,1296,463c300a,127.0,C
a6afc2f3-b69,SCH2,dbd01288,1295,463c300a,127.0,S
a6c73748-5c3,SCH2,5335e94f,1297,12de98e9,122.0,G
a6dba7e0-9b5,SCH2,ed4001b9,1298,ca99c153,137.0,C
a6eea984-a62,SCH2,673eb966,1302,35e8167f,119.0,C
a6eea984-a62,SCH2,0a619aeb,1300,35e8167f,126.0,G
a6eea984-a62,SCH2,de67042a,1299,35e8167f,137.0,U
a6eea984-a62,SCH2,b513565c,1301,35e8167f,126.0,X
a6eea984-a62,SCH2,f42f0806,1304,35e8167f,125.0,Y
a7517483-b47,SCH2,60984452,1312,e9b92fb7,136.0,H
a7517483-b47,SCH2,e45ea65f,1309,e9b92fb7,124.0,I
a7517483-b47,SCH2,6d739883,1308,e9b92fb7,123.0,M
a7517483-b47,SCH2,2dd05cd9,1306,e9b92fb7,140.0,N
a7517483-b47,SCH2,01cb1c29,1307,e9b92fb7,123.0,O
a7517483-b47,SCH2,cbd29836,1305,e9b92fb7,134.0,U
a7517483-b47,SCH4,6193d889,1317,731b5344,134.0,C
a7517483-b47,SCH4,9e030f37,1314,731b5344,137.0,G
a7517483-b47,SCH4,ab6baaca,1316,731b5344,125.0,H
a7517483-b47,SCH4,c9d7c862,1318,731b5344,124.0,N
a7517483-b47,SCH4,96c8d2b1,1319,731b5344,130.0,O
a7517483-b47,SCH4,969fcc5a,1315,731b5344,135.0,R
a7ff3a4e-ca2,SCH5,08a14255,1324,973abb6d,131.0,E
a7ff3a4e-ca2,SCH5,8342d36d,1322,973abb6d,123.0,G
a7ff3a4e-ca2,SCH5,e98c3825,1323,973abb6d,132.0,H
a7ff3a4e-ca2,SCH5,fedc1bd7,1327,973abb6d,128.0,I
a7ff3a4e-ca2,SCH5,5ba33465,1325,973abb6d,127.0,M
a7ff3a4e-ca2,SCH5,031042dc,1326,973abb6d,126.0,S
a988d3d3-649,SCH8,490b4c5d,1331,6c20fd48,127.0,Y
aa4481e1-178,SCH4,6c5d19dd,1338,2e1e0603,131.0,H
aa4481e1-178,SCH4,27201931,1341,2e1e0603,127.0,I
aa4481e1-178,SCH4,4addc0e6,1335,2e1e0603,138.0,M
aa4481e1-178,SCH4,755c5065,1334,2e1e0603,132.0,N
aa4481e1-178,SCH4,f1b01762,1333,2e1e0603,124.0,O
aa4481e1-178,SCH4,93cc18c5,1337,2e1e0603,128.0,R
aa4481e1-178,SCH4,6c7297cc,1332,2e1e0603,131.0,S
aa4bceb4-959,SCH5,797e2c37,1343,8e823ee6,129.0,O
aa4bceb4-959,SCH5,2271131e,1342,8e823ee6,126.0,R
aa4bceb4-959,SCH5,d8f154ff,1344,8e823ee6,131.0,X
ab9a1ad1-6de,SCH1,ca39bcab,1352,b958ac41,134.0,C
ab9a1ad1-6de,SCH1,3ef6391f,1348,b958ac41,130.0,G
ab9a1ad1-6de,SCH1,7fa9879f,1345,b958ac41,123.0,I
ab9a1ad1-6de,SCH1,fe060410,1349,b958ac41,133.0,M
ab9a1ad1-6de,SCH1,6438ed05,1353,b958ac41,131.0,N
ab9a1ad1-6de,SCH1,bbb64cd2,1346,b958ac41,122.0,S
ab9a1ad1-6de,SCH1,538fabd9,1347,b958ac41,133.0,U
aca801d9-6f5,SCH8,23db972d,1359,1fa23921,128.0,I
aca801d9-6f5,SCH8,bc40d787,1358,1fa23921,122.0,M
aca801d9-6f5,SCH8,d27e79f4,1354,1fa23921,127.0,N
aca801d9-6f5,SCH8,d794ae91,1356,1fa23921,126.0,O
aca801d9-6f5,SCH8,6ccc8f75,1355,1fa23921,129.0,S
aca801d9-6f5,SCH8,c68338a0,1360,1fa23921,135.0,Y
acab7c75-578,SCH8,2a5fc5b9,1362,44eadaeb,136.0,N
acf20afd-30a,SCH7,be8ffe68,1367,f9072a3e,132.0,C
acf20afd-30a,SCH7,f0217a46,1364,f9072a3e,122.0,G
acf20afd-30a,SCH7,5abc123b,1368,f9072a3e,129.0,H
acf20afd-30a,SCH7,5e826c93,1371,f9072a3e,126.0,I
acf20afd-30a,SCH7,56c2eb59,1372,f9072a3e,130.0,M
acf20afd-30a,SCH7,035f361a,1363,f9072a3e,117.0,N
acf20afd-30a,SCH7,38c28960,1365,f9072a3e,129.0,U
ad895f74-720,SCH6,7f572401,1378,1f1039fb,135.0,C
ad895f74-720,SCH6,42a788de,1376,1f1039fb,128.0,E
ad895f74-720,SCH6,16b3d8ff,1380,1f1039fb,128.0,G
ad895f74-720,SCH6,2ab50d9c,1373,1f1039fb,130.0,I
ad895f74-720,SCH6,f642ef6b,1381,1f1039fb,,N
ad895f74-720,SCH6,df657f9f,1374,1f1039fb,137.0,S
ad895f74-720,SCH6,283183b6,1379,1f1039fb,134.0,Z
aec6a9b1-854,SCH3,8a80d7de,1386,ab460f25,128.0,G
aec6a9b1-854,SCH3,c92303af,1382,ab460f25,131.0,I
aec6a9b1-854,SCH3,f4e8a2c7,1383,ab460f25,126.0,M
aec6a9b1-854,SCH3,398400a0,1384,ab460f25,133.0,N
af044c45-f91,SCH4,5772f6e9,1389,7b4b83cf,129.0,G
af044c45-f91,SCH4,a45495e2,1388,7b4b83cf,123.0,N
af044c45-f91,SCH4,b4191b30,1390,7b4b83cf,127.0,S
afe1ff26-4bd,SCH8,2b27d91d,1395,af1d6815,136.0,#
afe1ff26-4bd,SCH8,cbefcb52,1392,af1d6815,142.0,H
afe1ff26-4bd,SCH8,6e7bbaf8,1393,af1d6815,125.0,M
afe1ff26-4bd,SCH8,c282eb70,1391,af1d6815,131.0,X
b054da58-0f0,SCH4,8b0b6a2c,1398,56e9618e,140.0,I
b054da58-0f0,SCH4,e52bb7c7,1397,56e9618e,124.0,M
b054da58-0f0,SCH4,5c315f39,1396,56e9618e,139.0,N
b054da58-0f0,SCH4,d1e0a4f2,1399,56e9618e,135.0,O
b25f2721-358,SCH6,ba5d5643,1400,e1e98253,133.0,E
b25f2721-358,SCH6,9fe1b075,1401,e1e98253,127.0,H
b25f2721-358,SCH6,e9c5728f,1404,e1e98253,136.0,O
b25f2721-358,SCH6,7f717e56,1402,e1e98253,137.0,S
b30e2033-3b1,SCH6,6982442a,1406,0dbd5578,122.0,#
b30e2033-3b1,SCH6,9a2b6bee,1407,0dbd5578,130.0,H
b30e2033-3b1,SCH6,44fbd0c5,1408,0dbd5578,127.0,M
b314f4da-0cc,SCH2,5d065d4c,1414,beae4093,126.0,E
b314f4da-0cc,SCH2,3cf222c5,1415,beae4093,133.0,H
b314f4da-0cc,SCH2,c12f8c6c,1416,beae4093,135.0,I
b314f4da-0cc,SCH2,9688e5ca,1418,beae4093,129.0,M
b314f4da-0cc,SCH2,5186860c,1417,beae4093,135.0,N
b314f4da-0cc,SCH2,328c5030,1410,beae4093,128.0,S
b314f4da-0cc,SCH2,67fecee7,1411,beae4093,119.0,T
b314f4da-0cc,SCH2,1751b741,1419,beae4093,132.0,U
b42a5f50-8eb,SCH5,fcc7adac,1420,2cc1384a,133.0,H
b42a5f50-8eb,SCH5,08aa6b54,1422,2cc1384a,139.0,T
b494524b-9b5,SCH4,541377d2,1423,d847ca6e,130.0,#
b494524b-9b5,SCH4,b3391145,1432,d847ca6e,128.0,C
b494524b-9b5,SCH4,1da94359,1426,d847ca6e,131.0,E
b494524b-9b5,SCH4,24b2523e,1431,d847ca6e,121.0,G
b494524b-9b5,SCH4,54f9462e,1430,d847ca6e,133.0,I
b494524b-9b5,SCH4,555b8431,1428,d847ca6e,131.0,M
b494524b-9b5,SCH4,1d001e24,1425,d847ca6e,128.0,O
b494524b-9b5,SCH4,9d3bbad5,1429,d847ca6e,130.0,U
b494524b-9b5,SCH4,ca8148d2,1424,d847ca6e,124.0,X
b50001c5-b01,SCH4,6a657be8,1436,48884d7b,129.0,C
b50001c5-b01,SCH4,08076f85,1433,48884d7b,130.0,I
b50001c5-b01,SCH4,da717bc8,1434,48884d7b,136.0,N
b50001c5-b01,SCH4,6093fa32,1435,48884d7b,134.0,T
b56a28a9-3bf,SCH8,a184a62a,1437,05d8745d,138.0,I
b56a28a9-3bf,SCH8,9cb47fd1,1439,05d8745d,125.0,M
b56a28a9-3bf,SCH8,72ea3e98,1438,05d8745d,138.0,S
b56a28a9-3bf,SCH8,99814f82,1440,05d8745d,125.0,T
b56a28a9-3bf,SCH8,50b401ae,1441,05d8745d,128.0,Z
b5bef496-85c,SCH1,d651bfa0,1442,e9d5a008,128.0,E
b5bef496-85c,SCH1,bd5ee43f,1443,e9d5a008,130.0,R
b5bef496-85c,SCH1,57a8d822,1445,e9d5a008,133.0,S
b5bef496-85c,SCH1,d1fa7bec,1444,e9d5a008,132.0,U
b5c166a2-579,SCH6,7a9ecd7e,1448,ec48774f,130.0,C
b5c166a2-579,SCH6,c5a51cc1,1451,ec48774f,129.0,G
b5c166a2-579,SCH6,4fae1a76,1447,ec48774f,,H
b5c166a2-579,SCH6,8e7c2be0,1455,ec48774f,127.0,I
b5c166a2-579,SCH6,fc009ce6,1452,ec48774f,139.0,M
b5c166a2-579,SCH6,4d89a06c,1454,ec48774f,123.0,O
b65ec771-dc9,SCH5,9badc446,1456,e561b4ee,121.0,G
b65ec771-dc9,SCH5,db7e9b1b,1457,e561b4ee,131.0,M
b66d7f2f-136,SCH1,47f263ba,1461,134eb6ca,132.0,C
b66d7f2f-136,SCH1,ae489fa6,1459,134eb6ca,137.0,E
b66d7f2f-136,SCH1,311e9804,1463,134eb6ca,130.0,G
b66d7f2f-136,SCH1,dac5e0a1,1464,134eb6ca,127.0,M
b66d7f2f-136,SCH1,5d76c5b3,1460,134eb6ca,134.0,N
b66d7f2f-136,SCH1,e3e5747a,1465,134eb6ca,122.0,Y
b66d7f2f-136,SCH1,e8da866d,1458,134eb6ca,127.0,Z
b6e3a732-f4d,SCH4,6d58a484,1470,6b067bb3,132.0,E
b6e3a732-f4d,SCH4,3ba5f4b6,1468,6b067bb3,136.0,G
b6e3a732-f4d,SCH4,58242be7,1469,6b067bb3,131.0,I
b6e3a732-f4d,SCH4,bf355f68,1467,6b067bb3,123.0,M
b841c948-aca,SCH2,ab032f30,1474,b1a1bdc8,136.0,G
b841c948-aca,SCH2,612d9cc0,1473,b1a1bdc8,134.0,H
b841c948-aca,SCH2,61dacfb8,1476,b1a1bdc8,139.0,M
b841c948-aca,SCH2,2cf6ed4c,1475,b1a1bdc8,135.0,S
b9231e42-26c,SCH1,e25ba077,1477,edc80b6b,130.0,N
bbee8cc2-116,SCH1,32ac50df,1478,a5d140f3,133.0,#
bd48e0b0-2e4,SCH2,2c1e4bc8,1485,17d7b234,122.0,E
bd48e0b0-2e4,SCH2,02b01d37,1484,17d7b234,127.0,G
bd48e0b0-2e4,SCH2,43898565,1486,17d7b234,125.0,H
bd48e0b0-2e4,SCH2,326e217f,1488,17d7b234,129.0,R
bd48e0b0-2e4,SCH2,39b5cd4a,1479,17d7b234,133.0,S
bd48e0b0-2e4,SCH2,b0d606d7,1482,17d7b234,134.0,T
bd48e0b0-2e4,SCH2,75d572bf,1480,17d7b234,129.0,U
bd48e0b0-2e4,SCH2,be093ad5,1481,17d7b234,122.0,Y
bd48e0b0-2e4,SCH2,ffbd2a4a,1483,17d7b234,132.0,Z
bd7bbd1c-133,SCH2,699e7493,1489,3c53690f,123.0,E
bd7bbd1c-133,SCH2,d286eaa3,1492,3c53690f,135.0,G
bd7bbd1c-133,SCH2,1cc64649,1491,3c53690f,132.0,I
bd7bbd1c-133,SCH2,a381dad2,1490,3c53690f,131.0,Y
be251991-297,SCH6,a3b69254,1493,619a5b86,137.0,C
be251991-297,SCH6,b7c56d4c,1496,619a5b86,133.0,I
be251991-297,SCH6,1e1a0fc1,1495,619a5b86,128.0,R
be251991-297,SCH6,668c2834,1494,619a5b86,136.0,Z
beccd901-176,SCH5,55e71008,1498,93b1c8a3,136.0,C
beccd901-176,SCH5,52feecd6,1501,93b1c8a3,129.0,E
beccd901-176,SCH5,a819420b,1497,93b1c8a3,131.0,M
beccd901-176,SCH5,c9fa6946,1499,93b1c8a3,126.0,N
beccd901-176,SCH5,13a83970,1504,93b1c8a3,124.0,S
beccd901-176,SCH5,1a246a4e,1502,93b1c8a3,130.0,U
beccd901-176,SCH5,c4ebcc50,1500,93b1c8a3,116.0,Z
beff46b2-ba2,SCH1,c7967b95,1510,b0a2ae1e,130.0,E
beff46b2-ba2,SCH1,175da4c0,1513,b0a2ae1e,129.0,G
beff46b2-ba2,SCH1,8dd6ede1,1506,b0a2ae1e,132.0,H
beff46b2-ba2,SCH1,c827ffab,1512,b0a2ae1e,133.0,M
beff46b2-ba2,SCH1,ba21fb0c,1509,b0a2ae1e,129.0,N
beff46b2-ba2,SCH1,966f1b5b,1507,b0a2ae1e,134.0,S
c035b2b0-0be,SCH6,0a724086,1514,19a23b6e,135.0,H
c035b2b0-0be,SCH7,025c7e61,1521,93879622,120.0,G
c035b2b0-0be,SCH7,9b789c58,1515,93879622,127.0,H
c035b2b0-0be,SCH7,3f01e20b,1516,93879622,135.0,I
c035b2b0-0be,SCH7,fee05456,1518,93879622,132.0,R
c035b2b0-0be,SCH7,f83eccc5,1520,93879622,132.0,T
c035b2b0-0be,SCH7,00857a3f,1523,93879622,127.0,U
c2728260-847,SCH8,ea09aaeb,1527,ccd6fa75,124.0,E
c2728260-847,SCH8,dd9ca64e,1526,ccd6fa75,130.0,I
c2728260-847,SCH8,07943400,1524,ccd6fa75,133.0,M
c2728260-847,SCH8,44946b03,1525,ccd6fa75,134.0,R
c2728260-847,SCH8,866cf083,1529,ccd6fa75,126.0,T
c28769d5-ee1,SCH5,0a1d6eb4,1531,5f39919a,136.0,C
c28769d5-ee1,SCH5,904676e0,1532,5f39919a,131.0,G
c28769d5-ee1,SCH5,ecde9ed0,1534,5f39919a,135.0,H
c28769d5-ee1,SCH5,165503de,1533,5f39919a,141.0,I
c28769d5-ee1,SCH5,cabafbde,1537,5f39919a,131.0,M
c28769d5-ee1,SCH5,77da8097,1530,5f39919a,,N
c28769d5-ee1,SCH5,947bf37c,1535,5f39919a,129.0,S
c28769d5-ee1,SCH5,d8bc1aac,1536,5f39919a,115.0,U
c2c0b6f8-fe2,SCH7,a5d55f2f,1543,6a44dc11,132.0,C
c2c0b6f8-fe2,SCH7,cfc5e2ae,1540,6a44dc11,132.0,E
c2c0b6f8-fe2,SCH7,637bc3d0,1539,6a44dc11,130.0,G
c2c0b6f8-fe2,SCH7,796a7d7d,1542,6a44dc11,137.0,H
c2c0b6f8-fe2,SCH7,faa1707f,1541,6a44dc11,146.0,I
c2c0b6f8-fe2,SCH7,edc90bb7,1538,6a44dc11,126.0,U
c2f20572-ef3,SCH4,619bd924,1546,4cf982cf,128.0,G
c2f20572-ef3,SCH4,0c7262f6,1544,4cf982cf,127.0,I
c2f20572-ef3,SCH4,a3a7b789,1547,4cf982cf,128.0,R
c2f20572-ef3,SCH4,b697146f,1549,4cf982cf,126.0,S
c2f20572-ef3,SCH4,8810d19b,1545,4cf982cf,137.0,Y
c2f20572-ef3,SCH6,57f7af1e,1551,96fad535,126.0,C
c2f20572-ef3,SCH6,20dd6f54,1553,96fad535,132.0,G
c2f20572-ef3,SCH6,3ee2ab67,1552,96fad535,118.0,I
c2f20572-ef3,SCH6,88804151,1550,96fad535,135.0,N
c31d2367-570,SCH8,90ccd411,1554,c9f42648,137.0,Y
c3897b58-096,SCH3,0d173b35,1556,cd106deb,130.0,C
c3897b58-096,SCH3,e129f13f,1557,cd106deb,126.0,E
c3897b58-096,SCH3,cce2d817,1563,cd106deb,130.0,H
c3897b58-096,SCH3,c090a744,1555,cd106deb,135.0,I
c3897b58-096,SCH3,2ffdfc29,1562,cd106deb,133.0,M
c3897b58-096,SCH3,dcad384c,1558,cd106deb,127.0,O
c4650ed6-c41,SCH5,fa38c994,1569,5257e6fc,134.0,#
c4650ed6-c41,SCH5,17be4117,1567,5257e6fc,131.0,C
c4650ed6-c41,SCH5,0bdab077,1568,5257e6fc,127.0,G
c4650ed6-c41,SCH5,54fdc6f9,1571,5257e6fc,128.0,H
c4650ed6-c41,SCH5,36466c12,1566,5257e6fc,132.0,I
c4650ed6-c41,SCH5,c5f270c9,1565,5257e6fc,137.0,N
c4650ed6-c41,SCH5,197c90da,1564,5257e6fc,131.0,O
c493a231-86d,SCH8,9fcbe9ae,1579,a325565a,129.0,C
c493a231-86d,SCH8,5a8d815e,1577,a325565a,130.0,E
c493a231-86d,SCH8,c6aadfbb,1576,a325565a,135.0,H
c493a231-86d,SCH8,4ae71ebc,1578,a325565a,133.0,I
c493a231-86d,SCH8,321d1bdc,1580,a325565a,135.0,M
c493a231-86d,SCH8,0c1b8f83,1574,a325565a,131.0,N
c493a231-86d,SCH8,dbf22177,1575,a325565a,135.0,T
c493a231-86d,SCH8,bd3cb0b0,1573,a325565a,137.0,U
c5a190e0-050,SCH4,c0cc1a25,1585,e1530523,130.0,C
c5a190e0-050,SCH4,df28ccba,1587,e1530523,126.0,M
c5a190e0-050,SCH4,7a6a363a,1586,e1530523,131.0,N
c5a190e0-050,SCH4,189ecf43,1584,e1530523,131.0,S
c5a190e0-050,SCH4,5f4101fa,1583,e1530523,135.0,U
c5d6c2d6-fa1,SCH1,49b40c85,1589,474ed0a0,132.0,G
c5d6c2d6-fa1,SCH1,496835de,1588,474ed0a0,136.0,H
c5d6c2d6-fa1,SCH1,4ac18aaa,1591,474ed0a0,120.0,N
c6d4b8e8-bbd,SCH2,719b8672,1593,42f05c1f,132.0,C
c6d4b8e8-bbd,SCH2,1e2c6f7b,1596,42f05c1f,131.0,I
c6d4b8e8-bbd,SCH2,006da4e8,1595,42f05c1f,119.0,M
c6d4b8e8-bbd,SCH2,e69c975b,1594,42f05c1f,132.0,O
c6d4b8e8-bbd,SCH2,3eb92bb1,1597,42f05c1f,134.0,X
c7bc64d4-883,SCH2,663e4103,1603,f23d7a2b,127.0,C
c7bc64d4-883,SCH2,5f2e99d3,1602,f23d7a2b,130.0,G
c7bc64d4-883,SCH2,8800cce9,1601,f23d7a2b,126.0,H
c7bc64d4-883,SCH2,cdad2a0f,1609,f23d7a2b,133.0,I
c7bc64d4-883,SCH2,8c1b04c5,1607,f23d7a2b,132.0,N
c7bc64d4-883,SCH2,e9fe1542,1604,f23d7a2b,128.0,S
c7bc64d4-883,SCH2,813285ae,1606,f23d7a2b,133.0,Y
c7bc64d4-883,SCH3,24ef3002,1598,22c1b92a,132.0,N
c7bc64d4-883,SCH3,c51da2f0,1599,22c1b92a,124.0,Y
c7bc64d4-883,SCH3,978278ed,1600,22c1b92a,125.0,Z
c9434b20-5bb,SCH3,46850fa2,1614,d38c6224,129.0,H
c9434b20-5bb,SCH3,19498956,1611,d38c6224,135.0,M
c9434b20-5bb,SCH3,899b0590,1610,d38c6224,139.0,N
c9434b20-5bb,SCH3,2356e0e7,1613,d38c6224,125.0,S
c9434b20-5bb,SCH3,cf71b5ee,1615,d38c6224,124.0,T
c9434b20-5bb,SCH3,cb910360,1612,d38c6224,131.0,X
c9affd83-ec4,SCH2,4e15b06d,1619,f6cfcf2f,136.0,C
c9affd83-ec4,SCH2,0754c262,1617,f6cfcf2f,129.0,M
c9affd83-ec4,SCH2,c8f66d70,1618,f6cfcf2f,123.0,N
c9affd83-ec4,SCH2,6287cd26,1616,f6cfcf2f,125.0,X
c9affd83-ec4,SCH2,d552f2cd,1620,f6cfcf2f,130.0,Y
c9e12f70-45f,SCH5,cb58ad3d,1629,a791e079,128.0,C
c9e12f70-45f,SCH5,93373f22,1624,a791e079,129.0,E
c9e12f70-45f,SCH5,997ec0be,1626,a791e079,128.0,G
c9e12f70-45f,SCH5,ee53cac2,1627,a791e079,132.0,H
c9e12f70-45f,SCH5,26f12add,1622,a791e079,130.0,O
c9e12f70-45f,SCH5,0f5e56e8,1623,a791e079,122.0,S
ca089524-ebd,SCH5,c1078399,1631,0c068dd9,129.0,G
ca089524-ebd,SCH5,93141168,1630,0c068dd9,124.0,H
ca089524-ebd,SCH5,40acd357,1633,0c068dd9,126.0,I
cb59e62a-5aa,SCH2,f8ab6814,1634,11d2b2c2,128.0,G
cb59e62a-5aa,SCH2,f969b042,1635,11d2b2c2,129.0,I
cb59e62a-5aa,SCH2,c6ab997a,1638,11d2b2c2,130.0,N
cb59e62a-5aa,SCH2,0f995663,1637,11d2b2c2,131.0,R
cb59e62a-5aa,SCH2,fd812a7b,1642,11d2b2c2,128.0,S
cb59e62a-5aa,SCH2,d1a70d1d,1640,11d2b2c2,128.0,X
cbf18447-748,SCH5,5ea60c06,1646,4ac5037a,130.0,C
cbf18447-748,SCH5,8363a2f8,1650,4ac5037a,132.0,E
cbf18447-748,SCH5,98276124,1644,4ac5037a,130.0,I
cbf18447-748,SCH5,2ed96c45,1647,4ac5037a,133.0,M
cbf18447-748,SCH5,20e9663a,1643,4ac5037a,128.0,N
cbf18447-748,SCH5,24d87a3c,1649,4ac5037a,124.0,R
cbf18447-748,SCH5,803a454b,1652,4ac5037a,137.0,S
cbf18447-748,SCH5,6cff5f2e,1645,4ac5037a,123.0,U
cd1fc060-c0a,SCH5,89dd075d,1653,5d193a12,138.0,C
cd1fc060-c0a,SCH5,b7032367,1654,5d193a12,132.0,M
cd1fc060-c0a,SCH5,35c25591,1655,5d193a12,116.0,O
cd1fc060-c0a,SCH5,168661aa,1659,5d193a12,136.0,R
cd1fc060-c0a,SCH5,7a16d59e,1658,5d193a12,124.0,Y
cd6b1ccb-51f,SCH4,0e2f568b,1660,bdfe17f3,131.0,E
ce31cb4f-031,SCH3,8952044d,1676,8b6c4ad1,118.0,E
ce31cb4f-031,SCH3,b0c62298,1669,8b6c4ad1,135.0,H
ce31cb4f-031,SCH3,822d7425,1671,8b6c4ad1,132.0,M
ce31cb4f-031,SCH3,bd52dea8,1670,8b6c4ad1,,N
ce31cb4f-031,SCH3,86575b46,1672,8b6c4ad1,125.0,O
ce31cb4f-031,SCH3,e59e9b90,1674,8b6c4ad1,133.0,S
ce31cb4f-031,SCH3,361f2e64,1668,8b6c4ad1,121.0,T
ce31cb4f-031,SCH3,5333421d,1675,8b6c4ad1,125.0,U
ce31cb4f-031,SCH7,3b5b88c3,1662,15191752,130.0,C
ce31cb4f-031,SCH7,eb71574b,1666,15191752,133.0,E
ce31cb4f-031,SCH7,7e4c2c88,1661,15191752,131.0,I
ce31cb4f-031,SCH7,f3026a02,1664,15191752,131.0,N
ce31cb4f-031,SCH7,1fc41c2f,1663,15191752,127.0,O
cf3f70c4-27b,SCH7,b19b07b9,1680,60bb1a31,144.0,C
cf3f70c4-27b,SCH7,3c99838e,1677,60bb1a31,139.0,E
cf3f70c4-27b,SCH7,b65f39f0,1679,60bb1a31,137.0,G
cf3f70c4-27b,SCH7,6574819a,1681,60bb1a31,138.0,H
cf3f70c4-27b,SCH7,3d3868c6,1683,60bb1a31,132.0,M
cf3f70c4-27b,SCH7,e246f76d,1682,60bb1a31,128.0,R
d16a8d94-1fb,SCH6,ab2d6861,1684,984e80e1,135.0,G
d16a8d94-1fb,SCH6,76ef0ad7,1689,984e80e1,132.0,N
d16a8d94-1fb,SCH6,537b3f3a,1686,984e80e1,128.0,R
d16a8d94-1fb,SCH6,68ef8185,1685,984e80e1,128.0,S
d16a8d94-1fb,SCH6,0cb6a802,1690,984e80e1,134.0,T
d18b012b-c93,SCH3,183c2637,1692,8f5aab56,127.0,C
d18b012b-c93,SCH3,b6952272,1697,8f5aab56,129.0,E
d18b012b-c93,SCH3,3ee4d34c,1694,8f5aab56,135.0,H
d18b012b-c93,SCH3,6b1a2ffe,1695,8f5aab56,126.0,R
d18b012b-c93,SCH3,c8740c59,1693,8f5aab56,131.0,S
d2b3b880-8f2,SCH3,d2125cad,1711,07d67592,125.0,C
d2b3b880-8f2,SCH3,296f31cc,1708,07d67592,130.0,E
d2b3b880-8f2,SCH3,6ccfced2,1709,07d67592,132.0,I
d2b3b880-8f2,SCH3,c60fd61d,1715,07d67592,137.0,M
d2b3b880-8f2,SCH3,daaa4fed,1713,07d67592,136.0,O
d2b3b880-8f2,SCH3,b3da6466,1712,07d67592,138.0,S
d2b3b880-8f2,SCH3,4d892aee,1710,07d67592,122.0,T
d2b3b880-8f2,SCH3,ae872ca7,1717,07d67592,136.0,Y
d2b3b880-8f2,SCH5,9d755b6d,1706,1453dcf7,130.0,C
d2b3b880-8f2,SCH5,398c6170,1704,1453dcf7,127.0,E
d2b3b880-8f2,SCH5,e620c914,1707,1453dcf7,130.0,I
d2b3b880-8f2,SCH5,db11571d,1699,1453dcf7,130.0,M
d2b3b880-8f2,SCH5,835353d6,1702,1453dcf7,125.0,N
d2b3b880-8f2,SCH5,6dd9fa4a,1701,1453dcf7,124.0,S
d2b3b880-8f2,SCH5,33ccae39,1700,1453dcf7,136.0,U
d2b3b880-8f2,SCH5,51864280,1705,1453dcf7,136.0,X
d2c916b5-00b,SCH2,e07dbe7c,1718,5cbad65a,133.0,#
d2c916b5-00b,SCH2,d90c1fd6,1722,5cbad65a,130.0,E
d2c916b5-00b,SCH2,ddf08cdc,1720,5cbad65a,136.0,H
d2c916b5-00b,SCH2,1ed5def4,1723,5cbad65a,135.0,I
d2c916b5-00b,SCH2,b7e8ccf7,1721,5cbad65a,129.0,N
d2c916b5-00b,SCH2,83e8a7bb,1719,5cbad65a,128.0,O
d2e39b41-d9d,SCH4,b12a1dcb,1726,9f374e25,,G
d2e39b41-d9d,SCH4,95856836,1725,9f374e25,125.0,R
d2e39b41-d9d,SCH4,50c60ec1,1727,9f374e25,133.0,S
d37d3832-26e,SCH3,1f4f03d8,1728,43b71f1f,128.0,C
d37d3832-26e,SCH3,3694c0a0,1729,43b71f1f,135.0,G
d4014e8a-875,SCH8,63a22691,1731,e2b55c3d,129.0,C
d4014e8a-875,SCH8,2cbb666a,1735,e2b55c3d,127.0,M
d4014e8a-875,SCH8,b6a81c77,1733,e2b55c3d,125.0,O
d4014e8a-875,SCH8,be1af1fd,1730,e2b55c3d,124.0,R
d4014e8a-875,SCH8,ed6a97ee,1732,e2b55c3d,148.0,X
d4a3e292-f5e,SCH5,a5b227cb,1737,5b381d47,129.0,E
d4a3e292-f5e,SCH5,c2bb889c,1741,5b381d47,128.0,H
d4a3e292-f5e,SCH5,cb243e6f,1738,5b381d47,138.0,I
d4a3e292-f5e,SCH5,a714196a,1740,5b381d47,133.0,N
d4a3e292-f5e,SCH5,65179019,1739,5b381d47,136.0,S
d512a164-482,SCH7,707308f3,1748,3e716cfa,134.0,E
d512a164-482,SCH7,088ed48c,1744,3e716cfa,131.0,G
d512a164-482,SCH7,01c893d3,1746,3e716cfa,137.0,N
d57b2e34-8cb,SCH8,5fadf634,1750,331ca263,137.0,N
d57b2e34-8cb,SCH8,bdd947b2,1752,331ca263,130.0,O
d57b2e34-8cb,SCH8,651f7642,1751,331ca263,134.0,U
d5e593a5-475,SCH2,16b811f0,1753,ad1d1365,124.0,G
d5e593a5-475,SCH2,ce584fd9,1756,ad1d1365,136.0,I
d5e593a5-475,SCH2,cd31db5b,1757,ad1d1365,130.0,M
d5e593a5-475,SCH2,497fdbf8,1755,ad1d1365,128.0,R
d6c11183-0cc,SCH7,e8c3e077,1758,6098de0b,129.0,#
d6c11183-0cc,SCH7,c731ef89,1759,6098de0b,126.0,E
d6c11183-0cc,SCH7,b89b65d9,1761,6098de0b,125.0,R
d6c11183-0cc,SCH7,94379e73,1762,6098de0b,130.0,T
d6c11183-0cc,SCH7,30e9276a,1763,6098de0b,124.0,X
d6c175e6-476,SCH7,eb2c91fe,1768,f328d3c8,121.0,C
d6c175e6-476,SCH7,62ce7302,1765,f328d3c8,128.0,H
d6c175e6-476,SCH7,e7ec5a67,1767,f328d3c8,127.0,N
d6c175e6-476,SCH7,a9995060,1770,f328d3c8,132.0,O
d6c175e6-476,SCH7,9d5fd113,1766,f328d3c8,128.0,T
d6c175e6-476,SCH7,d91b6dfc,1771,f328d3c8,137.0,Z
d8bb387e-d24,SCH3,1397ce86,1777,557b9da6,129.0,E
d8bb387e-d24,SCH3,5b77c055,1775,557b9da6,125.0,G
d8bb387e-d24,SCH3,0dc12d98,1773,557b9da6,129.0,I
d8bb387e-d24,SCH3,5339c7db,1774,557b9da6,121.0,N
d8bb387e-d24,SCH3,4187ee77,1776,557b9da6,125.0,X
d9f606e5-2eb,SCH5,8ac2b8a6,1780,735aa49d,128.0,C
d9f606e5-2eb,SCH5,e4583e3f,1778,735aa49d,130.0,E
d9f606e5-2eb,SCH5,14cb147d,1787,735aa49d,133.0,G
d9f606e5-2eb,SCH5,9fc2b1a2,1783,735aa49d,130.0,I
d9f606e5-2eb,SCH5,bfa09bf0,1784,735aa49d,130.0,N
d9f606e5-2eb,SCH5,4eeaed64,1785,735aa49d,131.0,O
d9f606e5-2eb,SCH5,0f5317c2,1781,735aa49d,119.0,R
d9f606e5-2eb,SCH5,9d708ed6,1782,735aa49d,128.0,S
d9f606e5-2eb,SCH5,63ce8d60,1786,735aa49d,127.0,U
d9f606e5-2eb,SCH5,95b1618d,1779,735aa49d,137.0,Y
da856e74-fa9,SCH6,f58919d2,1789,ea63797e,,#
da856e74-fa9,SCH6,bbd057d4,1791,ea63797e,132.0,M
da856e74-fa9,SCH6,cc501dfd,1788,ea63797e,129.0,R
da856e74-fa9,SCH6,6ea3849f,1790,ea63797e,135.0,Y
dab76058-c58,SCH1,0e7a02cb,1797,258370f4,132.0,C
dab76058-c58,SCH1,96cb8411,1796,258370f4,135.0,E
dab76058-c58,SCH1,3f84c3ca,1794,258370f4,131.0,G
dab76058-c58,SCH1,44ef7b2f,1792,258370f4,136.0,R
dab76058-c58,SCH1,7630e04e,1793,258370f4,126.0,S
dab76058-c58,SCH1,71c0e184,1801,258370f4,122.0,Y
dab76058-c58,SCH1,b163a6b7,1800,258370f4,126.0,Z
db1b497f-ea8,SCH2,85b33c71,1802,e743335e,150.0,C
db1b497f-ea8,SCH2,7579cf12,1806,e743335e,126.0,E
db1b497f-ea8,SCH2,da5f2df2,1805,e743335e,126.0,G
db1b497f-ea8,SCH2,a89107f6,1803,e743335e,135.0,I
db1b497f-ea8,SCH2,fe666d6f,1808,e743335e,136.0,O
db1b497f-ea8,SCH2,c6192fb4,1804,e743335e,136.0,R
dce0855d-1f2,SCH2,df56a148,1816,442f7011,126.0,#
dce0855d-1f2,SCH2,6fb203cb,1810,442f7011,126.0,E
dce0855d-1f2,SCH2,77bb2a37,1813,442f7011,131.0,G
dce0855d-1f2,SCH2,5ecc00dc,1811,442f7011,130.0,R
dce0855d-1f2,SCH2,697dc300,1814,442f7011,133.0,U
debdbd8e-f85,SCH6,561f6ff5,1817,0859bebe,131.0,O
dfaecf5e-fdc,SCH7,f1fc170c,1818,0e6e83d4,130.0,I
dfaecf5e-fdc,SCH7,78f01a64,1821,0e6e83d4,127.0,M
dfaecf5e-fdc,SCH7,4275f9c1,1820,0e6e83d4,125.0,N
dff008a1-25b,SCH2,e7243760,1822,b8d5650e,127.0,C
dff008a1-25b,SCH2,65fe06fa,1824,b8d5650e,128.0,H
e0bf7e43-366,SCH8,69e73962,1825,7f5f3974,133.0,E
e0dceed5-e4e,SCH5,f2a2f285,1828,24c794b8,131.0,E
e0dceed5-e4e,SCH5,1d2b2db9,1827,24c794b8,140.0,G
e0dceed5-e4e,SCH5,0cca17bd,1826,24c794b8,139.0,H
e0e52f0f-137,SCH2,23e49b95,1835,96c19a4a,132.0,E
e0e52f0f-137,SCH2,26af5919,1831,96c19a4a,125.0,H
e0e52f0f-137,SCH2,ce2e118c,1830,96c19a4a,130.0,S
e0e52f0f-137,SCH2,43d53d60,1829,96c19a4a,132.0,U
e0e52f0f-137,SCH2,deea5204,1833,96c19a4a,132.0,Y
e0e52f0f-137,SCH2,677b4095,1832,96c19a4a,128.0,Z
e1842850-ed7,SCH5,09cf880c,1838,5cabedc5,137.0,H
e1842850-ed7,SCH5,b4982878,1837,5cabedc5,127.0,I
e1842850-ed7,SCH5,a1317c67,1839,5cabedc5,124.0,M
e19be326-c56,SCH5,d21811ef,1840,c29afa43,137.0,C
e37066f2-01e,SCH6,db1abbc7,1842,d7999328,123.0,C
e37066f2-01e,SCH6,7dec843d,1844,d7999328,132.0,E
e37066f2-01e,SCH6,db0deb51,1843,d7999328,133.0,I
e37066f2-01e,SCH6,b93e765f,1841,d7999328,136.0,N
e3815ee6-03b,SCH6,b74a7b02,1846,ce9fce33,132.0,H
e48b8568-e1d,SCH3,7fd60f44,1847,593eea36,135.0,N
e48b8568-e1d,SCH3,0e27e5ee,1848,593eea36,121.0,R
e4fed09c-2f1,SCH3,b608b9ce,1850,0eeb78b2,134.0,C
e4fed09c-2f1,SCH3,f16deaa2,1851,0eeb78b2,127.0,E
e4fed09c-2f1,SCH3,502ce885,1853,0eeb78b2,138.0,H
e4fed09c-2f1,SCH3,92e8e123,1849,0eeb78b2,134.0,M
e4fed09c-2f1,SCH3,0abd70f6,1852,0eeb78b2,134.0,R
e4fed09c-2f1,SCH3,230ef5c5,1854,0eeb78b2,130.0,S
e60ed41e-e78,SCH5,1470009b,1856,bdcc7786,130.0,H
e66ab5fa-51b,SCH1,18c25f54,1857,3000a12c,126.0,G
e7704829-904,SCH1,604980b7,1858,cf491d71,129.0,G
e7704829-904,SCH1,41e3901a,1859,cf491d71,131.0,I
e83f578b-e34,SCH5,f7778765,1865,5ddd979e,126.0,E
e83f578b-e34,SCH5,46fdbeba,1868,5ddd979e,122.0,G
e83f578b-e34,SCH5,306ac69c,1862,5ddd979e,134.0,H
e83f578b-e34,SCH5,f20d3675,1866,5ddd979e,136.0,I
e83f578b-e34,SCH5,a0e9dfcd,1861,5ddd979e,129.0,N
e83f578b-e34,SCH5,a1157cb1,1864,5ddd979e,129.0,S
e83f578b-e34,SCH5,b22b430e,1863,5ddd979e,132.0,X
e92cde0a-bc2,SCH3,4be33a05,1871,25e33014,144.0,G
e92cde0a-bc2,SCH3,d69c3340,1876,25e33014,133.0,H
e92cde0a-bc2,SCH3,9c966585,1875,25e33014,129.0,I
e92cde0a-bc2,SCH3,04dc9876,1872,25e33014,127.0,M
e92cde0a-bc2,SCH3,0f0da012,1874,25e33014,122.0,S
e92cde0a-bc2,SCH3,2d0797d7,1878,25e33014,132.0,U
e959478f-581,SCH3,18457dd0,1880,fff4facb,123.0,G
e959478f-581,SCH3,3a6a7338,1881,fff4facb,133.0,H
e959478f-581,SCH3,c3733002,1884,fff4facb,119.0,I
e959478f-581,SCH3,b9b93c3f,1882,fff4facb,130.0,M
e959478f-581,SCH3,d5954bf3,1879,fff4facb,130.0,N
e959478f-581,SCH3,f50ff03f,1883,fff4facb,129.0,U
e959478f-581,SCH6,a634a980,1890,dc45f2ef,126.0,E
e959478f-581,SCH6,f3e450ab,1887,dc45f2ef,131.0,G
e959478f-581,SCH6,a828c175,1888,dc45f2ef,138.0,I
e959478f-581,SCH6,dd4e59e0,1892,dc45f2ef,134.0,N
e959478f-581,SCH6,cc238e74,1886,dc45f2ef,123.0,O
e959478f-581,SCH6,3712b4ee,1893,dc45f2ef,140.0,R
e959478f-581,SCH6,4c25367e,1889,dc45f2ef,122.0,U
e97d731a-909,SCH2,1491ff9e,1901,e73f1973,132.0,G
e97d731a-909,SCH2,aee32e41,1898,e73f1973,136.0,M
e97d731a-909,SCH2,c9ffb43e,1896,e73f1973,125.0,N
e97d731a-909,SCH2,8bba35ec,1902,e73f1973,125.0,O
e97d731a-909,SCH2,a00ef553,1897,e73f1973,128.0,T
e9c72c20-fcd,SCH3,c5cdfcd5,1907,b2d6f846,127.0,#
e9c72c20-fcd,SCH3,43301e36,1908,b2d6f846,131.0,E
e9c72c20-fcd,SCH3,519bac73,1903,b2d6f846,139.0,H
e9c72c20-fcd,SCH3,d0e154a0,1905,b2d6f846,,N
e9c72c20-fcd,SCH3,b976e7f0,1904,b2d6f846,128.0,U
ea7a975f-90b,SCH3,dc59bdc7,1910,0f31849c,123.0,C
ea7a975f-90b,SCH3,25c70c6e,1914,0f31849c,131.0,E
ea7a975f-90b,SCH3,54eb8bde,1919,0f31849c,137.0,G
ea7a975f-90b,SCH3,110ba11a,1918,0f31849c,134.0,I
ea7a975f-90b,SCH3,a716a377,1911,0f31849c,123.0,N
ea857254-cce,SCH2,1458023c,1922,b887fdda,125.0,C
ea857254-cce,SCH2,13f5af97,1925,b887fdda,134.0,E
ea857254-cce,SCH2,ba483562,1921,b887fdda,135.0,G
ea857254-cce,SCH2,fd6ef8d9,1924,b887fdda,135.0,M
ea857254-cce,SCH2,6972aeac,1920,b887fdda,129.0,N
ea857254-cce,SCH2,4f1cce33,1923,b887fdda,125.0,S
ebc15a93-fb7,SCH8,86565b49,1928,e126a587,123.0,C
ebc15a93-fb7,SCH8,ddb6bb98,1926,e126a587,128.0,G
ebc15a93-fb7,SCH8,26f21a28,1933,e126a587,133.0,H
ebc15a93-fb7,SCH8,5309889e,1929,e126a587,137.0,M
ebc15a93-fb7,SCH8,514e02f6,1927,e126a587,128.0,O
ebc15a93-fb7,SCH8,d915df2c,1932,e126a587,137.0,S
ebc15a93-fb7,SCH8,e37f8730,1930,e126a587,127.0,Z
ecad1d32-510,SCH5,43a3dcc6,1936,c178874d,131.0,X
ece65289-c87,SCH3,8d180b2b,1946,a65c152a,128.0,E
ece65289-c87,SCH3,0c187067,1947,a65c152a,133.0,G
ece65289-c87,SCH3,4120b7a4,1952,a65c152a,125.0,I
ece65289-c87,SCH3,d9d044c5,1949,a65c152a,133.0,M
ece65289-c87,SCH3,59a5ee24,1950,a65c152a,125.0,O
ece65289-c87,SCH3,e48c532c,1951,a65c152a,134.0,U
ece65289-c87,SCH4,cd235954,1940,cb9d7fab,134.0,E
ece65289-c87,SCH4,919cbd87,1944,cb9d7fab,134.0,G
ece65289-c87,SCH4,b73f0a01,1938,cb9d7fab,139.0,I
ece65289-c87,SCH4,c0b19436,1937,cb9d7fab,129.0,M
ece65289-c87,SCH4,9a436826,1945,cb9d7fab,134.0,N
ece65289-c87,SCH4,9e85926e,1941,cb9d7fab,138.0,S
ece65289-c87,SCH4,428852e9,1939,cb9d7fab,139.0,T
ed65bc40-3a1,SCH1,f0c67243,1954,24f539e1,130.0,G
ed65bc40-3a1,SCH1,94f44f7e,1957,24f539e1,131.0,H
ed65bc40-3a1,SCH1,485cd73f,1956,24f539e1,132.0,Y
ede73922-d26,SCH7,5722230c,1968,d234f79e,124.0,E
ede73922-d26,SCH7,b6d45ef5,1961,d234f79e,128.0,G
ede73922-d26,SCH7,3564ea6a,1959,d234f79e,124.0,H
ede73922-d26,SCH7,a3d4ea70,1963,d234f79e,134.0,I
ede73922-d26,SCH7,88c65b21,1960,d234f79e,129.0,N
ede73922-d26,SCH7,17cddf33,1962,d234f79e,123.0,O
ede73922-d26,SCH7,80a84f45,1966,d234f79e,131.0,X
ede73922-d26,SCH7,8d452740,1965,d234f79e,123.0,Y
eef36cf2-0f0,SCH6,e617a503,1971,5a7ec316,130.0,E
eef36cf2-0f0,SCH6,a98fbcec,1970,5a7ec316,121.0,G
eef36cf2-0f0,SCH6,1c4da8f1,1969,5a7ec316,132.0,H
eef36cf2-0f0,SCH6,fda101c2,1976,5a7ec316,134.0,M
eef36cf2-0f0,SCH6,fb7b81a8,1977,5a7ec316,122.0,N
eef36cf2-0f0,SCH6,71b62088,1973,5a7ec316,129.0,O
eef36cf2-0f0,SCH6,48500780,1975,5a7ec316,124.0,S
eef36cf2-0f0,SCH6,75ec3fac,1974,5a7ec316,128.0,U
ef575e33-13f,SCH7,9f5eec78,1982,f1f8252a,129.0,C
ef575e33-13f,SCH7,f1533b87,1978,f1f8252a,126.0,E
ef575e33-13f,SCH7,31e30e1d,1979,f1f8252a,126.0,H
ef575e33-13f,SCH7,f56d3520,1981,f1f8252a,129.0,I
ef90c11d-104,SCH4,dac1f941,1984,a78f048f,128.0,C
ef90c11d-104,SCH4,9178d1ea,1989,a78f048f,125.0,E
ef90c11d-104,SCH4,6b13396c,1985,a78f048f,135.0,G
ef90c11d-104,SCH4,38a99920,1988,a78f048f,126.0,N
ef90c11d-104,SCH4,b84ae6c6,1986,a78f048f,135.0,O
ef90c11d-104,SCH4,38637880,1987,a78f048f,130.0,R
ef90c11d-104,SCH4,45ecc9fc,1992,a78f048f,131.0,S
ef90c11d-104,SCH4,147f4ea6,1983,a78f048f,136.0,T
f0a3751a-ade,SCH7,5f692590,1999,e67fd6f3,133.0,C
f0a3751a-ade,SCH7,08ba6dab,1997,e67fd6f3,129.0,E
f0a3751a-ade,SCH7,88996450,1993,e67fd6f3,130.0,G
f0a3751a-ade,SCH7,869bf921,2002,e67fd6f3,134.0,H
f0a3751a-ade,SCH7,141be4ea,1998,e67fd6f3,128.0,I
f0a3751a-ade,SCH7,2f8a59d7,2000,e67fd6f3,130.0,N
f0a3751a-ade,SCH7,005a44b6,1996,e67fd6f3,133.0,T
f0a3751a-ade,SCH7,f19a7a4d,1995,e67fd6f3,130.0,Z
f1fbc3db-714,SCH1,69726616,2004,041a599a,127.0,C
f1fbc3db-714,SCH1,dcd60a76,2003,041a599a,126.0,G
f27d6535-74f,SCH6,79cc259c,2015,cb2d0e70,128.0,#
f27d6535-74f,SCH6,57aad51d,2010,cb2d0e70,121.0,C
f27d6535-74f,SCH6,6e913d1f,2011,cb2d0e70,123.0,E
f27d6535-74f,SCH6,62bfa430,2008,cb2d0e70,131.0,H
f27d6535-74f,SCH6,636d3494,2007,cb2d0e70,134.0,I
f27d6535-74f,SCH6,e3304122,2012,cb2d0e70,127.0,O
f27d6535-74f,SCH6,065f47d5,2014,cb2d0e70,135.0,R
f27d6535-74f,SCH6,b3cbfe82,2006,cb2d0e70,123.0,S
f2a382ff-36d,SCH1,2f3a3c5a,2016,f6c8c730,124.0,M
f2a382ff-36d,SCH1,ffd4b386,2018,f6c8c730,125.0,N
f2a382ff-36d,SCH1,29990ab2,2017,f6c8c730,131.0,O
f2cffca4-43d,SCH7,a03f1707,2020,54f03173,128.0,C
f2cffca4-43d,SCH7,e67e47c1,2019,54f03173,136.0,G
f2cffca4-43d,SCH7,1aa84f11,2026,54f03173,131.0,I
f2cffca4-43d,SCH7,7de91ea1,2021,54f03173,123.0,M
f2cffca4-43d,SCH7,17d656d4,2022,54f03173,129.0,R
f2cffca4-43d,SCH7,2b7570e6,2023,54f03173,127.0,U
f2cffca4-43d,SCH7,f7976fb5,2024,54f03173,128.0,Y
f2f20d3e-f67,SCH2,5e498967,2028,799b0a1b,132.0,T
f2ff947b-19f,SCH5,90934fdf,2029,a7fac1aa,129.0,N
f3148f2c-25e,SCH8,1fc1d92f,2035,73369da9,137.0,E
f3148f2c-25e,SCH8,f42be166,2033,73369da9,135.0,G
f3148f2c-25e,SCH8,3e10a5c9,2034,73369da9,124.0,H
f3148f2c-25e,SCH8,461610fe,2032,73369da9,122.0,M
f3148f2c-25e,SCH8,f929ee5f,2030,73369da9,125.0,S
f3866a02-ab4,SCH3,c6e614f2,2039,2dcb19b3,125.0,G
f3866a02-ab4,SCH3,992bd1e5,2038,2dcb19b3,123.0,H
f3866a02-ab4,SCH3,7c233af4,2037,2dcb19b3,136.0,I
f3866a02-ab4,SCH3,f9de5dcf,2041,2dcb19b3,137.0,M
f3866a02-ab4,SCH3,3479cd33,2036,2dcb19b3,129.0,O
f3866a02-ab4,SCH3,fb4ef934,2040,2dcb19b3,129.0,S
f3866a02-ab4,SCH3,b0bc287c,2042,2dcb19b3,129.0,X
f4b0765b-5be,SCH8,e19f2f93,2046,61aba03b,132.0,C
f4b0765b-5be,SCH8,5631d682,2043,61aba03b,121.0,E
f4b0765b-5be,SCH8,dd230664,2047,61aba03b,134.0,T
f4d02dd8-f22,SCH6,ef27f607,2051,7e4a43a8,130.0,E
f4d02dd8-f22,SCH6,2bed4ab1,2052,7e4a43a8,126.0,X
f4d02dd8-f22,SCH6,970adedf,2050,7e4a43a8,132.0,Y
f5c18106-c7b,SCH4,5c010b4b,2055,cfc38213,126.0,E
f5c18106-c7b,SCH4,633b7542,2053,cfc38213,126.0,M
f65649e6-e36,SCH1,308fa4d7,2059,0c0c2113,129.0,E
f65649e6-e36,SCH1,b1197aac,2060,0c0c2113,127.0,G
f65649e6-e36,SCH1,9c6fce97,2057,0c0c2113,131.0,H
f65649e6-e36,SCH1,b04ad573,2061,0c0c2113,131.0,R
f65649e6-e36,SCH1,c8b7438e,2056,0c0c2113,125.0,S
f65649e6-e36,SCH2,21d86679,2064,bb583d6b,132.0,C
f65649e6-e36,SCH2,3e1436b1,2062,bb583d6b,133.0,G
f65649e6-e36,SCH2,7d16fc3c,2063,bb583d6b,125.0,N
f793d3eb-376,SCH8,810e5f38,2065,343c3632,124.0,G
f7c4e620-58a,SCH3,0144fd78,2075,3d114061,121.0,E
f7c4e620-58a,SCH3,9d28a917,2077,3d114061,121.0,G
f7c4e620-58a,SCH3,8d56910f,2078,3d114061,131.0,I
f7c4e620-58a,SCH3,49bd60d9,2076,3d114061,129.0,N
f7c4e620-58a,SCH4,3d60fd47,2072,d594fa8b,137.0,C
f7c4e620-58a,SCH4,6d999a4c,2066,d594fa8b,135.0,H
f7c4e620-58a,SCH4,c02f5cd8,2068,d594fa8b,125.0,I
f7c4e620-58a,SCH4,c673698e,2069,d594fa8b,129.0,M
f7c4e620-58a,SCH4,1d0ed378,2070,d594fa8b,130.0,S
f7c4e620-58a,SCH4,2a250b4d,2071,d594fa8b,134.0,T
f7c4e620-58a,SCH4,dcf95f8d,2067,d594fa8b,131.0,Z
f7e8d328-bb2,SCH5,b4f44ebb,2085,0270c7a4,133.0,E
f7e8d328-bb2,SCH5,cc3a282c,2083,0270c7a4,123.0,G
f7e8d328-bb2,SCH5,2d3fc188,2086,0270c7a4,136.0,H
f7e8d328-bb2,SCH5,fa57c1af,2082,0270c7a4,123.0,I
f7e8d328-bb2,SCH5,43fa277f,2081,0270c7a4,126.0,S
f80f829e-18d,SCH7,0fcfc2ed,2091,6c4eddfd,136.0,M
fca95526-383,SCH1,632f3e72,2093,5fc7cb33,130.0,C
fca95526-383,SCH1,417d5704,2095,5fc7cb33,131.0,I
fca95526-383,SCH1,16bb357e,2098,5fc7cb33,126.0,M
fca95526-383,SCH1,49eb732f,2097,5fc7cb33,132.0,N
fca95526-383,SCH1,7bcd62b8,2094,5fc7cb33,134.0,O
fca95526-383,SCH1,bfc412d2,2100,5fc7cb33,128.0,S
fca95526-383,SCH1,71a5e1ff,2099,5fc7cb33,133.0,U
fca95526-383,SCH1,27030026,2092,5fc7cb33,128.0,Y
fcefc173-205,SCH8,28ff88da,2103,0a62b664,130.0,G
fcefc173-205,SCH8,4d3a7db3,2102,0a62b664,136.0,H
fcefc173-205,SCH8,7613cc0e,2106,0a62b664,119.0,I
fcefc173-205,SCH8,c6a6aa41,2104,0a62b664,127.0,N
ff801e84-cd3,SCH2,531e5995,2109,56a24f0a,129.0,I
ff801e84-cd3,SCH2,c93cd410,2111,56a24f0a,133.0,M
ff801e84-cd3,SCH2,d6363b5a,2112,56a24f0a,137.0,N
ff801e84-cd3,SCH2,421113b5,2108,56a24f0a,129.0,O
ff801e84-cd3,SCH2,86915935,2113,56a24f0a,134.0,T
ff801e84-cd3,SCH2,20ad6782,2107,56a24f0a,134.0,U
fff433e1-6bc,SCH7,fd32e41f,2115,7a756a8a,129.0,C
fff433e1-6bc,SCH7,78e38ffa,2116,7a756a8a,128.0,H
fff433e1-6bc,SCH7,41224a37,2118,7a756a8a,124.0,I
fff433e1-6bc,SCH7,69b54d16,2114,7a756a8a,123.0,M
fff433e1-6bc,SCH7,989a116b,2123,7a756a8a,133.0,O
fff433e1-6bc,SCH7,f2a550ea,2119,7a756a8a,137.0,T
fff433e1-6bc,SCH7,e3f27cab,2117,7a756a8a,125.0,U
