pupilnolongeronrolltableid,NativeId,termlyexclusionsoffrolltableid,termlyexclusionsoffrollorderseqcolumn,sourceid,startdate,sessions,reason1,reason2,reason3,category,senprovision
03d32e11-910,SCH5,13b3c48e,1,36b4cd3a,2025-Jan-22 00:00:00,10.0,VP,TH,,PERM,
03d32e11-910,SCH5,e77125b3,2,36b4cd3a,2025-Jan-08 00:00:00,10.0,PA,DB,,FIXD,
03d32e11-910,SCH5,2588a54a,3,36b4cd3a,2025-Jan-08 00:00:00,10.0,PP,,,FIXD,
03d32e11-910,SCH5,c380bc92,4,36b4cd3a,2025-Mar-10 00:00:00,10.0,PP,,,PERM,E
03d32e11-910,SCH5,7ba55d52,5,36b4cd3a,2025-Mar-18 00:00:00,10.0,VA,BU,,FIXD,
03d32e11-910,SCH5,5610afc4,6,36b4cd3a,2025-Feb-11 00:00:00,10.0,VP,,,FIXD,E
03d32e11-910,SCH5,6221ba09,7,36b4cd3a,2025-Jan-07 00:00:00,10.0,VA,,,FIXD,N
03d32e11-910,SCH5,2b0d8238,8,36b4cd3a,2025-Jan-12 00:00:00,10.0,PA,,,PERM,S
043bd800-c91,SCH4,830246f1,9,5be0d214,2025-Apr-06 00:00:00,10.0,DM,PP,,PERM,S
043bd800-c91,SCH4,c12e481e,10,5be0d214,2025-Jan-07 00:00:00,10.0,SM,DA,,LNCH,
043bd800-c91,SCH4,496d189b,11,5be0d214,2025-Mar-12 00:00:00,10.0,BU,PP,,FIXD,E
043bd800-c91,SCH4,a3fa28cd,12,5be0d214,2025-Jan-18 00:00:00,10.0,PA,,,PERM,
043bd800-c91,SCH4,60d001f9,13,5be0d214,2025-Mar-09 00:00:00,10.0,PP,VA,,PERM,
08db36e8-ce1,SCH4,db49d92c,14,8f49b92c,2025-Jan-15 00:00:00,10.0,PA,,,LNCH,
08db36e8-ce1,SCH4,64629bac,15,8f49b92c,2025-Jan-06 00:00:00,10.0,SM,,,LNCH,
08db36e8-ce1,SCH4,ac2bc3fb,16,8f49b92c,2025-Mar-28 00:00:00,10.0,BU,,,LNCH,N
08db36e8-ce1,SCH4,9afd7ee2,17,8f49b92c,2025-Jan-17 00:00:00,10.0,RA,DA,,FIXD,
08db36e8-ce1,SCH4,43fa8de6,18,8f49b92c,2025-Jan-18 00:00:00,10.0,VP,,,FIXD,N
08db36e8-ce1,SCH4,47a441e3,19,8f49b92c,2025-Jan-12 00:00:00,10.0,RA,,,PERM,
096a33fd-3c4,SCH8,a520c341,20,539cbcb3,2025-Mar-24 00:00:00,10.0,PP,,,FIXD,
096a33fd-3c4,SCH8,3e53b704,21,539cbcb3,2025-Mar-25 00:00:00,10.0,MT,PA,,FIXD,
0af03596-b07,SCH6,030a539a,22,8b42d33c,2025-Jan-26 00:00:00,10.0,PP,,,LNCH,S
0af03596-b07,SCH6,ffae0db7,23,8b42d33c,2025-Feb-09 00:00:00,10.0,PP,,,FIXD,
0d6cae32-9fa,SCH8,dbeb310f,24,b3605a70,2025-Feb-23 00:00:00,10.0,MT,,,PERM,K
0d6cae32-9fa,SCH8,2f6e60ac,25,b3605a70,2025-Mar-27 00:00:00,10.0,DM,,,FIXD,P
10147ae0-5d5,SCH6,0a61f40f,26,0afd8027,2025-Mar-18 00:00:00,10.0,TH,,,FIXD,
10e12ddb-bd9,SCH7,07d4b6cc,27,a0ea04c7,2025-Feb-04 00:00:00,10.0,BU,PA,,LNCH,
10e12ddb-bd9,SCH7,8f9ba2f9,28,a0ea04c7,2025-Jan-08 00:00:00,10.0,DM,,,LNCH,S
10e12ddb-bd9,SCH7,4b917029,29,a0ea04c7,2025-Mar-15 00:00:00,10.0,VP,PP,,PERM,S
10e12ddb-bd9,SCH7,2cfcfa5a,30,a0ea04c7,2025-Feb-01 00:00:00,10.0,BU,,,PERM,N
10e12ddb-bd9,SCH7,69aeb7cd,31,a0ea04c7,2025-Feb-10 00:00:00,10.0,PP,SM,,PERM,E
10e12ddb-bd9,SCH7,b25fbfc4,32,a0ea04c7,2025-Apr-02 00:00:00,10.0,BU,RA,,PERM,S
10e12ddb-bd9,SCH7,43da739f,33,a0ea04c7,2025-Mar-03 00:00:00,10.0,PA,PA,,FIXD,K
10e12ddb-bd9,SCH7,bb4a9380,34,a0ea04c7,2025-Mar-20 00:00:00,10.0,VP,,,PERM,P
1141c6ee-c5b,SCH2,9a239091,35,bdbf2402,2025-Jan-06 00:00:00,10.0,VA,,,LNCH,
1141c6ee-c5b,SCH2,396bc5d7,36,bdbf2402,2025-Mar-08 00:00:00,10.0,RA,,RA,PERM,
1141c6ee-c5b,SCH2,69a00e1b,37,bdbf2402,2025-Feb-07 00:00:00,10.0,PP,,,PERM,E
1141c6ee-c5b,SCH2,0824dd3a,38,bdbf2402,2025-Feb-27 00:00:00,10.0,PA,,,PERM,P
1141c6ee-c5b,SCH2,67c630f5,39,bdbf2402,2025-Mar-06 00:00:00,10.0,SM,PP,,PERM,
1141c6ee-c5b,SCH2,b389571e,40,bdbf2402,2025-Mar-18 00:00:00,10.0,PP,DM,,PERM,
1393883e-1d7,SCH7,112442d5,41,dce43967,2025-Feb-27 00:00:00,10.0,RA,VP,,FIXD,
1393883e-1d7,SCH7,64f53d9d,42,dce43967,2025-Feb-27 00:00:00,10.0,DM,,,PERM,
1393883e-1d7,SCH7,a7fdb7e0,43,dce43967,2025-Mar-07 00:00:00,10.0,PA,,,PERM,
18084b89-c42,SCH1,628477a9,44,8e6b6a46,2025-Jan-08 00:00:00,10.0,PP,VA,,LNCH,
18084b89-c42,SCH1,b404e750,45,8e6b6a46,2025-Jan-17 00:00:00,10.0,SM,,,LNCH,K
18084b89-c42,SCH1,a3de385d,46,8e6b6a46,2025-Mar-02 00:00:00,10.0,DB,,,LNCH,
18084b89-c42,SCH1,e3d28618,47,8e6b6a46,2025-Jan-12 00:00:00,10.0,VP,VA,,PERM,S
18084b89-c42,SCH1,5e1802be,48,8e6b6a46,2025-Mar-26 00:00:00,10.0,PP,,,FIXD,E
1c8f05e0-25e,SCH5,9292be5f,49,6e94c318,2025-Apr-06 00:00:00,10.0,PA,,,LNCH,
1c8f05e0-25e,SCH5,3c44bb9f,50,6e94c318,2025-Jan-07 00:00:00,10.0,VA,,,LNCH,
1c8f05e0-25e,SCH5,9fa4c792,51,6e94c318,2025-Mar-03 00:00:00,10.0,PA,VA,,FIXD,
1c8f05e0-25e,SCH5,43ab070c,52,6e94c318,2025-Jan-30 00:00:00,10.0,RA,,,FIXD,N
1c8f05e0-25e,SCH5,77649af8,53,6e94c318,2025-Feb-25 00:00:00,10.0,VA,DA,,PERM,
1c8f05e0-25e,SCH5,7a0e0613,54,6e94c318,2025-Apr-04 00:00:00,10.0,DB,,,FIXD,
1c8f05e0-25e,SCH5,bff6d4ac,55,6e94c318,2025-Feb-15 00:00:00,10.0,TH,VA,,FIXD,
1c8f05e0-25e,SCH5,250c8c9b,56,6e94c318,2025-Mar-16 00:00:00,10.0,BU,PP,,LNCH,K
1c8f05e0-25e,SCH5,62dbbdee,57,6e94c318,2025-Feb-06 00:00:00,10.0,MT,,,PERM,
1c8f05e0-25e,SCH5,de2553f6,58,6e94c318,2025-Jan-06 00:00:00,10.0,SM,,,PERM,
2aeb5c83-fbb,SCH1,31b6135c,59,d837ff8f,2025-Feb-25 00:00:00,10.0,PA,VP,,LNCH,N
2aeb5c83-fbb,SCH1,437b297c,60,d837ff8f,2025-Mar-29 00:00:00,10.0,SM,,PA,LNCH,
2aeb5c83-fbb,SCH1,ceb86779,61,d837ff8f,2025-Feb-12 00:00:00,10.0,SM,,,LNCH,
2c944799-cc6,SCH3,3e76386b,62,b8915d30,2025-Apr-06 00:00:00,10.0,VP,,,LNCH,S
2c944799-cc6,SCH3,7e67f23e,63,b8915d30,2025-Jan-08 00:00:00,10.0,VA,,,LNCH,S
2c944799-cc6,SCH3,591a435f,64,b8915d30,2025-Mar-12 00:00:00,10.0,VA,,,FIXD,
2c944799-cc6,SCH3,59d7fe6d,65,b8915d30,2025-Feb-07 00:00:00,10.0,RA,,,PERM,E
2c944799-cc6,SCH3,8656c30d,66,b8915d30,2025-Jan-12 00:00:00,10.0,VA,,,FIXD,
2c944799-cc6,SCH3,9cc78785,67,b8915d30,2025-Feb-01 00:00:00,10.0,SM,,,FIXD,K
2c944799-cc6,SCH3,1c347d10,68,b8915d30,2025-Apr-09 00:00:00,10.0,PA,BU,,PERM,
2c944799-cc6,SCH3,6aa60818,69,b8915d30,2025-Feb-04 00:00:00,10.0,DM,,,FIXD,E
2c944799-cc6,SCH3,9a281b65,70,b8915d30,2025-Apr-05 00:00:00,10.0,VA,,,PERM,
2f0ceb9a-6d1,SCH8,d359eab9,71,80d2c27d,2025-Jan-14 00:00:00,10.0,DB,,,PERM,
2f0ceb9a-6d1,SCH8,ae0a788e,72,80d2c27d,2025-Feb-25 00:00:00,10.0,PP,,,FIXD,N
2f0ceb9a-6d1,SCH8,6bb00da2,73,80d2c27d,2025-Jan-22 00:00:00,10.0,RA,,,PERM,
2f0ceb9a-6d1,SCH8,7f64e4fe,74,80d2c27d,2025-Apr-01 00:00:00,10.0,MT,,,LNCH,A
2f0ceb9a-6d1,SCH8,9f7dd1b9,75,80d2c27d,2025-Jan-20 00:00:00,10.0,VA,PA,,LNCH,
2f0ceb9a-6d1,SCH8,1f50a237,76,80d2c27d,2025-Apr-02 00:00:00,10.0,DB,DB,,FIXD,
2f0ceb9a-6d1,SCH8,4b40c8e5,77,80d2c27d,2025-Apr-09 00:00:00,10.0,DA,,,FIXD,
2f0ceb9a-6d1,SCH8,fc6aa3e2,78,80d2c27d,2025-Mar-09 00:00:00,10.0,VP,,,PERM,A
2f0ceb9a-6d1,SCH8,a89511f5,79,80d2c27d,2025-Jan-29 00:00:00,10.0,RA,,,LNCH,
2f0ceb9a-6d1,SCH8,da1c0dda,80,80d2c27d,2025-Feb-08 00:00:00,10.0,PA,,,PERM,
3348c7f1-b0d,SCH5,1af4c251,81,cfd22d8a,2025-Mar-07 00:00:00,10.0,VP,SM,,FIXD,
3348c7f1-b0d,SCH5,ebf6d3ef,82,cfd22d8a,2025-Jan-29 00:00:00,10.0,DB,,,FIXD,N
3348c7f1-b0d,SCH5,27f64c67,83,cfd22d8a,2025-Jan-17 00:00:00,10.0,RA,DA,,FIXD,N
3348c7f1-b0d,SCH5,b87a5537,84,cfd22d8a,2025-Jan-11 00:00:00,10.0,DM,,BU,PERM,
3481cad2-55d,SCH8,531f261e,85,656c5838,2025-Feb-25 00:00:00,10.0,TH,VP,,FIXD,
3481cad2-55d,SCH8,1d7aefad,86,656c5838,2025-Mar-29 00:00:00,10.0,VP,MT,,FIXD,
3481cad2-55d,SCH8,e006b3b4,87,656c5838,2025-Feb-28 00:00:00,10.0,PP,BU,,FIXD,
3481cad2-55d,SCH8,853f069f,88,656c5838,2025-Mar-19 00:00:00,10.0,VP,,,PERM,S
3481cad2-55d,SCH8,f9663693,89,656c5838,2025-Mar-25 00:00:00,10.0,DM,,,PERM,K
3481cad2-55d,SCH8,e3f17877,90,656c5838,2025-Apr-06 00:00:00,10.0,VP,DA,,FIXD,
3481cad2-55d,SCH8,5d247531,91,656c5838,2025-Mar-28 00:00:00,10.0,SM,,DB,FIXD,
3481cad2-55d,SCH8,b714aea3,92,656c5838,2025-Jan-30 00:00:00,10.0,RA,,,FIXD,
366d8352-f1d,SCH1,b609266b,93,4e8dab1d,2025-Feb-23 00:00:00,10.0,TH,VP,,LNCH,
366d8352-f1d,SCH1,4ff19c06,94,4e8dab1d,2025-Mar-02 00:00:00,10.0,DM,RA,,PERM,E
366d8352-f1d,SCH1,c84c3305,95,4e8dab1d,2025-Mar-24 00:00:00,10.0,BU,,,PERM,
366d8352-f1d,SCH1,5fea3786,96,4e8dab1d,2025-Feb-19 00:00:00,10.0,VA,,,FIXD,
366d8352-f1d,SCH1,eafc6e38,97,4e8dab1d,2025-Mar-28 00:00:00,10.0,RA,,,FIXD,K
366d8352-f1d,SCH1,f1a24f7c,98,4e8dab1d,2025-Jan-26 00:00:00,10.0,PP,,,LNCH,
366d8352-f1d,SCH1,9c3a108b,99,4e8dab1d,2025-Mar-05 00:00:00,10.0,VP,PP,,LNCH,
366d8352-f1d,SCH1,85e10fd9,100,4e8dab1d,2025-Jan-14 00:00:00,10.0,PP,,,LNCH,N
466ee830-1f3,SCH1,a0626211,101,c965b080,2025-Feb-23 00:00:00,10.0,TH,,,PERM,K
466ee830-1f3,SCH1,551f49d6,102,c965b080,2025-Mar-31 00:00:00,10.0,RA,TH,,PERM,K
466ee830-1f3,SCH1,73db0f3e,103,c965b080,2025-Feb-22 00:00:00,10.0,SM,,,LNCH,
466ee830-1f3,SCH1,ca1cc998,104,c965b080,2025-Feb-11 00:00:00,10.0,VA,,,LNCH,
466ee830-1f3,SCH1,5641e5b0,105,c965b080,2025-Jan-21 00:00:00,10.0,PP,,,FIXD,S
466ee830-1f3,SCH1,9ffec342,106,c965b080,2025-Feb-10 00:00:00,10.0,BU,,,FIXD,
466ee830-1f3,SCH1,1d1f62ea,107,c965b080,2025-Jan-16 00:00:00,10.0,DA,,,FIXD,
466ee830-1f3,SCH1,6a3ac3ef,108,c965b080,2025-Mar-12 00:00:00,10.0,RA,,,FIXD,P
46767bdd-051,SCH6,0406fc98,109,7c977aae,2025-Mar-19 00:00:00,10.0,RA,,,FIXD,
46767bdd-051,SCH6,24394597,110,7c977aae,2025-Feb-18 00:00:00,10.0,RA,,,FIXD,
46767bdd-051,SCH6,6a42e1fc,111,7c977aae,2025-Feb-10 00:00:00,10.0,PP,SM,,PERM,
46767bdd-051,SCH6,78f8339a,112,7c977aae,2025-Jan-19 00:00:00,10.0,RA,,,LNCH,P
46767bdd-051,SCH6,50f9ea1f,113,7c977aae,2025-Feb-09 00:00:00,10.0,TH,BU,,FIXD,
46767bdd-051,SCH6,bddee9a1,114,7c977aae,2025-Mar-17 00:00:00,10.0,PA,,,PERM,K
46767bdd-051,SCH6,bf434dfb,115,7c977aae,2025-Mar-08 00:00:00,10.0,DM,,,LNCH,
46767bdd-051,SCH6,b507a63b,116,7c977aae,2025-Jan-12 00:00:00,10.0,TH,,,FIXD,N
46767bdd-051,SCH6,99c6e6ff,117,7c977aae,2025-Apr-04 00:00:00,10.0,SM,,,LNCH,
472f609a-1be,SCH6,42ff1d8b,118,6e5563b2,2025-Feb-05 00:00:00,10.0,SM,,,FIXD,
472f609a-1be,SCH6,10b8a300,119,6e5563b2,2025-Mar-10 00:00:00,10.0,BU,,VP,FIXD,N
472f609a-1be,SCH6,6d7489a0,120,6e5563b2,2025-Mar-09 00:00:00,10.0,PP,,,FIXD,
472f609a-1be,SCH6,5640bbc6,121,6e5563b2,2025-Jan-19 00:00:00,10.0,DA,,,FIXD,P
472f609a-1be,SCH6,a26de1d0,122,6e5563b2,2025-Jan-30 00:00:00,10.0,MT,,,PERM,
472f609a-1be,SCH6,76ed62ad,123,6e5563b2,2025-Jan-26 00:00:00,10.0,PP,,,PERM,N
472f609a-1be,SCH6,aec3196e,124,6e5563b2,2025-Mar-20 00:00:00,10.0,SM,,,FIXD,A
472f609a-1be,SCH6,710f9821,125,6e5563b2,2025-Jan-27 00:00:00,10.0,BU,,,FIXD,
472f609a-1be,SCH6,1626c6a6,126,6e5563b2,2025-Feb-25 00:00:00,10.0,RA,,,LNCH,K
47592a2a-f40,SCH7,facb0af4,127,99f2e43a,2025-Jan-19 00:00:00,10.0,SM,,,LNCH,A
47592a2a-f40,SCH7,4dca59aa,128,99f2e43a,2025-Jan-06 00:00:00,10.0,RA,,,LNCH,N
47592a2a-f40,SCH7,f99d1a9c,129,99f2e43a,2025-Mar-22 00:00:00,10.0,RA,,,FIXD,
47592a2a-f40,SCH7,38a4ccb8,130,99f2e43a,2025-Mar-15 00:00:00,10.0,BU,,,FIXD,
498b4354-cdf,SCH7,e4d540f8,131,0ac8ac08,2025-Jan-19 00:00:00,10.0,PA,,,FIXD,
498b4354-cdf,SCH7,050d2a30,132,0ac8ac08,2025-Mar-31 00:00:00,10.0,DA,RA,,PERM,
498b4354-cdf,SCH7,4e15ff28,133,0ac8ac08,2025-Mar-04 00:00:00,10.0,SM,,,FIXD,A
498b4354-cdf,SCH7,1e823853,134,0ac8ac08,2025-Mar-27 00:00:00,10.0,PP,DB,,LNCH,P
498b4354-cdf,SCH7,18e1dd74,135,0ac8ac08,2025-Feb-14 00:00:00,10.0,DB,,,FIXD,
498b4354-cdf,SCH7,e687d0a1,136,0ac8ac08,2025-Feb-22 00:00:00,10.0,PP,VA,,FIXD,
498b4354-cdf,SCH7,45017d91,137,0ac8ac08,2025-Mar-10 00:00:00,10.0,VP,,,PERM,
498b4354-cdf,SCH7,9b11286e,138,0ac8ac08,2025-Feb-21 00:00:00,10.0,MT,,PP,PERM,E
498b4354-cdf,SCH7,5ab6f031,139,0ac8ac08,2025-Feb-02 00:00:00,10.0,MT,SM,,FIXD,
498b4354-cdf,SCH7,9731485c,140,0ac8ac08,2025-Feb-15 00:00:00,10.0,DA,PA,,PERM,
4ea566ae-237,SCH8,6cd2d018,141,c04fed27,2025-Feb-24 00:00:00,10.0,PP,VP,,FIXD,E
4ea566ae-237,SCH8,e2d4fc1a,142,c04fed27,2025-Mar-08 00:00:00,10.0,RA,DM,,PERM,
4ea566ae-237,SCH8,9a3dbf03,143,c04fed27,2025-Jan-26 00:00:00,10.0,VA,,,PERM,S
4ea566ae-237,SCH8,a201d407,144,c04fed27,2025-Mar-30 00:00:00,10.0,RA,RA,,PERM,N
50cc7bf5-6cb,SCH2,c77cc1a4,145,3bdb1ae3,2025-Feb-10 00:00:00,10.0,VP,PA,,PERM,
50cc7bf5-6cb,SCH2,e561e521,146,3bdb1ae3,2025-Feb-22 00:00:00,10.0,TH,,,LNCH,
50cc7bf5-6cb,SCH2,6a770f3e,147,3bdb1ae3,2025-Feb-02 00:00:00,10.0,PA,,,PERM,
50cc7bf5-6cb,SCH2,80809ae5,148,3bdb1ae3,2025-Mar-31 00:00:00,10.0,SM,,,PERM,S
50cc7bf5-6cb,SCH2,713193c1,149,3bdb1ae3,2025-Mar-11 00:00:00,10.0,VA,,,FIXD,
50cc7bf5-6cb,SCH2,37bb39e5,150,3bdb1ae3,2025-Apr-04 00:00:00,10.0,SM,,,PERM,
50cc7bf5-6cb,SCH2,eeda86e9,151,3bdb1ae3,2025-Mar-29 00:00:00,10.0,PP,,,LNCH,
51966344-8f5,SCH5,38420efc,152,761a1421,2025-Jan-28 00:00:00,10.0,VP,,,PERM,N
51966344-8f5,SCH5,a482344c,153,761a1421,2025-Feb-05 00:00:00,10.0,DB,VA,,FIXD,
55967b4a-db9,SCH5,1c760c3c,154,d2e1ec47,2025-Jan-22 00:00:00,10.0,SM,,,FIXD,
55967b4a-db9,SCH5,0b804bf7,155,d2e1ec47,2025-Mar-16 00:00:00,10.0,SM,BU,,FIXD,
55967b4a-db9,SCH5,fa830e18,156,d2e1ec47,2025-Mar-24 00:00:00,10.0,RA,,,LNCH,K
55967b4a-db9,SCH5,1ffa22de,157,d2e1ec47,2025-Feb-25 00:00:00,10.0,BU,,,LNCH,S
55967b4a-db9,SCH5,f343fedb,158,d2e1ec47,2025-Mar-16 00:00:00,10.0,DM,VP,,LNCH,
55967b4a-db9,SCH5,6de2e70d,159,d2e1ec47,2025-Jan-29 00:00:00,10.0,BU,,,PERM,
55967b4a-db9,SCH5,af82b453,160,d2e1ec47,2025-Jan-27 00:00:00,10.0,PP,,,FIXD,E
55967b4a-db9,SCH5,e8aa27c6,161,d2e1ec47,2025-Feb-27 00:00:00,10.0,VA,,,PERM,S
5787a812-d79,SCH6,e1c95cc1,162,4c22854b,2025-Jan-08 00:00:00,10.0,DM,,,FIXD,
5787a812-d79,SCH6,a15d7858,163,4c22854b,2025-Mar-10 00:00:00,10.0,VA,,,LNCH,N
5787a812-d79,SCH6,1b2091d5,164,4c22854b,2025-Jan-19 00:00:00,10.0,BU,,PA,FIXD,N
5787a812-d79,SCH6,c076ffeb,165,4c22854b,2025-Jan-12 00:00:00,10.0,PA,VP,,PERM,
5787a812-d79,SCH6,197f59e0,166,4c22854b,2025-Apr-01 00:00:00,10.0,SM,MT,,PERM,E
5787a812-d79,SCH6,30fa3dd7,167,4c22854b,2025-Apr-05 00:00:00,10.0,PA,,,PERM,
5787a812-d79,SCH6,8ddfd10a,168,4c22854b,2025-Mar-24 00:00:00,10.0,VA,,,PERM,N
598e48fa-20d,SCH7,afbcc937,169,ffc81179,2025-Jan-25 00:00:00,10.0,PP,,,PERM,N
598e48fa-20d,SCH7,bfa408b0,170,ffc81179,2025-Feb-08 00:00:00,10.0,PA,PP,,FIXD,E
598e48fa-20d,SCH7,a808662a,171,ffc81179,2025-Mar-08 00:00:00,10.0,TH,,,LNCH,S
598e48fa-20d,SCH7,e99e8e1f,172,ffc81179,2025-Jan-09 00:00:00,10.0,VP,,,FIXD,K
598e48fa-20d,SCH7,eae514dd,173,ffc81179,2025-Mar-09 00:00:00,10.0,PP,PP,,FIXD,E
598e48fa-20d,SCH7,ea7d9ce6,174,ffc81179,2025-Mar-20 00:00:00,10.0,VA,PP,,LNCH,
598e48fa-20d,SCH7,894ca9bc,175,ffc81179,2025-Apr-02 00:00:00,10.0,PA,,,PERM,K
598e48fa-20d,SCH7,752e0de2,176,ffc81179,2025-Jan-08 00:00:00,10.0,TH,PA,,LNCH,
5f5c358e-bf8,SCH8,48b87999,177,518b5c68,2025-Feb-18 00:00:00,10.0,PP,,,PERM,
5f5c358e-bf8,SCH8,930f001e,178,518b5c68,2025-Apr-09 00:00:00,10.0,VA,,,FIXD,
5f5c358e-bf8,SCH8,f04e1c48,179,518b5c68,2025-Mar-12 00:00:00,10.0,VA,BU,TH,PERM,P
5f5c358e-bf8,SCH8,412b49a6,180,518b5c68,2025-Feb-02 00:00:00,10.0,PP,DB,,FIXD,
5f5c358e-bf8,SCH8,d1af319d,181,518b5c68,2025-Jan-15 00:00:00,10.0,PP,,,FIXD,K
5f5c358e-bf8,SCH8,40547adb,182,518b5c68,2025-Mar-19 00:00:00,10.0,DB,,,PERM,E
5f5c358e-bf8,SCH8,00509d7c,183,518b5c68,2025-Feb-18 00:00:00,10.0,PA,,,PERM,S
614696a4-c3f,SCH5,ac68a724,184,a6cef371,2025-Mar-15 00:00:00,10.0,SM,,,PERM,
614696a4-c3f,SCH5,2442b04d,185,a6cef371,2025-Jan-07 00:00:00,10.0,VP,,DA,LNCH,P
61855763-9eb,SCH3,9ccf4286,186,033a95a7,2025-Feb-16 00:00:00,10.0,PP,PA,,FIXD,
61855763-9eb,SCH3,c60b33a6,187,033a95a7,2025-Mar-11 00:00:00,10.0,SM,PP,,FIXD,
61855763-9eb,SCH3,98476811,188,033a95a7,2025-Jan-08 00:00:00,10.0,BU,VP,,FIXD,
61855763-9eb,SCH3,eae7c18e,189,033a95a7,2025-Jan-20 00:00:00,10.0,MT,,,LNCH,
61855763-9eb,SCH3,cb24c0a1,190,033a95a7,2025-Feb-01 00:00:00,10.0,DM,,,PERM,
61855763-9eb,SCH3,eabd68d8,191,033a95a7,2025-Mar-20 00:00:00,10.0,MT,,PP,FIXD,S
61855763-9eb,SCH3,d7f1f981,192,033a95a7,2025-Apr-02 00:00:00,10.0,SM,,,PERM,
61855763-9eb,SCH3,2bc876c8,193,033a95a7,2025-Mar-02 00:00:00,10.0,VA,,,FIXD,N
61855763-9eb,SCH3,35082d1d,194,033a95a7,2025-Apr-03 00:00:00,10.0,VA,,,FIXD,A
61855763-9eb,SCH3,95221c6a,195,033a95a7,2025-Apr-05 00:00:00,10.0,PP,,,PERM,K
681956e1-744,SCH2,c075c8a1,196,9389de73,2025-Jan-26 00:00:00,10.0,PP,,,FIXD,
681956e1-744,SCH2,a72451c9,197,9389de73,2025-Apr-03 00:00:00,10.0,SM,RA,,FIXD,
681956e1-744,SCH2,a83e8b78,198,9389de73,2025-Jan-31 00:00:00,10.0,RA,,,FIXD,
681956e1-744,SCH2,55508fca,199,9389de73,2025-Mar-05 00:00:00,10.0,RA,,,FIXD,
681956e1-744,SCH2,ffc468c2,200,9389de73,2025-Jan-13 00:00:00,10.0,PA,,,FIXD,
681956e1-744,SCH2,318b2cf2,201,9389de73,2025-Mar-30 00:00:00,10.0,DB,,,PERM,
681956e1-744,SCH2,4f035fef,202,9389de73,2025-Jan-17 00:00:00,10.0,BU,VA,,FIXD,N
684d6411-9e0,SCH7,160b0fdd,203,d6e61cff,2025-Apr-02 00:00:00,10.0,DB,,,FIXD,
684d6411-9e0,SCH7,0c6749b7,204,d6e61cff,2025-Mar-04 00:00:00,10.0,PP,VA,,PERM,N
684d6411-9e0,SCH7,c334e24b,205,d6e61cff,2025-Jan-10 00:00:00,10.0,DM,VP,,FIXD,
684d6411-9e0,SCH7,efc154ad,206,d6e61cff,2025-Mar-22 00:00:00,10.0,DA,VA,,PERM,
684d6411-9e0,SCH7,b424245e,207,d6e61cff,2025-Feb-14 00:00:00,10.0,PA,PP,,PERM,
684d6411-9e0,SCH7,db3a93b2,208,d6e61cff,2025-Mar-29 00:00:00,10.0,SM,,PP,LNCH,
684d6411-9e0,SCH7,07440e56,209,d6e61cff,2025-Mar-25 00:00:00,10.0,PA,,,FIXD,
6c0349f6-370,SCH4,0980d9f1,210,57fd1db2,2025-Jan-22 00:00:00,10.0,DB,DB,,PERM,E
6c0349f6-370,SCH4,1ab6bd58,211,57fd1db2,2025-Mar-28 00:00:00,10.0,BU,,,PERM,K
722421a3-c23,SCH2,a1d2500f,212,4fac8d99,2025-Jan-12 00:00:00,10.0,DM,,,FIXD,E
722421a3-c23,SCH2,498925fb,213,4fac8d99,2025-Jan-30 00:00:00,10.0,PA,,,LNCH,
722421a3-c23,SCH2,bcfc0556,214,4fac8d99,2025-Apr-06 00:00:00,10.0,VA,VP,,LNCH,K
722421a3-c23,SCH2,1dcad1f8,215,4fac8d99,2025-Feb-04 00:00:00,10.0,VA,DM,,FIXD,K
73838efd-997,SCH3,e7a2f019,216,22953b26,2025-Feb-12 00:00:00,10.0,PP,DM,,FIXD,P
73838efd-997,SCH3,478d927b,217,22953b26,2025-Feb-27 00:00:00,10.0,VA,,,PERM,
73838efd-997,SCH3,1524891d,218,22953b26,2025-Jan-20 00:00:00,10.0,BU,,,LNCH,
73838efd-997,SCH3,6f7c0f19,219,22953b26,2025-Mar-09 00:00:00,10.0,TH,,,FIXD,K
73838efd-997,SCH3,75db2d8e,220,22953b26,2025-Mar-15 00:00:00,10.0,VP,PP,,PERM,
73838efd-997,SCH3,421a50ab,221,22953b26,2025-Jan-10 00:00:00,10.0,PP,,,FIXD,E
73838efd-997,SCH3,47146a61,222,22953b26,2025-Feb-21 00:00:00,10.0,PP,,,FIXD,
73838efd-997,SCH3,093c6020,223,22953b26,2025-Jan-31 00:00:00,10.0,BU,DA,,FIXD,N
73838efd-997,SCH3,ba7da5df,224,22953b26,2025-Jan-06 00:00:00,10.0,VP,,VP,FIXD,
73838efd-997,SCH3,daed81c1,225,22953b26,2025-Mar-24 00:00:00,10.0,VP,,,LNCH,
74d5df59-b7b,SCH3,d58feb16,226,17b09e16,2025-Apr-01 00:00:00,10.0,VP,VA,,FIXD,
74d5df59-b7b,SCH3,011c922a,227,17b09e16,2025-Feb-11 00:00:00,10.0,RA,BU,,FIXD,
74d5df59-b7b,SCH3,b2210cee,228,17b09e16,2025-Apr-08 00:00:00,10.0,PA,PP,,FIXD,
74d5df59-b7b,SCH3,64b18d68,229,17b09e16,2025-Feb-11 00:00:00,10.0,PA,,,PERM,S
7686e66c-672,SCH4,bf213a91,230,3808a8b6,2025-Jan-15 00:00:00,10.0,TH,,,FIXD,
79c7a0fc-a31,SCH4,a5e5732e,231,e4af67a6,2025-Feb-20 00:00:00,10.0,PP,,,FIXD,E
79c7a0fc-a31,SCH4,c0f4d056,232,e4af67a6,2025-Feb-05 00:00:00,10.0,SM,MT,,LNCH,
79c7a0fc-a31,SCH4,183c85ad,233,e4af67a6,2025-Mar-15 00:00:00,10.0,RA,,,FIXD,
79c7a0fc-a31,SCH4,567d3354,234,e4af67a6,2025-Mar-27 00:00:00,10.0,PP,,,FIXD,
79c7a0fc-a31,SCH4,0e6e2395,235,e4af67a6,2025-Jan-13 00:00:00,10.0,DM,SM,,PERM,K
7ba39325-26b,SCH1,0882bba4,236,2485e99e,2025-Apr-07 00:00:00,10.0,TH,,,PERM,
7ba39325-26b,SCH1,e65ad07b,237,2485e99e,2025-Apr-09 00:00:00,10.0,PP,,,LNCH,N
7ba39325-26b,SCH1,7b4af40e,238,2485e99e,2025-Jan-09 00:00:00,10.0,DB,PP,,PERM,
7ba39325-26b,SCH1,f02fcae6,239,2485e99e,2025-Mar-09 00:00:00,10.0,SM,,,LNCH,S
7ba39325-26b,SCH1,d2eb9b71,240,2485e99e,2025-Mar-20 00:00:00,10.0,DB,BU,,FIXD,S
7ba39325-26b,SCH1,56c5c580,241,2485e99e,2025-Jan-27 00:00:00,10.0,DB,,,FIXD,
7ba39325-26b,SCH1,23b9bcfa,242,2485e99e,2025-Feb-12 00:00:00,10.0,PA,TH,,PERM,K
7bbe1a9e-ace,SCH8,882b9f69,243,61184961,2025-Feb-22 00:00:00,10.0,SM,RA,,LNCH,
7bbe1a9e-ace,SCH8,43eee05d,244,61184961,2025-Feb-03 00:00:00,10.0,DA,,,FIXD,S
7bbe1a9e-ace,SCH8,2251e7e5,245,61184961,2025-Mar-29 00:00:00,10.0,PP,DA,,FIXD,K
7bbe1a9e-ace,SCH8,cca50535,246,61184961,2025-Jan-25 00:00:00,10.0,MT,PA,,PERM,
7bbe1a9e-ace,SCH8,8a9c0457,247,61184961,2025-Apr-05 00:00:00,10.0,MT,DM,,FIXD,
7bbe1a9e-ace,SCH8,0cbb33cd,248,61184961,2025-Mar-23 00:00:00,10.0,VA,TH,,PERM,
84a4b48c-ff4,SCH7,9c2720e4,249,cc711bb2,2025-Mar-25 00:00:00,10.0,BU,,,PERM,
84a4b48c-ff4,SCH7,7bf976cf,250,cc711bb2,2025-Feb-11 00:00:00,10.0,PP,RA,,PERM,
85c8d842-ee5,SCH6,3579c7cc,251,45b84ef8,2025-Mar-02 00:00:00,10.0,SM,BU,,FIXD,
85c8d842-ee5,SCH6,7a692858,252,45b84ef8,2025-Jan-24 00:00:00,10.0,RA,PP,,FIXD,K
85c8d842-ee5,SCH6,4ee3be10,253,45b84ef8,2025-Jan-21 00:00:00,10.0,SM,,,LNCH,S
85c8d842-ee5,SCH6,2cac2870,254,45b84ef8,2025-Mar-26 00:00:00,10.0,PP,SM,,PERM,E
888d32df-54f,SCH2,66d421b4,255,a8513147,2025-Mar-31 00:00:00,10.0,PA,PA,,PERM,K
888d32df-54f,SCH2,5e2330da,256,a8513147,2025-Feb-10 00:00:00,10.0,RA,,,FIXD,
888d32df-54f,SCH2,173a83a6,257,a8513147,2025-Mar-20 00:00:00,10.0,DB,,,PERM,
888d32df-54f,SCH2,b726f145,258,a8513147,2025-Feb-10 00:00:00,10.0,DM,,,PERM,
8aba6166-52b,SCH1,1a25bdf5,259,229d7c77,2025-Apr-02 00:00:00,10.0,DA,,,LNCH,A
8aba6166-52b,SCH1,a4f56945,260,229d7c77,2025-Mar-02 00:00:00,10.0,BU,,,FIXD,
8aba6166-52b,SCH1,de2994bd,261,229d7c77,2025-Feb-03 00:00:00,10.0,TH,,,FIXD,
8aba6166-52b,SCH1,5bc7cebd,262,229d7c77,2025-Mar-26 00:00:00,10.0,RA,,,PERM,E
8aba6166-52b,SCH1,3bfea96e,263,229d7c77,2025-Mar-23 00:00:00,10.0,PP,,,FIXD,
8aba6166-52b,SCH1,760c231e,264,229d7c77,2025-Mar-31 00:00:00,10.0,PP,,,FIXD,N
8aba6166-52b,SCH1,b5696eac,265,229d7c77,2025-Mar-14 00:00:00,10.0,SM,,,FIXD,K
8aba6166-52b,SCH1,fcdff2d2,266,229d7c77,2025-Jan-30 00:00:00,10.0,VP,,,PERM,S
97491ce9-6a5,SCH1,ace29b1c,267,66abb549,2025-Feb-03 00:00:00,10.0,DA,,,FIXD,S
97491ce9-6a5,SCH1,55e57278,268,66abb549,2025-Mar-19 00:00:00,10.0,DA,,,LNCH,
97491ce9-6a5,SCH1,e1127c9c,269,66abb549,2025-Mar-24 00:00:00,10.0,TH,,,PERM,
97491ce9-6a5,SCH1,11a84fe3,270,66abb549,2025-Mar-28 00:00:00,10.0,SM,,,FIXD,
97491ce9-6a5,SCH1,e3dd70b3,271,66abb549,2025-Jan-25 00:00:00,10.0,BU,,,FIXD,A
97491ce9-6a5,SCH1,52dbf057,272,66abb549,2025-Feb-09 00:00:00,10.0,DB,,,PERM,
97491ce9-6a5,SCH1,c66e9681,273,66abb549,2025-Jan-16 00:00:00,10.0,DA,,,LNCH,
97491ce9-6a5,SCH1,b8b501e3,274,66abb549,2025-Feb-25 00:00:00,10.0,PP,SM,,PERM,
9dc1e480-523,SCH6,4c80383d,275,9dcbcd97,2025-Mar-01 00:00:00,10.0,PP,RA,,PERM,E
9dc1e480-523,SCH6,f370fa8a,276,9dcbcd97,2025-Jan-09 00:00:00,10.0,SM,,,FIXD,
9dc1e480-523,SCH6,9d0760f8,277,9dcbcd97,2025-Apr-08 00:00:00,10.0,DA,PP,,FIXD,K
9dc1e480-523,SCH6,376d4ead,278,9dcbcd97,2025-Mar-11 00:00:00,10.0,SM,,,FIXD,K
9dc1e480-523,SCH6,e1307ae6,279,9dcbcd97,2025-Mar-29 00:00:00,10.0,DM,,,PERM,
9dc1e480-523,SCH6,e9b0e07e,280,9dcbcd97,2025-Mar-25 00:00:00,10.0,VA,,RA,LNCH,A
9dc1e480-523,SCH6,c7fa407e,281,9dcbcd97,2025-Mar-10 00:00:00,10.0,RA,,,PERM,K
9dc1e480-523,SCH6,9f328a83,282,9dcbcd97,2025-Mar-27 00:00:00,10.0,SM,DB,,FIXD,
9dc1e480-523,SCH6,a14e77ec,283,9dcbcd97,2025-Mar-23 00:00:00,10.0,DA,RA,,PERM,E
9dc1e480-523,SCH6,00bfd29b,284,9dcbcd97,2025-Feb-24 00:00:00,10.0,PA,BU,,FIXD,E
9e1c714a-247,SCH6,70463308,285,b0d05570,2025-Jan-13 00:00:00,10.0,DB,,,PERM,K
9e1c714a-247,SCH6,1bf1a17b,286,b0d05570,2025-Jan-11 00:00:00,10.0,PP,PA,,FIXD,S
9e1c714a-247,SCH6,ff1d5ebe,287,b0d05570,2025-Mar-26 00:00:00,10.0,PP,,,FIXD,
9e1c714a-247,SCH6,779ad1c9,288,b0d05570,2025-Feb-14 00:00:00,10.0,VA,,,LNCH,
9e1c714a-247,SCH6,f79966a6,289,b0d05570,2025-Mar-21 00:00:00,10.0,VA,,,FIXD,
9e1c714a-247,SCH6,30c2f69f,290,b0d05570,2025-Mar-17 00:00:00,10.0,PA,,,PERM,
9f33ba16-939,SCH2,f5493a8f,291,e0268e42,2025-Feb-21 00:00:00,10.0,VA,,,FIXD,K
9f33ba16-939,SCH2,56858245,292,e0268e42,2025-Feb-10 00:00:00,10.0,SM,,,PERM,
9f33ba16-939,SCH2,3c3b1e15,293,e0268e42,2025-Feb-11 00:00:00,10.0,DB,PP,,PERM,E
9f33ba16-939,SCH2,f263ab12,294,e0268e42,2025-Feb-25 00:00:00,10.0,PP,VP,,PERM,
9f33ba16-939,SCH2,cd1afe8b,295,e0268e42,2025-Mar-11 00:00:00,10.0,VA,,VP,FIXD,
9f33ba16-939,SCH2,9b164044,296,e0268e42,2025-Apr-07 00:00:00,10.0,DM,PA,,LNCH,
9f33ba16-939,SCH2,c048a00d,297,e0268e42,2025-Mar-10 00:00:00,10.0,SM,,,FIXD,
a0e68490-d84,SCH2,bdfd49a2,298,1095192a,2025-Feb-02 00:00:00,10.0,RA,PA,MT,PERM,E
a0e68490-d84,SCH2,1930d58e,299,1095192a,2025-Apr-06 00:00:00,10.0,PP,PP,,FIXD,S
a0e68490-d84,SCH2,7a4a0cbf,300,1095192a,2025-Mar-07 00:00:00,10.0,BU,,,PERM,
a0e68490-d84,SCH2,f7fe70a2,301,1095192a,2025-Feb-04 00:00:00,10.0,BU,,,FIXD,K
a0e68490-d84,SCH2,6df17505,302,1095192a,2025-Feb-06 00:00:00,10.0,SM,,,FIXD,K
a0e68490-d84,SCH2,f75ff3cf,303,1095192a,2025-Mar-17 00:00:00,10.0,PA,PA,,LNCH,N
a0e68490-d84,SCH2,83a6020c,304,1095192a,2025-Mar-05 00:00:00,10.0,TH,,,LNCH,S
a0e68490-d84,SCH2,c163c17a,305,1095192a,2025-Apr-05 00:00:00,10.0,RA,,,PERM,
a0f63841-16c,SCH1,12bd5974,306,3e0b2ee2,2025-Feb-01 00:00:00,10.0,VP,,,PERM,
a0f63841-16c,SCH1,26b649c0,307,3e0b2ee2,2025-Jan-14 00:00:00,10.0,DA,,,PERM,P
a0f63841-16c,SCH1,e7e32c8e,308,3e0b2ee2,2025-Jan-11 00:00:00,10.0,DB,,,PERM,N
a0f63841-16c,SCH1,e8ecf757,309,3e0b2ee2,2025-Feb-10 00:00:00,10.0,VA,PP,,PERM,E
a0f63841-16c,SCH1,a2d8e1ee,310,3e0b2ee2,2025-Feb-09 00:00:00,10.0,TH,VA,,FIXD,
a6c73748-5c3,SCH2,f07c5e20,311,12de98e9,2025-Apr-04 00:00:00,10.0,DM,SM,,FIXD,
a6c73748-5c3,SCH2,06d5e52f,312,12de98e9,2025-Feb-19 00:00:00,10.0,RA,,,FIXD,
a6c73748-5c3,SCH2,936d7d68,313,12de98e9,2025-Feb-27 00:00:00,10.0,DM,,,PERM,N
a6c73748-5c3,SCH2,0705cbe2,314,12de98e9,2025-Feb-02 00:00:00,10.0,VP,,,PERM,K
a7517483-b47,SCH2,ed513419,315,e9b92fb7,2025-Mar-12 00:00:00,10.0,DA,VA,,PERM,N
a7517483-b47,SCH2,f9ce4d21,316,e9b92fb7,2025-Mar-25 00:00:00,10.0,DA,,,LNCH,
a7517483-b47,SCH2,25dd7839,317,e9b92fb7,2025-Feb-23 00:00:00,10.0,VP,,,PERM,
a7517483-b47,SCH2,40d66a23,318,e9b92fb7,2025-Feb-14 00:00:00,10.0,DB,VP,,FIXD,A
a7517483-b47,SCH2,b664668d,319,e9b92fb7,2025-Apr-09 00:00:00,10.0,DM,,,FIXD,P
a7517483-b47,SCH2,98145def,320,e9b92fb7,2025-Feb-06 00:00:00,10.0,VA,,,FIXD,
a7517483-b47,SCH2,d0a28596,321,e9b92fb7,2025-Feb-24 00:00:00,10.0,RA,,,FIXD,N
a7517483-b47,SCH2,35a026ad,322,e9b92fb7,2025-Mar-19 00:00:00,10.0,VP,,,FIXD,A
a7517483-b47,SCH2,057f4398,323,e9b92fb7,2025-Feb-13 00:00:00,10.0,VP,BU,,FIXD,P
aa4481e1-178,SCH4,da4b8293,324,2e1e0603,2025-Mar-06 00:00:00,10.0,VA,,,FIXD,K
aa4481e1-178,SCH4,235e5394,325,2e1e0603,2025-Mar-18 00:00:00,10.0,DA,,,FIXD,K
aa4481e1-178,SCH4,652ac398,326,2e1e0603,2025-Mar-05 00:00:00,10.0,MT,,,PERM,
aa4481e1-178,SCH4,56118b66,327,2e1e0603,2025-Feb-23 00:00:00,10.0,BU,,,LNCH,
aa4481e1-178,SCH4,7fb21a95,328,2e1e0603,2025-Apr-02 00:00:00,10.0,PA,,,FIXD,E
aa4481e1-178,SCH4,abe4e28f,329,2e1e0603,2025-Apr-01 00:00:00,10.0,SM,,RA,FIXD,
aa4481e1-178,SCH4,09e0a13b,330,2e1e0603,2025-Mar-16 00:00:00,10.0,VA,,,FIXD,
aa4bceb4-959,SCH5,f721ff1b,331,8e823ee6,2025-Apr-02 00:00:00,10.0,SM,,,FIXD,
aa4bceb4-959,SCH5,c6de0204,332,8e823ee6,2025-Feb-23 00:00:00,10.0,PP,,,FIXD,P
aa4bceb4-959,SCH5,712ffe34,333,8e823ee6,2025-Feb-25 00:00:00,10.0,DB,,,PERM,K
aa4bceb4-959,SCH5,b424f68c,334,8e823ee6,2025-Feb-12 00:00:00,10.0,TH,,,FIXD,P
aa4bceb4-959,SCH5,8f57027d,335,8e823ee6,2025-Jan-17 00:00:00,10.0,BU,,,PERM,
aa4bceb4-959,SCH5,27ce8464,336,8e823ee6,2025-Feb-27 00:00:00,10.0,VA,,,LNCH,
aa4bceb4-959,SCH5,96ad8a79,337,8e823ee6,2025-Jan-07 00:00:00,10.0,SM,,,LNCH,
af044c45-f91,SCH4,3c21ff98,338,7b4b83cf,2025-Jan-21 00:00:00,10.0,VA,,,LNCH,S
af044c45-f91,SCH4,d6bfcf4a,339,7b4b83cf,2025-Jan-07 00:00:00,10.0,VA,,,LNCH,E
af044c45-f91,SCH4,670b7393,340,7b4b83cf,2025-Jan-09 00:00:00,10.0,MT,,,LNCH,E
af044c45-f91,SCH4,bbadb347,341,7b4b83cf,2025-Feb-15 00:00:00,10.0,SM,,,PERM,
af044c45-f91,SCH4,932a9b1b,342,7b4b83cf,2025-Jan-18 00:00:00,10.0,DA,,VA,FIXD,E
af044c45-f91,SCH4,df931c62,343,7b4b83cf,2025-Feb-06 00:00:00,10.0,RA,,PP,LNCH,
af044c45-f91,SCH4,c565fdc3,344,7b4b83cf,2025-Feb-19 00:00:00,10.0,VP,,,FIXD,
af044c45-f91,SCH4,c40443dc,345,7b4b83cf,2025-Feb-01 00:00:00,10.0,PA,VP,,LNCH,N
af044c45-f91,SCH4,5e5c4359,346,7b4b83cf,2025-Jan-31 00:00:00,10.0,SM,,,FIXD,
af044c45-f91,SCH4,e44012b5,347,7b4b83cf,2025-Mar-28 00:00:00,10.0,VA,,,LNCH,E
b25f2721-358,SCH6,0bbed9b8,348,e1e98253,2025-Mar-26 00:00:00,10.0,PP,,,FIXD,N
b25f2721-358,SCH6,ff6bd1e8,349,e1e98253,2025-Jan-30 00:00:00,10.0,VP,,,LNCH,N
b25f2721-358,SCH6,a3c35c44,350,e1e98253,2025-Mar-01 00:00:00,10.0,BU,,,LNCH,S
b25f2721-358,SCH6,d8e2c13e,351,e1e98253,2025-Feb-27 00:00:00,10.0,BU,,,FIXD,
b25f2721-358,SCH6,5ec7e3e9,352,e1e98253,2025-Jan-31 00:00:00,10.0,VP,,,FIXD,
b25f2721-358,SCH6,d83a6399,353,e1e98253,2025-Feb-06 00:00:00,10.0,VA,,,LNCH,E
b30e2033-3b1,SCH6,f96c9bcc,354,0dbd5578,2025-Feb-12 00:00:00,10.0,DB,,,LNCH,E
b30e2033-3b1,SCH6,2d385d22,355,0dbd5578,2025-Feb-08 00:00:00,10.0,TH,,,PERM,S
b30e2033-3b1,SCH6,50586c8f,356,0dbd5578,2025-Mar-07 00:00:00,10.0,DA,,,PERM,S
b30e2033-3b1,SCH6,11f1bd7e,357,0dbd5578,2025-Feb-03 00:00:00,10.0,DA,DB,,FIXD,
b30e2033-3b1,SCH6,1594403e,358,0dbd5578,2025-Apr-06 00:00:00,10.0,VP,MT,,FIXD,S
b30e2033-3b1,SCH6,7a962049,359,0dbd5578,2025-Mar-22 00:00:00,10.0,MT,,,FIXD,
b30e2033-3b1,SCH6,d0115ec8,360,0dbd5578,2025-Mar-15 00:00:00,10.0,SM,PA,,LNCH,N
b30e2033-3b1,SCH6,0ae0b51a,361,0dbd5578,2025-Mar-24 00:00:00,10.0,VP,,,FIXD,S
b30e2033-3b1,SCH6,70c9d81e,362,0dbd5578,2025-Mar-13 00:00:00,10.0,DM,,,LNCH,
b30e2033-3b1,SCH6,034205b8,363,0dbd5578,2025-Mar-08 00:00:00,10.0,RA,,,PERM,
b314f4da-0cc,SCH2,c145eb10,364,beae4093,2025-Feb-08 00:00:00,10.0,SM,,VP,PERM,
b314f4da-0cc,SCH2,37b4ad00,365,beae4093,2025-Feb-12 00:00:00,10.0,SM,,,FIXD,
b5bef496-85c,SCH1,0ddcc063,366,e9d5a008,2025-Mar-28 00:00:00,10.0,PP,,,FIXD,N
b5bef496-85c,SCH1,437ae988,367,e9d5a008,2025-Jan-13 00:00:00,10.0,SM,,,FIXD,K
b5bef496-85c,SCH1,5249253a,368,e9d5a008,2025-Jan-11 00:00:00,10.0,SM,,,FIXD,A
b5bef496-85c,SCH1,64de52e8,369,e9d5a008,2025-Mar-15 00:00:00,10.0,RA,,,FIXD,
b65ec771-dc9,SCH5,8680bd97,370,e561b4ee,2025-Mar-05 00:00:00,10.0,VP,PP,,PERM,E
b6e3a732-f4d,SCH4,9bea9678,371,6b067bb3,2025-Mar-13 00:00:00,10.0,TH,,,LNCH,
b6e3a732-f4d,SCH4,185b9ea7,372,6b067bb3,2025-Jan-11 00:00:00,10.0,SM,,,LNCH,
b6e3a732-f4d,SCH4,527c32f3,373,6b067bb3,2025-Jan-21 00:00:00,10.0,DM,,,FIXD,S
b6e3a732-f4d,SCH4,94107d6c,374,6b067bb3,2025-Mar-13 00:00:00,10.0,SM,,,LNCH,
b6e3a732-f4d,SCH4,e9c61e7a,375,6b067bb3,2025-Mar-28 00:00:00,10.0,DA,,,LNCH,N
bbee8cc2-116,SCH1,6818d255,376,a5d140f3,2025-Mar-20 00:00:00,10.0,BU,,,FIXD,
bbee8cc2-116,SCH1,6cab9f51,377,a5d140f3,2025-Mar-26 00:00:00,10.0,PP,,,FIXD,
bbee8cc2-116,SCH1,d79ef05b,378,a5d140f3,2025-Jan-11 00:00:00,10.0,RA,,,LNCH,E
bbee8cc2-116,SCH1,e54e5668,379,a5d140f3,2025-Apr-02 00:00:00,10.0,TH,,,LNCH,
bd7bbd1c-133,SCH2,de6bc5b8,380,3c53690f,2025-Mar-29 00:00:00,10.0,BU,,,FIXD,
bd7bbd1c-133,SCH2,7d5c75d2,381,3c53690f,2025-Apr-08 00:00:00,10.0,MT,VP,,FIXD,
bd7bbd1c-133,SCH2,c1a98e1f,382,3c53690f,2025-Mar-19 00:00:00,10.0,DB,DB,,PERM,
beccd901-176,SCH5,a18f5d22,383,93b1c8a3,2025-Feb-10 00:00:00,10.0,PP,DA,,FIXD,
beccd901-176,SCH5,f7a2bc24,384,93b1c8a3,2025-Feb-09 00:00:00,10.0,MT,,,FIXD,
beff46b2-ba2,SCH1,32092e41,385,b0a2ae1e,2025-Jan-22 00:00:00,10.0,DM,,PA,LNCH,E
beff46b2-ba2,SCH1,060f9513,386,b0a2ae1e,2025-Feb-13 00:00:00,10.0,SM,,,FIXD,
beff46b2-ba2,SCH1,f49467e8,387,b0a2ae1e,2025-Feb-19 00:00:00,10.0,PA,,,FIXD,K
beff46b2-ba2,SCH1,3a1a316a,388,b0a2ae1e,2025-Feb-21 00:00:00,10.0,VP,,,LNCH,S
beff46b2-ba2,SCH1,dbcc6b6f,389,b0a2ae1e,2025-Jan-26 00:00:00,10.0,MT,,,PERM,
beff46b2-ba2,SCH1,bff037cf,390,b0a2ae1e,2025-Mar-04 00:00:00,10.0,BU,PP,,PERM,E
beff46b2-ba2,SCH1,ece8a91e,391,b0a2ae1e,2025-Mar-24 00:00:00,10.0,MT,,,FIXD,A
beff46b2-ba2,SCH1,872c131b,392,b0a2ae1e,2025-Feb-21 00:00:00,10.0,VA,,,FIXD,E
c035b2b0-0be,SCH6,b65f5cbc,393,19a23b6e,2025-Jan-10 00:00:00,10.0,DM,,,PERM,K
c035b2b0-0be,SCH6,1da560f3,394,19a23b6e,2025-Mar-06 00:00:00,10.0,DB,,,PERM,
c035b2b0-0be,SCH6,a079ef04,395,19a23b6e,2025-Feb-07 00:00:00,10.0,RA,,,FIXD,
c035b2b0-0be,SCH6,dfe9bc14,396,19a23b6e,2025-Apr-05 00:00:00,10.0,PP,TH,,FIXD,S
c035b2b0-0be,SCH6,019f53d0,397,19a23b6e,2025-Jan-16 00:00:00,10.0,DM,,,LNCH,K
c035b2b0-0be,SCH6,f4d9a553,398,19a23b6e,2025-Mar-09 00:00:00,10.0,DB,PP,,PERM,
c2728260-847,SCH8,9ffd8e4f,399,ccd6fa75,2025-Mar-01 00:00:00,10.0,BU,,,PERM,S
c2728260-847,SCH8,a8c3d0f5,400,ccd6fa75,2025-Mar-24 00:00:00,10.0,DB,BU,,FIXD,
c2728260-847,SCH8,b8973058,401,ccd6fa75,2025-Feb-08 00:00:00,10.0,PA,,,PERM,P
c2728260-847,SCH8,24c45717,402,ccd6fa75,2025-Apr-03 00:00:00,10.0,SM,,,PERM,
c2728260-847,SCH8,7b6a8011,403,ccd6fa75,2025-Mar-12 00:00:00,10.0,VA,,,FIXD,
c2728260-847,SCH8,d5095d5c,404,ccd6fa75,2025-Feb-09 00:00:00,10.0,PP,,,FIXD,
c2728260-847,SCH8,90b9d7e3,405,ccd6fa75,2025-Jan-08 00:00:00,10.0,DB,TH,,PERM,
c2728260-847,SCH8,bd0d2fbf,406,ccd6fa75,2025-Mar-14 00:00:00,10.0,PP,,,FIXD,E
c2728260-847,SCH8,05053417,407,ccd6fa75,2025-Mar-01 00:00:00,10.0,VP,,,FIXD,N
c4650ed6-c41,SCH5,fac67656,408,5257e6fc,2025-Jan-14 00:00:00,10.0,DM,BU,,PERM,S
c4650ed6-c41,SCH5,d43caa29,409,5257e6fc,2025-Feb-22 00:00:00,10.0,PP,,,LNCH,
c4650ed6-c41,SCH5,9e8a7105,410,5257e6fc,2025-Mar-18 00:00:00,10.0,VA,,,LNCH,S
c4650ed6-c41,SCH5,23964c35,411,5257e6fc,2025-Jan-31 00:00:00,10.0,RA,,,FIXD,
ce31cb4f-031,SCH3,35524e03,412,8b6c4ad1,2025-Jan-11 00:00:00,10.0,RA,,,LNCH,
ce31cb4f-031,SCH3,ed66394a,413,8b6c4ad1,2025-Feb-12 00:00:00,10.0,PP,,,PERM,K
ce31cb4f-031,SCH3,db876e68,414,8b6c4ad1,2025-Mar-07 00:00:00,10.0,RA,,,PERM,
d2e39b41-d9d,SCH4,faf9059f,415,9f374e25,2025-Feb-03 00:00:00,10.0,DB,,,PERM,K
d2e39b41-d9d,SCH4,e3cc69e5,416,9f374e25,2025-Feb-18 00:00:00,10.0,VP,,,FIXD,
d2e39b41-d9d,SCH4,640d81cf,417,9f374e25,2025-Mar-14 00:00:00,10.0,VA,,,PERM,
d2e39b41-d9d,SCH4,ac9adf11,418,9f374e25,2025-Mar-11 00:00:00,10.0,SM,,,PERM,N
d2e39b41-d9d,SCH4,e12ae2a0,419,9f374e25,2025-Apr-06 00:00:00,10.0,VP,,,FIXD,
d2e39b41-d9d,SCH4,d16330a6,420,9f374e25,2025-Apr-05 00:00:00,10.0,BU,,,PERM,A
d2e39b41-d9d,SCH4,816e4c1a,421,9f374e25,2025-Feb-18 00:00:00,10.0,RA,,,LNCH,S
d2e39b41-d9d,SCH4,b6139581,422,9f374e25,2025-Jan-20 00:00:00,10.0,VA,,,LNCH,
d2e39b41-d9d,SCH4,01b21595,423,9f374e25,2025-Apr-07 00:00:00,10.0,RA,,,PERM,
d2e39b41-d9d,SCH4,a0fe7115,424,9f374e25,2025-Jan-11 00:00:00,10.0,TH,,BU,FIXD,N
d4014e8a-875,SCH8,ac1e8001,425,e2b55c3d,2025-Mar-22 00:00:00,10.0,TH,,,PERM,K
d4014e8a-875,SCH8,d977dc67,426,e2b55c3d,2025-Mar-04 00:00:00,10.0,MT,,,PERM,E
d57b2e34-8cb,SCH8,dd428d6a,427,331ca263,2025-Mar-18 00:00:00,10.0,RA,DM,,PERM,
d57b2e34-8cb,SCH8,794ad2a2,428,331ca263,2025-Jan-10 00:00:00,10.0,RA,,,FIXD,
d57b2e34-8cb,SCH8,a3bfaf61,429,331ca263,2025-Apr-08 00:00:00,10.0,VA,,,FIXD,
d57b2e34-8cb,SCH8,55daab35,430,331ca263,2025-Mar-12 00:00:00,10.0,VA,,,FIXD,
d57b2e34-8cb,SCH8,961d9bf2,431,331ca263,2025-Feb-23 00:00:00,10.0,BU,,,FIXD,
d57b2e34-8cb,SCH8,67811125,432,331ca263,2025-Mar-12 00:00:00,10.0,PP,,,PERM,
d57b2e34-8cb,SCH8,ec5829a3,433,331ca263,2025-Mar-14 00:00:00,10.0,PP,,,PERM,E
da856e74-fa9,SCH6,f94c47b0,434,ea63797e,2025-Feb-07 00:00:00,10.0,SM,RA,,PERM,N
da856e74-fa9,SCH6,628e5fbc,435,ea63797e,2025-Mar-26 00:00:00,10.0,RA,RA,,PERM,A
da856e74-fa9,SCH6,86012a42,436,ea63797e,2025-Apr-02 00:00:00,10.0,SM,,,LNCH,
da856e74-fa9,SCH6,6178ecb9,437,ea63797e,2025-Mar-21 00:00:00,10.0,VA,,,LNCH,
da856e74-fa9,SCH6,0ea39fcd,438,ea63797e,2025-Mar-12 00:00:00,10.0,DA,,,LNCH,N
da856e74-fa9,SCH6,e83de6ca,439,ea63797e,2025-Jan-14 00:00:00,10.0,BU,,,FIXD,N
da856e74-fa9,SCH6,2b42061a,440,ea63797e,2025-Jan-11 00:00:00,10.0,BU,,,LNCH,
dab76058-c58,SCH1,6c61e085,441,258370f4,2025-Mar-28 00:00:00,10.0,DA,,,FIXD,N
dab76058-c58,SCH1,404f1703,442,258370f4,2025-Feb-28 00:00:00,10.0,MT,,,LNCH,K
dab76058-c58,SCH1,85e65e2f,443,258370f4,2025-Mar-30 00:00:00,10.0,VP,PA,,FIXD,
dab76058-c58,SCH1,32a1f2bb,444,258370f4,2025-Feb-14 00:00:00,10.0,DM,PP,,FIXD,
dab76058-c58,SCH1,ca95c2cb,445,258370f4,2025-Feb-10 00:00:00,10.0,SM,,,PERM,P
dab76058-c58,SCH1,5cfcb49b,446,258370f4,2025-Mar-24 00:00:00,10.0,VA,DM,,PERM,
debdbd8e-f85,SCH6,1361b73f,447,0859bebe,2025-Feb-16 00:00:00,10.0,PP,,,PERM,
debdbd8e-f85,SCH6,5a56d5f3,448,0859bebe,2025-Feb-28 00:00:00,10.0,BU,RA,,FIXD,P
debdbd8e-f85,SCH6,1c9d3e4d,449,0859bebe,2025-Apr-02 00:00:00,10.0,PP,,,LNCH,
debdbd8e-f85,SCH6,0a147f2e,450,0859bebe,2025-Jan-08 00:00:00,10.0,BU,,,FIXD,
debdbd8e-f85,SCH6,0160fe98,451,0859bebe,2025-Apr-05 00:00:00,10.0,VA,VP,,PERM,E
debdbd8e-f85,SCH6,cfd34673,452,0859bebe,2025-Mar-20 00:00:00,10.0,PP,,,PERM,K
debdbd8e-f85,SCH6,7f99dc68,453,0859bebe,2025-Mar-12 00:00:00,10.0,PP,,,PERM,N
debdbd8e-f85,SCH6,8cedee1d,454,0859bebe,2025-Mar-31 00:00:00,10.0,TH,,,LNCH,S
debdbd8e-f85,SCH6,5a17de2a,455,0859bebe,2025-Apr-08 00:00:00,10.0,RA,,,FIXD,N
e0bf7e43-366,SCH8,095baa08,456,7f5f3974,2025-Jan-29 00:00:00,10.0,MT,,TH,PERM,P
e0bf7e43-366,SCH8,adc12e9e,457,7f5f3974,2025-Jan-12 00:00:00,10.0,RA,VP,,PERM,
e0bf7e43-366,SCH8,8d6e31b6,458,7f5f3974,2025-Mar-09 00:00:00,10.0,PA,,,FIXD,P
e0bf7e43-366,SCH8,49376e61,459,7f5f3974,2025-Feb-25 00:00:00,10.0,RA,,,PERM,K
e0e52f0f-137,SCH2,128783fa,460,96c19a4a,2025-Feb-18 00:00:00,10.0,PP,,,LNCH,K
e0e52f0f-137,SCH2,4cecc6cf,461,96c19a4a,2025-Feb-23 00:00:00,10.0,TH,,,PERM,E
e0e52f0f-137,SCH2,6f73ef98,462,96c19a4a,2025-Jan-25 00:00:00,10.0,VP,,,FIXD,S
e0e52f0f-137,SCH2,40a97cb7,463,96c19a4a,2025-Mar-23 00:00:00,10.0,DM,,,FIXD,
e0e52f0f-137,SCH2,a58a3ffa,464,96c19a4a,2025-Mar-08 00:00:00,10.0,DA,DB,,FIXD,
e0e52f0f-137,SCH2,169bdc81,465,96c19a4a,2025-Feb-06 00:00:00,10.0,DB,,,LNCH,K
e0e52f0f-137,SCH2,5955c18c,466,96c19a4a,2025-Jan-11 00:00:00,10.0,MT,PP,,PERM,
e0e52f0f-137,SCH2,3b51d497,467,96c19a4a,2025-Mar-01 00:00:00,10.0,PA,,,PERM,
e0e52f0f-137,SCH2,f84ab3cf,468,96c19a4a,2025-Jan-26 00:00:00,10.0,PP,,,PERM,N
e3815ee6-03b,SCH6,9bd2a78a,469,ce9fce33,2025-Apr-05 00:00:00,10.0,DB,,,LNCH,K
e3815ee6-03b,SCH6,891ccfbf,470,ce9fce33,2025-Jan-20 00:00:00,10.0,BU,,,FIXD,A
e3815ee6-03b,SCH6,409265c1,471,ce9fce33,2025-Apr-09 00:00:00,10.0,RA,,,PERM,
e3815ee6-03b,SCH6,9d361d7b,472,ce9fce33,2025-Jan-25 00:00:00,10.0,VA,,VP,FIXD,N
e3815ee6-03b,SCH6,2adcba40,473,ce9fce33,2025-Mar-30 00:00:00,10.0,PA,,,PERM,A
e3815ee6-03b,SCH6,0c23647b,474,ce9fce33,2025-Jan-26 00:00:00,10.0,MT,,,FIXD,E
ea7a975f-90b,SCH3,44091364,475,0f31849c,2025-Jan-29 00:00:00,10.0,RA,,,LNCH,
ea7a975f-90b,SCH3,70f1057f,476,0f31849c,2025-Jan-28 00:00:00,10.0,BU,,,PERM,E
ef575e33-13f,SCH7,01fc0468,477,f1f8252a,2025-Mar-01 00:00:00,10.0,VA,BU,,PERM,
ef575e33-13f,SCH7,bd81237a,478,f1f8252a,2025-Apr-09 00:00:00,10.0,MT,,,LNCH,K
ef575e33-13f,SCH7,046ffc59,479,f1f8252a,2025-Mar-16 00:00:00,10.0,PA,PA,,PERM,
ef575e33-13f,SCH7,33062d1e,480,f1f8252a,2025-Mar-25 00:00:00,10.0,PP,VA,,LNCH,E
ef575e33-13f,SCH7,f8742002,481,f1f8252a,2025-Mar-16 00:00:00,10.0,SM,RA,,LNCH,S
ef575e33-13f,SCH7,b954e6da,482,f1f8252a,2025-Feb-07 00:00:00,10.0,TH,,,PERM,
ef575e33-13f,SCH7,373c7dfc,483,f1f8252a,2025-Jan-07 00:00:00,10.0,DA,VA,,FIXD,
f3866a02-ab4,SCH3,7f8cdb6f,484,2dcb19b3,2025-Jan-22 00:00:00,10.0,PP,,,PERM,
f3866a02-ab4,SCH3,eabda9ca,485,2dcb19b3,2025-Jan-10 00:00:00,10.0,VA,VP,,PERM,P
f3866a02-ab4,SCH3,84948160,486,2dcb19b3,2025-Mar-10 00:00:00,10.0,BU,PA,,LNCH,A
f3866a02-ab4,SCH3,d1cc5462,487,2dcb19b3,2025-Mar-29 00:00:00,10.0,PP,,,PERM,S
f3866a02-ab4,SCH3,888e43cf,488,2dcb19b3,2025-Feb-12 00:00:00,10.0,PA,,,FIXD,P
f3866a02-ab4,SCH3,6d668371,489,2dcb19b3,2025-Feb-22 00:00:00,10.0,MT,,,FIXD,
f4b0765b-5be,SCH8,cbbf5548,490,61aba03b,2025-Feb-18 00:00:00,10.0,VP,MT,,PERM,
f4b0765b-5be,SCH8,3daf6252,491,61aba03b,2025-Feb-12 00:00:00,10.0,VA,,,FIXD,
f4b0765b-5be,SCH8,028b0f54,492,61aba03b,2025-Jan-31 00:00:00,10.0,TH,,,LNCH,E
f793d3eb-376,SCH8,f44f0905,493,343c3632,2025-Mar-15 00:00:00,10.0,PA,RA,,FIXD,E
f793d3eb-376,SCH8,15fcd6b0,494,343c3632,2025-Feb-20 00:00:00,10.0,BU,VP,,FIXD,
f793d3eb-376,SCH8,87049fa6,495,343c3632,2025-Jan-29 00:00:00,10.0,VA,,,FIXD,
f793d3eb-376,SCH8,1dff2f1d,496,343c3632,2025-Feb-07 00:00:00,10.0,VA,BU,,LNCH,S
f793d3eb-376,SCH8,b3baee3e,497,343c3632,2025-Jan-06 00:00:00,10.0,RA,,,PERM,K
f793d3eb-376,SCH8,3a4a10b0,498,343c3632,2025-Mar-08 00:00:00,10.0,VA,,,FIXD,
f793d3eb-376,SCH8,f40d89ea,499,343c3632,2025-Mar-23 00:00:00,10.0,BU,PP,,FIXD,P
f793d3eb-376,SCH8,00179714,500,343c3632,2025-Jan-07 00:00:00,10.0,PP,,,FIXD,K
f793d3eb-376,SCH8,64b48b7c,501,343c3632,2025-Apr-05 00:00:00,10.0,MT,VA,,FIXD,
f7e8d328-bb2,SCH5,2542f722,502,0270c7a4,2025-Jan-08 00:00:00,10.0,VP,DB,,PERM,
f7e8d328-bb2,SCH5,eb1fa24c,503,0270c7a4,2025-Jan-25 00:00:00,10.0,PA,,,FIXD,
f7e8d328-bb2,SCH5,a667f1be,504,0270c7a4,2025-Jan-06 00:00:00,10.0,VP,,,PERM,
f7e8d328-bb2,SCH5,61f6b4ae,505,0270c7a4,2025-Mar-05 00:00:00,10.0,RA,,,FIXD,A
f7e8d328-bb2,SCH5,585a28b2,506,0270c7a4,2025-Jan-28 00:00:00,10.0,PP,,,PERM,K
f7e8d328-bb2,SCH5,0d9eb80b,507,0270c7a4,2025-Feb-25 00:00:00,10.0,VP,,,PERM,
f7e8d328-bb2,SCH5,03a57168,508,0270c7a4,2025-Jan-14 00:00:00,10.0,DM,,,PERM,A
fcefc173-205,SCH8,5a26fa80,509,0a62b664,2025-Feb-24 00:00:00,10.0,VP,,SM,FIXD,
fcefc173-205,SCH8,e86576f4,510,0a62b664,2025-Feb-16 00:00:00,10.0,PP,,,FIXD,
fcefc173-205,SCH8,9e957024,511,0a62b664,2025-Mar-15 00:00:00,10.0,SM,PA,,PERM,
fcefc173-205,SCH8,849d7372,512,0a62b664,2025-Feb-16 00:00:00,10.0,RA,,,PERM,
fcefc173-205,SCH8,42acb2a2,513,0a62b664,2025-Feb-13 00:00:00,10.0,BU,,,PERM,
fcefc173-205,SCH8,952db160,514,0a62b664,2025-Apr-01 00:00:00,10.0,VA,,,FIXD,P
fcefc173-205,SCH8,5a02c5de,515,0a62b664,2025-Jan-20 00:00:00,10.0,PP,,,PERM,K
fcefc173-205,SCH8,9512cf69,516,0a62b664,2025-Mar-21 00:00:00,10.0,MT,,,LNCH,
