pupilnolongeronrolltableid,NativeId,dob,surname,forename,middlenames,preferredsurname,formersurname,upn,formerupn,uniquelearnernumber,sex,entrydate,leavingdate,pupilnolongeronrollorderseqcolumn,sourceid,schoolcensustableid,parttime,termlysessionspossible,moveonrollflag,ethnicity,boarder,language
00e9397d-27e,SCH7,2020-Apr-19 00:00:00,SUR3858,FOR3634,MID5723,PSUR5592,FSUR2551,cbd0f54b-6c4,398dea22-6ed,596dae32-0,F,2021-Sep-14 00:00:00,2025-Mar-03 00:00:00,1,ee673cf2,e758f4d8,False,139.0,9240ca59,REFU,,ENG
0134a3c5-4bc,SCH6,2011-Apr-17 00:00:00,SUR9677,FOR5026,MID7251,PSUR9104,FSUR1907,d584af05-179,6a791ac8-6fe,aca9f715-9,M,2025-Jan-01 00:00:00,2025-Apr-02 00:00:00,1,7c91fe1a,96de6059,,129.0,00de21aa,OAFG,,ENG
015a50c2-e95,SCH6,2007-Oct-05 00:00:00,SUR6730,FOR8456,MID5767,PSUR9128,FSUR6752,07a48c66-887,2c79bbc5-5aa,79a04124-6,F,2024-Aug-06 00:00:00,2025-Jan-19 00:00:00,1,a3026342,d29113bc,False,125.0,a0e40e81,WSER,7,ENG
03d32e11-910,SCH5,2018-Nov-15 00:00:00,SUR7158,FOR5224,MID4917,PSUR5041,FSUR2521,bb9f309e-1bb,c58e7b39-e34,2639e13e-d,M,2023-Jun-19 00:00:00,2025-Feb-24 00:00:00,1,36b4cd3a,b1494ee3,False,128.0,9302eb28,MWBA,,TRI
04051d11-e3f,SCH2,2017-Dec-26 00:00:00,SUR1559,FOR9203,MID1531,PSUR4834,FSUR4435,268e7c25-e6d,c520aad0-62d,7158ad17-5,M,2024-Jul-08 00:00:00,2025-Feb-26 00:00:00,1,7050ab60,3432f49e,False,133.0,b614a9b9,ASRO,,ENG
0418c456-17a,SCH5,2018-Aug-19 00:00:00,SUR9940,FOR8747,MID1100,PSUR2625,FSUR3364,ad8e571f-f8e,c174fbd7-a4b,8ab0aabe-e,M,2020-Dec-19 00:00:00,2025-Jan-21 00:00:00,1,b342cee7,0e404de8,True,132.0,8b3f7373,OFIL,,CYM
043bd800-c91,SCH4,2015-Jan-13 00:00:00,SUR8605,FOR8923,MID6737,PSUR9790,FSUR4628,4ae082d9-faf,741b00c2-e86,3ecb4e37-c,M,2022-Nov-01 00:00:00,2025-Mar-03 00:00:00,1,5be0d214,fc9558bb,False,126.0,05e98582,APKN,,ENG
075e60a1-951,SCH2,2013-May-06 00:00:00,SUR2978,FOR6136,MID5777,PSUR2105,FSUR5909,1d07c5ab-249,74394d72-57e,f6f346d9-b,M,2024-Nov-10 00:00:00,2025-Feb-14 00:00:00,1,d9f0a043,90b90079,False,139.0,1563c1e1,OOTH,,ENG
08783fe7-374,SCH3,2016-Dec-21 00:00:00,SUR9308,FOR3628,MID7684,PSUR3200,FSUR8012,ec5d32c0-fa1,0c998b79-673,e6b3dea0-f,M,2020-Jan-07 00:00:00,2025-Mar-06 00:00:00,1,436274e1,786ac637,False,128.0,8b415a58,BSLN,,ENG
08db36e8-ce1,SCH4,2017-Dec-30 00:00:00,SUR2684,FOR1394,MID6281,PSUR6265,FSUR4639,05f8438e-df6,e9d11bae-2f0,c41b4732-f,F,2023-Sep-10 00:00:00,2025-Feb-25 00:00:00,1,8f49b92c,7968d651,False,143.0,8e42e456,,,
0903e6de-706,SCH3,2015-Mar-24 00:00:00,SUR1715,FOR3809,MID1856,PSUR5629,FSUR9409,62b142f3-6ae,6ca60ceb-99f,877ab235-5,M,2024-Oct-01 00:00:00,2025-Apr-03 00:00:00,1,4eaabc61,073e5150,False,132.0,5fc98d1f,WCOR,,GER
09603da9-929,SCH1,2011-Dec-17 00:00:00,SUR2748,FOR1809,MID4120,PSUR4161,FSUR4617,07abe4fb-16f,190eec02-995,637ad487-e,M,2022-Nov-22 00:00:00,2025-Feb-16 00:00:00,1,dfdf7db3,6096e140,False,120.0,9facafcf,WOWB,N,CYM
096615d5-09f,SCH7,2011-Mar-12 00:00:00,SUR9463,FOR7790,MID1640,PSUR3658,FSUR4972,a291add8-122,81cff00c-1bf,56dcb083-2,F,2024-Aug-13 00:00:00,2025-Mar-29 00:00:00,1,3eef362a,b7974eca,False,134.0,f2e419e6,WROM,,GER
096a33fd-3c4,SCH8,2020-Apr-01 00:00:00,SUR8932,FOR5941,MID6689,PSUR6548,FSUR4179,50ab6877-972,8f714f41-3b3,c1a84d27-4,F,2024-Sep-30 00:00:00,2025-Jan-25 00:00:00,1,539cbcb3,2252f98a,False,129.0,39ebdd1b,MOTM,,ENG
09ed45af-b88,SCH8,2020-May-09 00:00:00,SUR6504,FOR5384,MID4065,PSUR2930,FSUR7029,513833b1-8f7,ec78a420-693,ce1ad12f-2,M,2023-Feb-08 00:00:00,2025-Feb-24 00:00:00,1,772bdfb6,5042f0a0,False,127.0,cb8843f9,WCRO,,CYM
0af03596-b07,SCH6,2010-Nov-16 00:00:00,SUR2205,FOR8404,MID8081,PSUR4444,FSUR8002,b4d79d32-2f9,c60c4257-4cd,28e90a17-4,F,2025-Jan-03 00:00:00,2025-Mar-24 00:00:00,1,8b42d33c,0079507a,False,132.0,5e609f08,REFU,,ENG
0d16bc77-ec7,SCH7,2019-Mar-25 00:00:00,SUR5321,FOR4183,MID9864,PSUR3858,FSUR9184,7b89d8fc-106,bc6816ef-1a1,cb40178e-8,F,2024-Apr-10 00:00:00,2025-Jan-24 00:00:00,1,1e92c683,61f4d690,False,129.0,d6186991,OYEM,N,ENG
0d6cae32-9fa,SCH8,2009-May-22 00:00:00,SUR5653,FOR3748,MID3570,PSUR4923,FSUR4771,05094ca8-a35,6b838fb8-6fd,30e1d1a1-c,M,2024-Nov-14 00:00:00,2025-Apr-09 00:00:00,1,b3605a70,aabcffb8,False,127.0,b9139486,OKRD,,ENG
0df96030-c04,SCH8,2014-Dec-06 00:00:00,SUR7192,FOR5702,MID9746,PSUR2746,FSUR5945,5ecc1fd9-f7b,6c93b97d-523,b6595947-e,F,2022-Apr-19 00:00:00,2025-Feb-04 00:00:00,1,a5015d41,f3e6518f,False,141.0,148202b9,BANN,,
0e315e6f-4c0,SCH2,2017-Nov-11 00:00:00,SUR3198,FOR2407,MID9189,PSUR7980,FSUR1655,dd8e7c5d-1fd,20d5957f-570,d6fa60a4-c,M,2023-Nov-25 00:00:00,2025-Mar-31 00:00:00,1,ddf46471,cd8ba96f,False,130.0,38e0cc43,NOBT,,ENG
10147ae0-5d5,SCH6,2008-Aug-31 00:00:00,SUR9888,FOR4677,MID8973,PSUR6172,FSUR2045,ec81e5fb-910,6b94baa2-c26,b830d83c-7,F,2024-Aug-28 00:00:00,2025-Jan-29 00:00:00,1,0afd8027,967f4cd0,False,122.0,7e69157b,WROM,,ENG
108085dc-6ae,SCH5,2018-Mar-20 00:00:00,SUR1415,FOR7642,MID1629,PSUR4328,FSUR1318,e68ed693-91a,afb355ab-4ba,b24639cf-c,M,2025-Jan-06 00:00:00,2025-Feb-28 00:00:00,1,d79c5110,f697f2eb,False,126.0,ec6df294,ANEP,,
10e12ddb-bd9,SCH7,2018-Jul-04 00:00:00,SUR4813,FOR3197,MID5939,PSUR1501,FSUR1844,fc751606-6dc,58dc219d-d82,d0ede0c2-6,M,2022-Jun-20 00:00:00,2025-Apr-10 00:00:00,1,a0ea04c7,152a6eb3,False,126.0,1eb2eb17,AAFR,,ENG
113ec861-8da,SCH7,2007-Sep-29 00:00:00,SUR2316,FOR7441,MID4898,PSUR4475,FSUR8340,1980e31e-8a7,e8f19f0a-e5e,4349ff15-b,F,2024-Aug-06 00:00:00,2025-Mar-15 00:00:00,1,eb468483,3aa908b7,False,138.0,97888717,WBOS,,ENG
1141c6ee-c5b,SCH2,2019-Jun-18 00:00:00,SUR5430,FOR2695,MID4835,PSUR7872,FSUR6178,f69f0dce-39f,08739dd4-8d1,0d3a3625-1,M,2025-Jan-20 00:00:00,2025-Feb-14 00:00:00,1,bdbf2402,9ed82c48,False,130.0,4144d595,MOTM,,ENG
117fa922-395,SCH1,2020-Jan-22 00:00:00,SUR5531,FOR1595,MID8357,PSUR6315,FSUR5347,fb06eed0-239,69bc3422-f2f,a0404d65-e,M,2019-Aug-22 00:00:00,2025-Mar-17 00:00:00,1,47275632,5d33f2e8,False,135.0,4e45123a,OOEG,,ENG
11b6cfc3-a01,SCH6,2011-Feb-20 00:00:00,SUR6236,FOR4696,MID8938,PSUR3948,FSUR1580,bab73e8a-e0b,da66e3a4-444,92fa803b-0,M,2024-Dec-18 00:00:00,2025-Mar-17 00:00:00,1,36dffc1c,14160148,False,137.0,fbdc91ac,NOBT,,ENG
135cb737-723,SCH4,2014-Jul-16 00:00:00,SUR7641,FOR4690,MID4999,PSUR8814,FSUR6938,d7cc489b-246,fdc4869c-5c1,1ceaaa85-b,M,2024-May-10 00:00:00,2025-Feb-17 00:00:00,1,9e7ce7c7,feefa84c,False,121.0,153e0141,WROR,,GAL
1393883e-1d7,SCH7,2018-Apr-02 00:00:00,SUR3720,FOR5579,MID9813,PSUR6804,FSUR8723,e8425641-4df,b3fe54cf-06a,382a31c2-0,F,2020-Oct-19 00:00:00,2025-Mar-24 00:00:00,1,dce43967,5b127114,False,130.0,63c1d17a,ASRO,,ENG
15d1abfc-46c,SCH4,2010-Jul-19 00:00:00,SUR7791,FOR2905,MID5772,PSUR4011,FSUR2444,92248b57-539,4157bf0e-788,81aaad51-1,F,2024-Feb-22 00:00:00,2025-Mar-10 00:00:00,1,e46d70cb,069099ce,False,122.0,0b398c7d,WIRT,,ENG
16d4ed7f-9ee,SCH7,2011-Apr-30 00:00:00,SUR3879,FOR4477,MID9388,PSUR5279,FSUR9648,c35db2e9-518,41a26376-d57,e48a0842-3,F,2024-Sep-12 00:00:00,2025-Jan-25 00:00:00,1,43c153dc,fd245cdf,False,141.0,66500b34,OVIE,,ENG
1731e571-660,SCH5,2015-Jan-06 00:00:00,SUR4178,FOR8939,MID9441,PSUR7293,FSUR7052,6002735a-224,a3059462-706,d2d4aea7-d,M,2024-Nov-10 00:00:00,2025-Mar-05 00:00:00,1,90fdbe71,fc91aab0,,133.0,55a9b5bc,OVIE,,ENG
18084b89-c42,SCH1,2019-Mar-12 00:00:00,SUR5442,FOR2501,MID9382,PSUR6989,FSUR4191,dec1abb6-962,65e834aa-df0,3173d35e-8,M,2021-Jun-02 00:00:00,2025-Mar-28 00:00:00,1,8e6b6a46,031cc773,True,135.0,8b1309ba,MCOE,,ENG
196286d5-f4f,SCH5,2017-Apr-15 00:00:00,SUR9814,FOR6578,MID6760,PSUR1657,FSUR9241,29000473-9c7,b3036ee0-650,c8014e82-5,F,2020-May-09 00:00:00,2025-Feb-13 00:00:00,1,bd8c4f48,243fa32e,False,125.0,a06292eb,OTHA,,ENG
19d4247c-f8a,SCH5,2009-Aug-28 00:00:00,SUR3099,FOR3648,MID8602,PSUR5686,FSUR5096,5fcdcec0-694,eca95b7f-694,71d861a1-7,M,2018-Oct-12 00:00:00,2025-Jan-25 00:00:00,1,46fb7c69,84740825,False,136.0,ba3a38c1,WOWB,,ENG
1a8bed4b-952,SCH1,2015-Mar-04 00:00:00,SUR3729,FOR3979,MID3182,PSUR6849,FSUR9467,97959ac8-b75,44caea48-228,02baabf9-a,F,2025-Feb-04 00:00:00,2025-Mar-06 00:00:00,1,76c22316,a60170f7,False,143.0,e354d60a,WBRI,,
1ad4004c-411,SCH2,2018-Jul-23 00:00:00,SUR1791,FOR3540,MID2992,PSUR3111,FSUR8465,818662a6-550,7e37ec09-7fd,de71befd-7,M,2025-Feb-12 00:00:00,2025-Apr-09 00:00:00,1,f3ec3ea7,ad629027,False,127.0,360bdcc3,WIRT,,
1c8f05e0-25e,SCH5,2016-Apr-07 00:00:00,SUR8913,FOR5320,MID1441,PSUR1926,FSUR2886,b8a9d24d-9fe,2ca4dc5c-1fc,087460c2-8,F,2023-Jan-09 00:00:00,2025-Apr-06 00:00:00,1,6e94c318,dfb46594,True,128.0,d6d2258e,AWEL,,ENG
1caac0e7-293,SCH4,2019-Feb-07 00:00:00,SUR2023,FOR5714,MID7443,PSUR1074,FSUR3813,b4d3d3af-fdf,f6fb27e2-353,db9d0495-c,M,2024-May-04 00:00:00,2025-Apr-09 00:00:00,1,e0909e07,9f6796ce,True,130.0,ed96f111,WNIR,,ENG
1d7cbbae-4fd,SCH8,2013-Apr-01 00:00:00,SUR9914,FOR4530,MID5336,PSUR7333,FSUR9816,a39ae020-5b5,db83774f-b5f,0d424bec-b,F,2024-Oct-17 00:00:00,2025-Feb-13 00:00:00,1,8e8a4787,4649eb19,True,125.0,dff7a47b,OJPN,,CHI
1ee6e6fe-22e,SCH2,2013-Aug-29 00:00:00,SUR3376,FOR7600,MID8426,PSUR7246,FSUR6193,53f51479-3cf,8c274b4f-d23,cac151c3-5,M,2022-Mar-04 00:00:00,2025-Jan-12 00:00:00,1,5e03337f,113ef113,,133.0,9fbfc70d,MBOE,,ENG
1ef37aba-31d,SCH1,2011-Sep-23 00:00:00,SUR1526,FOR6375,MID7611,PSUR9671,FSUR7082,f721fbaa-a76,d2753e8c-1bf,5c45c51f-2,M,2024-Jul-13 00:00:00,2025-Mar-19 00:00:00,1,d626ae9f,5271a2a7,False,133.0,d0bfb48e,MACH,,ENG
1f0fbb1d-63f,SCH5,2014-Mar-10 00:00:00,SUR1917,FOR5173,MID4049,PSUR6436,FSUR6716,e5b1b2da-f30,5c4be509-907,7a7292f6-f,F,2025-Jan-28 00:00:00,2025-Feb-07 00:00:00,1,b0de7483,b50111cb,False,130.0,da73729b,,,ENG
1fe733f9-e68,SCH3,2017-Dec-22 00:00:00,SUR6711,FOR5892,MID7024,PSUR7777,FSUR6897,b982f0d1-7ac,8e7d4b18-7d5,3a5fa068-4,F,2024-Feb-05 00:00:00,2025-Jan-07 00:00:00,1,926cc9af,b9017139,True,129.0,460bee07,WBRI,,
2319f69f-402,SCH8,2019-Jun-09 00:00:00,SUR8034,FOR5970,MID7086,PSUR3912,FSUR2002,709be58c-e58,1e6a2806-822,643c2ddb-0,M,2023-Dec-16 00:00:00,2025-Mar-03 00:00:00,1,04bdb59d,a9c4b99f,False,135.0,47046133,,N,ENG
2320235d-768,SCH3,2013-Jan-23 00:00:00,SUR1301,FOR2316,MID6247,PSUR7753,FSUR5839,2728edf4-c78,2c49b9c0-411,e511d86a-2,M,2022-Oct-28 00:00:00,2025-Feb-14 00:00:00,1,04ec7d63,b7695a8f,False,129.0,459f1183,AAFR,,CYM
23d2b1a8-4a6,SCH2,2018-Apr-13 00:00:00,SUR2843,FOR5447,MID2816,PSUR3301,FSUR2661,497530f7-b2a,6cd035cf-ba3,b486dcfb-b,M,2019-May-12 00:00:00,2025-Apr-04 00:00:00,1,435a433f,eb6cb3fc,False,123.0,633c8e8d,WBOS,N,PNJA
240ea586-475,SCH1,2011-Apr-13 00:00:00,SUR9972,FOR1382,MID7302,PSUR2361,FSUR5850,aba04ec8-5ea,b55afe38-d2f,7af4feb3-2,F,2023-May-10 00:00:00,2025-Mar-18 00:00:00,1,adac3efa,603a764c,False,128.0,f1bfec57,WOWB,,ENG
2447c604-0f0,SCH3,2011-Apr-15 00:00:00,SUR1340,FOR3240,MID4906,PSUR5941,FSUR1063,328f3f10-f3e,f3402eba-c6c,0d14d863-b,F,2024-Jul-12 00:00:00,2025-Jan-10 00:00:00,1,8d0e503b,b83e6f8c,False,119.0,d9c4781a,MABL,,
261c07d5-24b,SCH8,2009-Dec-29 00:00:00,SUR8413,FOR1483,MID2026,PSUR6946,FSUR6920,c499da3f-ab9,da656283-9a6,def959c2-d,F,2024-Dec-31 00:00:00,2025-Jan-17 00:00:00,1,692f45aa,c174e8f1,,124.0,9ada205c,BAFR,,
26f741ac-cc9,SCH5,2020-Apr-24 00:00:00,SUR2945,FOR2033,MID2131,PSUR6798,FSUR2980,1dacaa4a-736,6c730309-462,56862360-f,F,2025-Jan-18 00:00:00,2025-Mar-27 00:00:00,1,917447c7,dbe0e9ed,False,126.0,32faf640,,7,CYM
26f78d85-3a3,SCH3,2018-Feb-17 00:00:00,SUR1023,FOR4004,MID8844,PSUR7905,FSUR2996,739f8706-ab2,2ce545fd-f83,c46ed6e9-9,M,2023-Nov-30 00:00:00,2025-Jan-07 00:00:00,1,bf48e649,bb48020a,False,128.0,8f0837e7,CHKC,,GAL
27746f0c-2a4,SCH3,2012-Mar-31 00:00:00,SUR4560,FOR5193,MID7853,PSUR3507,FSUR7695,110c7616-899,d7c99c2f-e19,86d0bc74-7,F,2024-Sep-09 00:00:00,2025-Mar-25 00:00:00,1,ffe1b8e2,6778e3b8,False,127.0,f2c3fcaa,ORAB,N,
280ffb82-71b,SCH8,2009-Oct-01 00:00:00,SUR5176,FOR9584,MID9046,PSUR4795,FSUR5341,144cb01f-508,cdcdd74b-76f,8dd0daf3-7,F,2022-Dec-19 00:00:00,2025-Feb-21 00:00:00,1,0fcd2cfa,de62d31b,,133.0,45c65934,WCOR,,BEL
285efb10-31e,SCH3,2018-Oct-29 00:00:00,SUR8431,FOR2389,MID8097,PSUR2638,FSUR2580,e6f7157f-380,d5cf3948-94f,d0b61d00-1,M,2024-Dec-18 00:00:00,2025-Jan-06 00:00:00,1,7e47b4fb,62e13ec2,False,126.0,434156b7,ASNL,,ENG
29d0d7b5-136,SCH3,2015-Nov-11 00:00:00,SUR5072,FOR8551,MID7360,PSUR4038,FSUR3223,28b0f5b0-56b,df487112-c50,f6242b34-4,F,2024-Dec-01 00:00:00,2025-Jan-18 00:00:00,1,9b79daa7,938d75ef,False,131.0,dcc01e6a,WWEL,,ENG
2a6ecf5a-d37,SCH6,2008-Mar-25 00:00:00,SUR1653,FOR1926,MID4140,PSUR4575,FSUR3564,7347a5c7-dba,dd25be13-f37,20a8454a-0,M,2023-Sep-09 00:00:00,2025-Mar-14 00:00:00,1,7481a91a,9ae24506,False,128.0,3401b02c,OLAM,N,ENG
2aeb5c83-fbb,SCH1,2016-Jul-11 00:00:00,SUR8828,FOR2082,MID5392,PSUR3626,FSUR6265,065caff0-9a6,926380c1-1a1,54796ea8-1,F,2020-Jun-07 00:00:00,2025-Jan-13 00:00:00,1,d837ff8f,ecf4df0d,False,138.0,e703cf87,MOTH,,GER
2bc4de5d-4c1,SCH8,2008-Dec-03 00:00:00,SUR9024,FOR9274,MID6398,PSUR7846,FSUR6532,22d04ec8-0b5,401ad904-026,6f6e6d4b-f,F,2024-Aug-31 00:00:00,2025-Jan-15 00:00:00,1,1f5a359a,54ad032c,True,131.0,d6b3313b,MWCH,,ENG
2c944799-cc6,SCH3,2012-May-21 00:00:00,SUR5219,FOR4817,MID9185,PSUR4943,FSUR2954,2f1b53f1-f24,375222d1-aea,b96bde0c-1,M,2019-Jun-12 00:00:00,2025-Mar-19 00:00:00,1,b8915d30,dd7653ea,False,130.0,a78996f2,MBCH,6,
2ca305ff-d57,SCH4,2020-May-16 00:00:00,SUR7892,FOR7496,MID9665,PSUR3656,FSUR8563,b224cc08-2b3,e19de50e-cb6,0fdaba21-1,M,2022-Jul-09 00:00:00,2025-Mar-08 00:00:00,1,b7aa3981,0879fe05,False,133.0,d5b4ad9a,BSLN,,ENG
2cedf00f-fa8,SCH2,2012-Aug-21 00:00:00,SUR8185,FOR1611,MID2332,PSUR5185,FSUR2801,b1304035-f96,a1f18b3b-43f,f86bc969-b,M,2023-Dec-04 00:00:00,2025-Jan-12 00:00:00,1,8a184d7b,a1c355c8,False,139.0,285b371c,WALB,,CYM
2e8d1eca-d8c,SCH7,2018-Jun-01 00:00:00,SUR6586,FOR5411,MID4319,PSUR7497,FSUR8349,dfd913d6-03c,f7c0a6d3-b61,83686b9b-9,M,2024-Jun-04 00:00:00,2025-Mar-17 00:00:00,1,4f7bdf1f,1e2df1d7,,130.0,389f2294,OJPN,,GAL
2ea8a592-56f,SCH6,2019-Jan-26 00:00:00,SUR5026,FOR4101,MID3532,PSUR5959,FSUR3226,a6c22959-736,0c8d6ef5-d11,9245bf85-5,M,2022-Sep-15 00:00:00,2025-Mar-03 00:00:00,1,97a2b091,36fe087a,False,131.0,515b5eaa,WBRI,,CYM
2f0ceb9a-6d1,SCH8,2011-Jul-14 00:00:00,SUR9259,FOR7055,MID8042,PSUR6296,FSUR3581,4edd039e-4d0,c4f57208-070,12333edf-4,F,2023-Oct-13 00:00:00,2025-Mar-07 00:00:00,1,80d2c27d,314c4627,False,131.0,cf7eb511,OMAL,N,ENG
2fa7ebc9-40a,SCH2,2016-Oct-31 00:00:00,SUR1245,FOR7648,MID6086,PSUR9849,FSUR8871,0a4e1d3c-e1f,490230ec-dcd,ca8c9a9d-9,F,2020-Jun-13 00:00:00,2025-Mar-29 00:00:00,1,08c1ce56,b5a89758,False,125.0,522ffeeb,OTHA,,BEL
3090c5b1-88f,SCH4,2012-Jun-03 00:00:00,SUR1204,FOR4013,MID8558,PSUR4105,FSUR4221,60f2a377-50e,4a6cc509-cf4,1a33a0aa-f,M,2024-Jun-08 00:00:00,2025-Jan-16 00:00:00,1,ad6a8b21,cb15089a,False,132.0,73f21068,WTUR,N,ENG
3103aa3d-76e,SCH2,2018-Aug-06 00:00:00,SUR5630,FOR3339,MID5916,PSUR7534,FSUR1270,2ba19080-a2b,f9506d6d-af0,546ddb4e-1,F,2024-Nov-20 00:00:00,2025-Feb-20 00:00:00,1,9152a99f,0be45f8e,False,131.0,647a0b5c,WOTH,,ENG
32d18bf8-a47,SCH3,2017-Jan-01 00:00:00,SUR9147,FOR6789,MID1678,PSUR8403,FSUR7697,ae22a77f-7ee,f64e0fe3-3b2,b5ea9374-7,F,2023-Dec-14 00:00:00,2025-Feb-05 00:00:00,1,47a50237,764db100,False,125.0,275543e8,CSNG,N,ENG
32d20cc9-f97,SCH8,2014-Oct-15 00:00:00,SUR6285,FOR6100,MID5177,PSUR5103,FSUR2492,2e952429-3fd,331f20b5-f17,5db91bc2-8,M,2024-Feb-27 00:00:00,2025-Mar-08 00:00:00,1,3e6c5d28,6238e430,,133.0,2950116f,MBOE,,GER
3330382f-8f4,SCH1,2019-Feb-25 00:00:00,SUR3676,FOR4475,MID6553,PSUR8345,FSUR7594,ce670300-dcd,26b08df1-f79,1f43c876-c,F,2023-Aug-30 00:00:00,2025-Feb-04 00:00:00,1,853a7e18,25ceddd3,False,136.0,4fc220c9,OTHA,,ENG
3348c7f1-b0d,SCH5,2019-Jan-18 00:00:00,SUR5371,FOR8749,MID4470,PSUR3446,FSUR7232,84ff1552-367,8279cf8b-b1d,7fe1c6a3-9,M,2024-Dec-07 00:00:00,2025-Feb-15 00:00:00,1,cfd22d8a,b572c6fd,False,132.0,5317ae2c,OKRD,,ENG
339bd0a5-3c9,SCH5,2009-Aug-12 00:00:00,SUR2852,FOR5011,MID3519,PSUR5886,FSUR8755,314f6abb-e33,b73f3a74-6c6,0f16a95b-c,F,2019-Nov-27 00:00:00,2025-Mar-03 00:00:00,1,5df4c08d,3eeaebbd,False,125.0,92e331e1,WOWB,,
3481cad2-55d,SCH8,2009-Nov-11 00:00:00,SUR8054,FOR3126,MID9064,PSUR8638,FSUR1137,0b9c4e62-969,86cfa455-848,c3d1cb24-f,F,2025-Jan-03 00:00:00,2025-Feb-06 00:00:00,1,656c5838,58b7f342,False,139.0,51ee5ee2,AOTH,,ENG
34b9b8ec-adf,SCH4,2016-Nov-10 00:00:00,SUR6265,FOR5338,MID4860,PSUR6431,FSUR4655,890ded18-05c,0dc283bf-2cb,178c4ae9-4,F,2021-Dec-20 00:00:00,2025-Mar-16 00:00:00,1,f17536bc,6ece0ab9,False,126.0,0fea2f75,WROG,,
34c9e8bb-41d,SCH4,2011-Oct-20 00:00:00,SUR8210,FOR7475,MID2929,PSUR1240,FSUR4625,f64b1984-8e4,185d4fb0-6eb,ecb2ccb9-9,M,2023-Nov-20 00:00:00,2025-Mar-18 00:00:00,1,366944a0,7af1cd01,False,129.0,268a7ec6,MBOE,,
35256145-04a,SCH7,2013-Mar-14 00:00:00,SUR6678,FOR1025,MID8751,PSUR6072,FSUR1375,09ad9c32-9ae,2789e80d-01d,52866e4d-f,F,2023-Aug-27 00:00:00,2025-Mar-25 00:00:00,1,f313f63d,301aa64b,False,131.0,5fb598ab,WCRO,,ENG
35aee72e-856,SCH4,2016-Jun-29 00:00:00,SUR1151,FOR5991,MID6405,PSUR7679,FSUR6731,52604328-963,498b3b3c-04c,a9b1169f-7,F,2024-Jan-08 00:00:00,2025-Jan-14 00:00:00,1,0623b8b9,dd9744f9,False,126.0,09e297f0,WBOS,,ENG
35f53b82-fd3,SCH4,2012-Jul-31 00:00:00,SUR6251,FOR3296,MID9523,PSUR3412,FSUR9581,7498b6c1-b8a,c9821f4a-a59,0d914170-1,M,2024-Nov-20 00:00:00,2025-Mar-16 00:00:00,1,2f14e823,6e9b69e7,False,131.0,9cd3c4f1,WBRI,,ENG
366d8352-f1d,SCH1,2016-Nov-04 00:00:00,SUR3803,FOR7605,MID4984,PSUR9214,FSUR7932,d50e8172-22d,04ebb5d2-21f,7f1799d4-1,F,2020-Dec-28 00:00:00,2025-Mar-04 00:00:00,1,4e8dab1d,d76d98ee,False,,e17350e1,AOTA,N,ENG
38499bb3-d57,SCH2,2010-Jan-27 00:00:00,SUR2219,FOR8884,MID2695,PSUR5441,FSUR7120,0afe71ed-fa9,1e21a12d-6ab,bdc19e46-a,F,2024-Oct-19 00:00:00,2025-Mar-12 00:00:00,1,d19d6945,102576d8,False,129.0,7fb3a3e6,WWEU,,ENG
388a4a49-b6e,SCH3,2019-Jun-16 00:00:00,SUR6264,FOR1829,MID4694,PSUR7443,FSUR5913,96982c4c-797,23a2fe4d-257,9babfd8c-b,M,2022-Sep-10 00:00:00,2025-Jan-21 00:00:00,1,93ffa181,b5ea36fb,True,125.0,767c2b2f,COCH,,GER
388a4a49-b6e,SCH8,2019-Jun-16 00:00:00,SUR6264,FOR1829,MID4694,PSUR7443,FSUR5913,96982c4c-797,23a2fe4d-257,9babfd8c-b,M,2025-Jan-22 00:00:00,2025-Jan-23 00:00:00,2,f8158315,f05070c1,True,120.0,943105d0,AKAO,,
3984bc9b-0ff,SCH7,2012-Nov-13 00:00:00,SUR6790,FOR6999,MID9092,PSUR7726,FSUR4860,40f39a67-602,596e2e8f-85a,4442e395-3,F,2024-Feb-20 00:00:00,2025-Mar-30 00:00:00,1,fab860aa,3aa269b8,False,128.0,29565340,ORAB,6,ENG
39c6f5d1-295,SCH1,2009-Nov-12 00:00:00,SUR9174,FOR6107,MID9722,PSUR1987,FSUR2761,c82aadc3-17e,a3d613e3-a83,678d460c-d,M,2023-Jul-20 00:00:00,2025-Jan-16 00:00:00,1,b127baf2,2967c984,,124.0,fc385af1,WBRI,,ENG
3a654dfd-a82,SCH8,2015-Dec-19 00:00:00,SUR8879,FOR4328,MID7841,PSUR9122,FSUR3361,15a3582b-f3b,15380b04-257,71811a39-b,M,2024-Nov-14 00:00:00,2025-Jan-09 00:00:00,1,a1d1741f,c739d41b,False,130.0,404a7b41,WCRO,,GAL
3a654dfd-a82,SCH4,2015-Dec-19 00:00:00,SUR8879,FOR4328,MID7841,PSUR9122,FSUR3361,15a3582b-f3b,15380b04-257,71811a39-b,M,2025-Jan-10 00:00:00,2025-Jan-16 00:00:00,2,f3f0d215,c6771106,False,129.0,c49e67c5,OAFG,,BEL
3b82680b-31b,SCH8,2013-May-31 00:00:00,SUR4747,FOR6868,MID2761,PSUR2991,FSUR3673,aa26ee47-56a,12cd7f91-dc9,30ddf35e-3,M,2024-Feb-18 00:00:00,2025-Apr-06 00:00:00,1,b15c2843,ba582117,False,129.0,ae35794c,ABAN,,ENG
40b12231-92c,SCH7,2019-Mar-26 00:00:00,SUR1764,FOR3967,MID7762,PSUR9637,FSUR2049,e30ae748-ab4,476336ee-1a7,67f26e3b-7,M,2024-Apr-06 00:00:00,2025-Apr-08 00:00:00,1,8d3de829,11dd6de2,False,133.0,bb8b1a69,WBRI,,ENG
42255998-97e,SCH6,2015-Oct-31 00:00:00,SUR9129,FOR3210,MID2291,PSUR5012,FSUR8862,9137ea5c-efc,9df35c55-d09,022df28b-7,F,2022-Oct-01 00:00:00,2025-Mar-16 00:00:00,1,e754275b,7d78976e,False,127.0,ba94e08b,CHKC,,CYM
42a1bf04-3e3,SCH1,2013-Feb-04 00:00:00,SUR5498,FOR5163,MID7011,PSUR7396,FSUR6475,02f806bb-783,8b2929e3-4a6,0d20e604-f,M,2024-May-16 00:00:00,2025-Mar-10 00:00:00,1,f0790308,8e53292e,False,139.0,961bace6,BGHA,,ENG
42a284f7-8ae,SCH2,2013-Nov-25 00:00:00,SUR5729,FOR5741,MID3821,PSUR7414,FSUR9583,fa505d20-d68,e062585c-5f4,e57fd0bc-c,F,2021-Nov-28 00:00:00,2025-Feb-13 00:00:00,1,e837b7e7,6d2e6f7d,False,131.0,eed21677,BOTB,,CYM
43803b95-989,SCH8,2017-Apr-05 00:00:00,SUR9363,FOR4560,MID9057,PSUR3909,FSUR9270,aa3a4afc-ae5,469c694b-4a1,5f7bb03d-e,M,2022-Dec-06 00:00:00,2025-Jan-15 00:00:00,1,6e105480,d9ea9913,False,123.0,5fed5bf7,WTUR,,ENG
43c88d38-31a,SCH3,2018-Nov-03 00:00:00,SUR1766,FOR2357,MID6214,PSUR8177,FSUR3915,cd88185e-31c,8d3d42e9-b24,f8a6e420-1,M,2023-Oct-28 00:00:00,2025-Mar-30 00:00:00,1,45bc378f,37c1fa1f,False,122.0,281b5cd7,WALB,,GER
44874cdf-d53,SCH6,2018-Nov-25 00:00:00,SUR4647,FOR3943,MID7415,PSUR1801,FSUR2305,d070abe9-c52,b216bda4-062,4540cc68-6,F,2024-Dec-26 00:00:00,2025-Mar-02 00:00:00,1,29af78cd,7b788b33,False,136.0,0d37a89b,BEUR,,ENG
4669cd60-e4b,SCH2,2011-Jun-30 00:00:00,SUR9876,FOR7276,MID3395,PSUR4119,FSUR3302,5b06ba95-b77,5a6a3b27-37a,6548a403-c,M,2024-Jul-23 00:00:00,2025-Jan-19 00:00:00,1,4e8f3f7a,7941b543,False,132.0,9ddd2d9c,OTHA,,GER
4669cd60-e4b,SCH4,2011-Jun-30 00:00:00,SUR9876,FOR7276,MID3395,PSUR4119,FSUR3302,5b06ba95-b77,5a6a3b27-37a,6548a403-c,M,2025-Jan-20 00:00:00,2025-Mar-10 00:00:00,2,6da8adf8,38d779e6,False,143.0,1f91a184,,N,ENG
4669cd60-e4b,SCH2,2011-Jun-30 00:00:00,SUR9876,FOR7276,MID3395,PSUR4119,FSUR3302,5b06ba95-b77,5a6a3b27-37a,6548a403-c,M,2025-Mar-11 00:00:00,2025-Mar-12 00:00:00,3,4bcb25c6,3f17001a,False,130.0,b6d1b4af,AKPA,,
466ee830-1f3,SCH1,2009-Jan-23 00:00:00,SUR1462,FOR1613,MID5892,PSUR5236,FSUR6991,b11fb6be-8b6,ddfa0139-d18,c424ad15-5,M,2021-Feb-22 00:00:00,2025-Feb-10 00:00:00,1,c965b080,8cb17025,False,129.0,22b67ee4,AKPA,,CYM
46767bdd-051,SCH6,2015-Sep-28 00:00:00,SUR6985,FOR4989,MID3553,PSUR4660,FSUR4940,f13d037d-395,52a8687f-508,40e82c5e-c,M,2018-Oct-13 00:00:00,2025-Mar-19 00:00:00,1,7c977aae,aea113e8,False,130.0,a58d6e46,MWBC,,ENG
46767bdd-051,SCH4,2015-Sep-28 00:00:00,SUR6985,FOR4989,MID3553,PSUR4660,FSUR4940,f13d037d-395,52a8687f-508,40e82c5e-c,M,2025-Mar-20 00:00:00,2025-Apr-01 00:00:00,2,23ac81f1,e1cbe693,,140.0,62133581,WIRT,N,UKR
472f609a-1be,SCH6,2016-Nov-18 00:00:00,SUR4387,FOR3699,MID3066,PSUR8328,FSUR8978,1b800171-302,84a30a47-cd2,347a5faf-2,F,2024-Nov-30 00:00:00,2025-Jan-21 00:00:00,1,6e5563b2,6865a12c,False,127.0,e7221216,MACH,,ENG
47592a2a-f40,SCH7,2014-Dec-27 00:00:00,SUR7713,FOR1235,MID5096,PSUR9154,FSUR1621,d86b86b9-354,43c6a9d8-d29,ef2ebfe9-6,M,2024-Apr-15 00:00:00,2025-Jan-15 00:00:00,1,99f2e43a,23481828,False,129.0,59d4c4f4,WROR,,CYM
47592a2a-f40,SCH5,2014-Dec-27 00:00:00,SUR7713,FOR1235,MID5096,PSUR9154,FSUR1621,d86b86b9-354,43c6a9d8-d29,ef2ebfe9-6,M,2025-Jan-16 00:00:00,2025-Jan-22 00:00:00,2,89bb44ca,a154c25b,False,129.0,8ac006df,MWBA,,RUS
47d0488a-2aa,SCH5,2009-Aug-19 00:00:00,SUR6268,FOR7553,MID9647,PSUR1777,FSUR4976,d5cd9845-818,379f4cec-8cf,937409a8-8,M,2025-Mar-18 00:00:00,2025-Mar-27 00:00:00,1,359825d8,8f48948b,False,127.0,7eae0be5,,,GAL
48d0d644-cea,SCH4,2009-Jun-15 00:00:00,SUR5009,FOR2540,MID5889,PSUR4312,FSUR5950,5eb09e05-63b,a45b88cc-045,714f70ba-a,M,2022-Feb-24 00:00:00,2025-Feb-01 00:00:00,1,61fee249,e8b5d3b8,False,136.0,ec880660,OMAL,,ENG
49238ac8-f72,SCH3,2017-Jun-13 00:00:00,SUR8299,FOR2757,MID3568,PSUR3855,FSUR6804,d3bb9b71-fa6,a161cd86-6fc,0b6d9b86-d,M,2020-Nov-25 00:00:00,2025-Feb-09 00:00:00,1,1b79ed88,0ecdf52a,False,137.0,b39e29fa,OFIL,N,ENG
498b4354-cdf,SCH7,2013-Apr-20 00:00:00,SUR8585,FOR1999,MID9562,PSUR1872,FSUR8193,708ab588-e30,b41fa582-fe1,396ca4ee-3,M,2024-Feb-20 00:00:00,2025-Mar-31 00:00:00,1,0ac8ac08,acbac558,,128.0,b9bb26a6,BEUR,,
4ddc935f-31e,SCH4,2010-Oct-06 00:00:00,SUR3702,FOR3382,MID5519,PSUR1582,FSUR4398,5ae98c32-834,570b8d71-5fe,d252303f-f,M,2021-Jan-28 00:00:00,2025-Mar-05 00:00:00,1,b5e96773,85734692,False,123.0,c301f558,NOBT,,PRST
4e057efd-959,SCH3,2014-Apr-04 00:00:00,SUR2153,FOR5805,MID8434,PSUR7686,FSUR6669,74b87a3b-e3e,6f54ac4a-11a,cd235286-3,M,2023-Nov-11 00:00:00,2025-Mar-27 00:00:00,1,ce7282e0,e0d6bca4,False,130.0,06aba276,WOWB,,CYM
4ea566ae-237,SCH8,2016-Jun-01 00:00:00,SUR9397,FOR2692,MID9369,PSUR2933,FSUR4411,a48988a7-eea,a5186708-b6c,4517006a-e,M,2022-Sep-04 00:00:00,2025-Mar-25 00:00:00,1,c04fed27,abfad740,,129.0,c75f527a,CMAL,,GER
4fec3dcd-c9f,SCH1,2018-Jan-19 00:00:00,SUR7719,FOR1440,MID5497,PSUR5816,FSUR7988,9b04e68a-671,1af9d1aa-0b3,5e249cdd-e,M,2025-Jan-15 00:00:00,2025-Feb-18 00:00:00,1,8ba72993,9ebd6a58,False,134.0,6c6c75b1,OLIB,,ENG
505e619c-0a7,SCH5,2019-Jan-08 00:00:00,SUR9800,FOR7225,MID4620,PSUR8852,FSUR9123,52052cb6-86e,cbc1cd77-410,93c6c1af-f,F,2019-Aug-29 00:00:00,2025-Apr-10 00:00:00,1,0316295f,48a87e20,True,126.0,0c0f2fb3,WCRO,,ENG
50cc7bf5-6cb,SCH2,2008-Jul-26 00:00:00,SUR5175,FOR8064,MID4733,PSUR8073,FSUR8694,4f860485-960,fcac974a-b8b,6e1b0bcc-f,M,2024-Jun-28 00:00:00,2025-Mar-30 00:00:00,1,3bdb1ae3,1d6cf77a,,134.0,75260990,,,ENG
51966344-8f5,SCH5,2009-Feb-20 00:00:00,SUR7791,FOR4844,MID8319,PSUR3864,FSUR7481,6bbf3616-302,ecde36b7-e3d,e5cb7cb0-f,M,2023-May-17 00:00:00,2025-Jan-14 00:00:00,1,761a1421,faf184e1,False,132.0,612b0aa4,ANEP,,PNJA
51a66a4a-dba,SCH7,2007-Sep-19 00:00:00,SUR8476,FOR6982,MID4778,PSUR2222,FSUR3203,7a899e8a-cf7,d7e5b1d4-c0a,fd76b3bf-b,F,2024-Oct-16 00:00:00,2025-Feb-03 00:00:00,1,b7d40519,d7e4ed4e,False,123.0,36f0b84d,BOTH,,ENG
51bf9b95-253,SCH6,2014-Jun-18 00:00:00,SUR2024,FOR7940,MID7518,PSUR7568,FSUR7041,c6380068-bf8,80abab81-fce,fcb1cb34-8,F,2023-May-20 00:00:00,2025-Mar-08 00:00:00,1,873181d1,39095841,False,122.0,891c766f,BBRI,,GAL
54dd761f-bad,SCH8,2010-Apr-24 00:00:00,SUR1617,FOR8076,MID7877,PSUR4774,FSUR6038,5073e0c6-721,9b97ed03-f40,48396ff0-9,M,2020-Feb-26 00:00:00,2025-Jan-25 00:00:00,1,fef59491,791b0fe3,False,126.0,9f2cfbe1,WBRI,N,
55967b4a-db9,SCH5,2012-Feb-03 00:00:00,SUR4874,FOR7853,MID3822,PSUR5706,FSUR7225,6082f60c-973,157efd8a-ea4,6818c4db-6,M,2024-Dec-02 00:00:00,2025-Mar-29 00:00:00,1,d2e1ec47,1340f80a,False,129.0,21569102,WBRI,,ENG
55bd0e4b-224,SCH4,2019-Apr-29 00:00:00,SUR6288,FOR5017,MID9552,PSUR4183,FSUR9604,8b83fc92-e3b,164f30fe-a8b,f67e62b9-9,M,2024-Sep-25 00:00:00,2025-Jan-29 00:00:00,1,3706ad34,7997030a,False,123.0,df539609,WROR,,ENG
575d669a-ee2,SCH7,2015-Jan-20 00:00:00,SUR8999,FOR5853,MID3000,PSUR7318,FSUR3251,cb933373-6be,1b809264-ca2,d0df4eda-e,M,2023-Nov-02 00:00:00,2025-Mar-25 00:00:00,1,a749c76d,4b07115b,False,127.0,0bdfdb82,BSUD,,
5787a812-d79,SCH6,2013-Jan-29 00:00:00,SUR3629,FOR8121,MID6409,PSUR5231,FSUR1138,998b9342-672,4d904a18-45e,9bdc1642-b,M,2024-Aug-18 00:00:00,2025-Feb-15 00:00:00,1,4c22854b,9c9f614b,False,129.0,fec2a985,AMPK,,GER
58cb387d-4b6,SCH7,2014-Apr-06 00:00:00,SUR1114,FOR8861,MID4484,PSUR8366,FSUR6957,2ae8ed65-3e5,99da186d-efc,e451074f-4,M,2021-Apr-02 00:00:00,2025-Mar-24 00:00:00,1,16df2be9,e5d2d939,False,132.0,ec7f7ecd,WPOR,,ENG
5950786e-746,SCH7,2014-Dec-17 00:00:00,SUR3438,FOR7212,MID4233,PSUR6881,FSUR5831,42f82ae2-7a0,1cc94639-b28,a4d6a94b-4,M,2022-Jul-22 00:00:00,2025-Jan-30 00:00:00,1,a812af5c,e5da549b,False,135.0,56b3c775,WGRC,,ENG
598e48fa-20d,SCH7,2012-Sep-05 00:00:00,SUR2937,FOR4758,MID1128,PSUR1701,FSUR9940,7128179d-802,e5121887-384,19289541-4,F,2023-Apr-11 00:00:00,2025-Mar-05 00:00:00,1,ffc81179,5cf94933,True,137.0,1a1faa2f,WROR,,ENG
5ab4f5db-0a6,SCH4,2011-Jun-30 00:00:00,SUR5186,FOR2872,MID9341,PSUR7181,FSUR6915,673e19cf-9ad,8cfedcf9-3a1,ba2fa6a7-6,F,2024-Jun-20 00:00:00,2025-Mar-14 00:00:00,1,9ea430a6,40378f40,False,,6b49430d,BSOM,,PNJA
5af6971a-7f5,SCH7,2018-Jul-28 00:00:00,SUR8353,FOR7602,MID6091,PSUR1002,FSUR6790,9ca1bc7e-a47,480d356e-3a9,9a509b8a-3,F,2023-Nov-15 00:00:00,2025-Mar-07 00:00:00,1,9fafbbdf,4af675f7,False,129.0,8bde8142,AKAO,,BNG
5b0da0a1-d39,SCH3,2020-Jan-11 00:00:00,SUR2839,FOR6801,MID9313,PSUR7413,FSUR8349,7b692ca5-935,7bef59a9-ea0,dafab968-a,M,2024-Jan-08 00:00:00,2025-Jan-30 00:00:00,1,d2c87668,3bbf8c88,False,131.0,a0d28e6d,OLAM,,ENG
5b56e745-bc2,SCH5,2016-Apr-14 00:00:00,SUR8179,FOR4561,MID2983,PSUR3098,FSUR7284,d7b20670-93f,7de8d9e4-c3f,43f45ccc-e,F,2025-Mar-14 00:00:00,2025-Mar-29 00:00:00,1,ca932aec,6c9610a1,True,129.0,23ff6b64,WNIR,N,ENG
5b9df564-b4b,SCH7,2014-Jun-18 00:00:00,SUR2548,FOR9289,MID8121,PSUR2189,FSUR8697,aff93e87-5e5,b50bfad4-de5,6d9effbc-2,F,2024-Dec-09 00:00:00,2025-Apr-04 00:00:00,1,10124587,ffa523d9,False,122.0,1f4f8b72,CHKC,N,ENG
5d3bf774-bfe,SCH5,2014-Apr-20 00:00:00,SUR1457,FOR3646,MID2881,PSUR2865,FSUR1995,525aa98e-2ab,34759042-2d0,d45bdc8d-5,M,2022-Dec-27 00:00:00,2025-Mar-30 00:00:00,1,9dd47a3f,2c157093,True,133.0,d01f5117,MBCH,,ENG
5d7f9512-c8b,SCH7,2016-Oct-08 00:00:00,SUR6671,FOR1208,MID1971,PSUR9500,FSUR1369,e10aafc1-7c0,c3740a57-8ad,c5c0c20c-6,M,2022-Dec-22 00:00:00,2025-Jan-17 00:00:00,1,d2485048,fe4a5fc0,False,116.0,11605f88,NOBT,,ENG
5e5192a1-502,SCH1,2016-Jan-20 00:00:00,SUR4541,FOR3558,MID6661,PSUR1674,FSUR6751,46a83206-839,8155ae09-42e,d699979f-9,M,2021-Sep-26 00:00:00,2025-Jan-18 00:00:00,1,f27edf18,105b4e26,True,132.0,3ffcd3f9,WOTW,,ENG
5e7c4f17-128,SCH1,2020-Aug-22 00:00:00,SUR6891,FOR5366,MID8472,PSUR1014,FSUR8427,35164298-582,d48b715a-504,b215dbce-7,M,2025-Feb-10 00:00:00,2025-Mar-20 00:00:00,1,c43fa81f,fc491ab3,True,137.0,4e1a184c,WROM,,ENG
5f5c358e-bf8,SCH8,2012-May-30 00:00:00,SUR1024,FOR9290,MID9346,PSUR4844,FSUR9630,f1fe062b-fdb,d8a955be-790,c5ad96e2-f,M,2024-Dec-26 00:00:00,2025-Feb-24 00:00:00,1,518b5c68,71f2b851,False,121.0,15db44ae,WSCO,,CYM
60379fb8-10f,SCH1,2017-Dec-14 00:00:00,SUR8268,FOR7326,MID1609,PSUR9793,FSUR6958,b5630036-9b5,d3903092-8e1,c88e7204-1,M,2025-Mar-15 00:00:00,2025-Mar-30 00:00:00,1,904eae7f,ff229042,,135.0,cf90b7fd,AKAO,,BEL
614696a4-c3f,SCH5,2009-Jul-08 00:00:00,SUR5935,FOR2612,MID6037,PSUR9036,FSUR9822,277759e7-8e9,c97cde63-8db,cb795845-f,F,2023-Feb-17 00:00:00,2025-Mar-29 00:00:00,1,a6cef371,bcedd4d7,False,131.0,914a85a7,BWEL,,ENG
61855763-9eb,SCH3,2013-Oct-16 00:00:00,SUR4142,FOR2131,MID6308,PSUR6237,FSUR8855,d16348e2-f49,fd0ab5e0-8ff,29d8f8a3-f,M,2023-Sep-10 00:00:00,2025-Feb-13 00:00:00,1,033a95a7,486147b6,True,128.0,07080678,WBOS,,ENG
61c0c0f3-cfa,SCH8,2009-Jan-30 00:00:00,SUR5452,FOR4496,MID6262,PSUR1678,FSUR7261,f078e1e1-f20,ac180291-887,144218be-6,F,2023-Nov-13 00:00:00,2025-Jan-08 00:00:00,1,24acbc90,47941507,False,128.0,12b14cd4,BBRI,,ENG
61c0c0f3-cfa,SCH6,2009-Jan-30 00:00:00,SUR5452,FOR4496,MID6262,PSUR1678,FSUR7261,f078e1e1-f20,ac180291-887,144218be-6,F,2025-Jan-09 00:00:00,2025-Mar-02 00:00:00,2,54576c22,dfe30e54,False,122.0,44c41196,WGRK,N,GER
634f19fa-685,SCH7,2016-Jun-04 00:00:00,SUR2396,FOR3199,MID7087,PSUR7956,FSUR3313,fac7ff02-3ae,4d88ca6f-27d,73b40b11-9,F,2022-Feb-21 00:00:00,2025-Jan-09 00:00:00,1,a5c3bf72,f278abf0,False,133.0,6805798a,MWAS,,
64c48de0-7e1,SCH1,2012-Aug-01 00:00:00,SUR8547,FOR5462,MID8522,PSUR2595,FSUR9828,3ee989a2-549,b8e84dc6-140,97113b45-3,M,2021-Jan-15 00:00:00,2025-Jan-10 00:00:00,1,02afaf3b,911820b6,False,137.0,6a9ddba2,WBRI,,ENG
6599efbc-28c,SCH2,2014-Dec-19 00:00:00,SUR7267,FOR5703,MID9127,PSUR1612,FSUR5564,e8ff113f-2a1,7b4de394-a47,9253ee50-e,F,2024-Dec-20 00:00:00,2025-Mar-24 00:00:00,1,9962528b,f15f1ac4,False,129.0,b73a5795,OMRC,,
665f5279-69e,SCH7,2013-Jan-02 00:00:00,SUR5298,FOR8196,MID1362,PSUR9511,FSUR3437,f01d2df7-bd7,f9f8701f-245,8ca7f967-8,F,2024-Jan-01 00:00:00,2025-Feb-25 00:00:00,1,454ba83d,c69cdd89,False,133.0,395583e7,,N,PRST
67b9fe49-8ac,SCH1,2019-May-01 00:00:00,SUR2139,FOR2500,MID5186,PSUR2915,FSUR4151,e40f852c-e87,ca6789cf-66e,5533d217-1,F,2021-Sep-13 00:00:00,2025-Jan-08 00:00:00,1,00b06e8e,74fe7b09,False,132.0,1d30146a,OLEB,6,ENG
67c48b9d-d5c,SCH4,2013-Dec-17 00:00:00,SUR7104,FOR5987,MID5736,PSUR4320,FSUR2709,14a56f5e-ae7,b6ea1382-0ea,7dfa5283-3,F,2024-Dec-14 00:00:00,2025-Mar-26 00:00:00,1,c6ebb73a,fac7d578,True,124.0,fbc0771f,MACH,,ENG
67e16869-b0d,SCH1,2009-Sep-09 00:00:00,SUR9268,FOR5660,MID5460,PSUR1346,FSUR6481,aa70005f-e4d,8681b2ab-8d3,f3ca88a3-c,F,2023-Dec-02 00:00:00,2025-Mar-28 00:00:00,1,5d809cb1,dd567e68,False,125.0,06886efb,OTHA,,
681956e1-744,SCH2,2008-Feb-13 00:00:00,SUR9596,FOR9658,MID4005,PSUR7839,FSUR3002,8fd11f3e-d49,3bd14930-fd5,8a365f47-b,F,2024-Aug-28 00:00:00,2025-Jan-15 00:00:00,1,9389de73,d31a973f,False,133.0,ea09b5c2,OYEM,,ENG
682b1452-329,SCH5,2012-Jan-15 00:00:00,SUR9247,FOR2329,MID4391,PSUR4387,FSUR1092,7bf3b29b-f6f,f187191c-8a8,418b2871-9,M,2024-Apr-27 00:00:00,2025-Apr-09 00:00:00,1,17827651,3dd72a77,False,132.0,05aa533c,MOTM,,GAL
684d6411-9e0,SCH7,2015-Apr-12 00:00:00,SUR6987,FOR5281,MID7995,PSUR9305,FSUR1977,b3f06a29-d61,4a37179e-c88,7971d094-6,F,2022-Apr-07 00:00:00,2025-Apr-06 00:00:00,1,d6e61cff,42a286db,False,120.0,4347b24b,OIRQ,N,ENG
68d3701a-b78,SCH2,2016-Apr-18 00:00:00,SUR4012,FOR8076,MID4599,PSUR4705,FSUR4452,ef1c6c61-eb1,42fbe1bb-42d,9ef40f80-c,M,2025-Jan-29 00:00:00,2025-Jan-30 00:00:00,1,ffbff337,a6ccfe27,False,131.0,49fbec77,ASRO,7,CYM
6a2f9e15-5f8,SCH2,2011-Feb-01 00:00:00,SUR9863,FOR6993,MID4983,PSUR9560,FSUR9970,d7cd64f6-eab,fc671a18-a52,f91830cb-6,F,2019-Jul-25 00:00:00,2025-Feb-05 00:00:00,1,75e69d91,dfa59398,False,134.0,0bfaac7a,WPOR,,ENG
6a8abaf9-2f4,SCH1,2008-Feb-15 00:00:00,SUR9368,FOR1627,MID8249,PSUR7548,FSUR8539,b0eb6855-a42,14ebd368-ec9,85cb49ed-0,F,2023-Jul-29 00:00:00,2025-Mar-06 00:00:00,1,0b73a8ed,380a8afe,,130.0,53631199,WBRI,,GER
6b5949f4-212,SCH1,2013-May-11 00:00:00,SUR6335,FOR6548,MID3644,PSUR9412,FSUR7019,1716955d-7f8,5ac5c6fc-2f4,720d5903-6,M,2023-Dec-04 00:00:00,2025-Feb-04 00:00:00,1,c921c102,f7257132,,127.0,86be50cf,WBOS,N,ENG
6c0349f6-370,SCH4,2014-Oct-11 00:00:00,SUR8441,FOR5419,MID2223,PSUR9515,FSUR9415,b3ec6d26-57f,946be229-434,77df2d82-4,F,2019-May-14 00:00:00,2025-Jan-24 00:00:00,1,57fd1db2,4a3457e1,False,133.0,115aae71,AMPK,,ENG
6d147368-e8c,SCH2,2017-Sep-05 00:00:00,SUR3351,FOR1901,MID3700,PSUR1138,FSUR8708,2d5a107b-19f,cf74fa38-eec,61aa1f12-c,M,2025-Jan-11 00:00:00,2025-Mar-24 00:00:00,1,09b9862d,c42065b7,False,127.0,7d8ef6f5,MWBA,N,ENG
70051bff-ddc,SCH4,2011-Oct-07 00:00:00,SUR8372,FOR3187,MID7756,PSUR1066,FSUR6089,43758582-2a2,c6ceb58a-889,f688f2b3-c,F,2024-Dec-01 00:00:00,2025-Mar-02 00:00:00,1,58e1d519,54d2b527,True,116.0,93917116,WGRK,,ENG
70a1e6cf-9e0,SCH2,2007-Dec-09 00:00:00,SUR7226,FOR6812,MID3633,PSUR8043,FSUR6018,e2b812ea-8af,db51db74-3f0,bc9e7068-6,M,2025-Mar-10 00:00:00,2025-Mar-17 00:00:00,1,c80d4038,985cd92e,False,,c8e2d2cf,MAOE,,ENG
722421a3-c23,SCH2,2017-Nov-27 00:00:00,SUR7231,FOR6432,MID8060,PSUR7520,FSUR2173,d1736991-1a2,3ade4c22-f1b,c8aa58cc-3,M,2024-Nov-14 00:00:00,2025-Jan-29 00:00:00,1,4fac8d99,771fb26a,False,128.0,46c50c9d,MOTH,,ENG
73838efd-997,SCH3,2009-Oct-17 00:00:00,SUR5052,FOR1034,MID6932,PSUR3645,FSUR2617,2dcf69a0-c1b,b1f1572c-fe8,1e04cab3-9,F,2024-Jun-16 00:00:00,2025-Feb-08 00:00:00,1,22953b26,8400e0e3,False,136.0,72c1930e,BANN,,ENG
74d5df59-b7b,SCH3,2015-Apr-30 00:00:00,SUR8497,FOR1668,MID9802,PSUR6965,FSUR6980,1612eece-81c,444754e3-67e,223fc63d-2,F,2022-Nov-24 00:00:00,2025-Jan-29 00:00:00,1,17b09e16,5dc4e7ec,True,129.0,c4f92c7b,MCOE,,ENG
74d5df59-b7b,SCH1,2015-Apr-30 00:00:00,SUR8497,FOR1668,MID9802,PSUR6965,FSUR6980,1612eece-81c,444754e3-67e,223fc63d-2,F,2025-Jan-30 00:00:00,2025-Feb-10 00:00:00,2,ba54de26,2aa7cd04,False,134.0,235ac78a,BSUD,,ENG
75447e48-6ad,SCH8,2016-Sep-04 00:00:00,SUR4983,FOR8590,MID8045,PSUR2669,FSUR5204,79df9ef9-354,cc8809df-f6f,b689c73c-3,M,2022-Oct-30 00:00:00,2025-Feb-06 00:00:00,1,453eedbb,59bce5ee,False,128.0,14fccf63,WNIR,N,ENG
756253e7-8a4,SCH1,2016-Sep-06 00:00:00,SUR1700,FOR7830,MID2150,PSUR2592,FSUR9538,73fdabdb-80b,fd6a3cc5-30d,ffb28be1-e,M,2022-May-04 00:00:00,2025-Jan-19 00:00:00,1,cae9911c,8eba116d,False,127.0,42bf3b90,WEEU,,ENG
7627d1da-ac0,SCH1,2010-Aug-09 00:00:00,SUR4796,FOR9696,MID4469,PSUR6578,FSUR5284,b7eae2eb-7ac,5b365a6d-0a8,fab99e75-a,F,2023-Feb-21 00:00:00,2025-Mar-16 00:00:00,1,dbd7191a,df52324d,False,124.0,1d11d702,ABAN,N,ENG
7686e66c-672,SCH4,2007-Dec-09 00:00:00,SUR2095,FOR4259,MID7735,PSUR7670,FSUR1971,76fc2a38-108,fc43d3dd-7ba,344664ce-2,M,2025-Jan-10 00:00:00,2025-Feb-20 00:00:00,1,3808a8b6,1fdcc1c9,,130.0,f6b59908,CSNG,,ENG
77d50da3-99f,SCH6,2009-Nov-27 00:00:00,SUR2466,FOR8842,MID2560,PSUR8934,FSUR8024,1d469eca-6b1,9daa1703-b71,d64ec018-4,M,2024-Oct-27 00:00:00,2025-Mar-22 00:00:00,1,8c4edcc6,716a1e8a,False,134.0,ea9fb6ed,BWEL,,ENG
7929a9f2-9a8,SCH7,2008-Oct-04 00:00:00,SUR2197,FOR6323,MID8455,PSUR7988,FSUR4333,4e9302b6-1aa,d6e67239-408,a0ff080b-e,F,2024-Jul-27 00:00:00,2025-Mar-23 00:00:00,1,29ffe76b,7456fde2,True,130.0,ffc001d4,AOTH,,
79c7a0fc-a31,SCH4,2012-Feb-02 00:00:00,SUR5002,FOR8186,MID7745,PSUR8484,FSUR8584,3782a6df-c5a,a1bfab65-02b,bb142638-3,F,2025-Jan-05 00:00:00,2025-Mar-31 00:00:00,1,e4af67a6,af40b8b4,False,134.0,1c12659c,WBRI,,DAN
7a0390b7-29e,SCH7,2017-Nov-15 00:00:00,SUR3365,FOR8057,MID9534,PSUR8799,FSUR2847,a3410552-51d,a706d299-430,9845e24d-7,F,2023-Jul-25 00:00:00,2025-Jan-07 00:00:00,1,aa44dd17,4bf57a3c,True,131.0,ba2e18db,WOTH,,ENG
7a132d35-27e,SCH2,2010-Aug-10 00:00:00,SUR5952,FOR4432,MID1963,PSUR3279,FSUR8419,7f4bd726-c5b,902b6ebd-c94,5ffd1d0b-9,F,2022-Mar-05 00:00:00,2025-Jan-28 00:00:00,1,f7a0be8c,be3f90e8,False,128.0,c53e07ee,WROM,,ENG
7a633100-555,SCH2,2017-Jan-06 00:00:00,SUR6097,FOR5739,MID6577,PSUR4829,FSUR6028,04c8cc94-d73,2c3c0b64-bd9,57fd665e-0,M,2024-Sep-22 00:00:00,2025-Mar-28 00:00:00,1,418efe21,01fcc7df,False,126.0,b35ad8ed,OIRN,,
7b340756-b25,SCH4,2016-Feb-05 00:00:00,SUR2862,FOR2347,MID2790,PSUR7754,FSUR8720,d4cc05e6-386,d1fb8ca2-c2e,f8ca66f5-3,M,2024-Dec-06 00:00:00,2025-Mar-11 00:00:00,1,16f89f82,5e57a232,False,128.0,a066a51c,OFIL,,ENG
7ba39325-26b,SCH1,2017-Jul-23 00:00:00,SUR6574,FOR2225,MID4423,PSUR1591,FSUR8391,c23d9cf6-87f,4d1a6964-03d,895f9e5f-9,F,2019-Jan-25 00:00:00,2025-Jan-19 00:00:00,1,2485e99e,170c34d8,True,137.0,684d8104,WCRO,,ENG
7bb06400-22f,SCH4,2020-Aug-14 00:00:00,SUR5574,FOR7016,MID5276,PSUR5187,FSUR4613,b1b56b6c-5cc,af6970d1-f96,c6129c56-6,F,2019-Mar-11 00:00:00,2025-Feb-25 00:00:00,1,55ab969d,f6709f90,True,132.0,702ef6e1,WWEL,,BNG
7bbe1a9e-ace,SCH8,2015-May-05 00:00:00,SUR3954,FOR4607,MID1349,PSUR8844,FSUR4923,b36c5145-b23,9e788875-68c,60ee9a5d-d,F,2024-Jul-23 00:00:00,2025-Feb-27 00:00:00,1,61184961,d6a4f026,False,127.0,d28812ea,ASRO,,
7bceb734-2a8,SCH6,2014-Sep-15 00:00:00,SUR6609,FOR3542,MID4909,PSUR2199,FSUR4650,687bd6cf-880,79e8ab13-8aa,a88856c6-6,M,2022-Mar-24 00:00:00,2025-Mar-29 00:00:00,1,7f0d7ace,9b00595b,False,131.0,15c9c42c,OMRC,,ENG
7c589d70-71d,SCH8,2008-Oct-09 00:00:00,SUR3884,FOR7981,MID7486,PSUR7462,FSUR4478,5245aa7e-6b6,96048e65-51f,bd8c1877-7,F,2024-Sep-14 00:00:00,2025-Mar-30 00:00:00,1,2e0aafd1,390684e7,False,138.0,ff81a3cc,WWEU,N,ENG
7cbcd034-c23,SCH7,2017-Aug-23 00:00:00,SUR4897,FOR3616,MID4167,PSUR9066,FSUR5814,fcaedb22-79e,0a47dc16-71d,42c45a1b-4,M,2024-Aug-03 00:00:00,2025-Feb-07 00:00:00,1,78fd0138,9ae553c2,False,127.0,73f0bb9a,BNGN,N,ENG
7d5575ca-262,SCH2,2013-Aug-26 00:00:00,SUR3028,FOR2289,MID7207,PSUR2202,FSUR1416,7bd5e4ed-ce2,aab6e4eb-550,7d095e2d-1,M,2019-Sep-22 00:00:00,2025-Jan-29 00:00:00,1,5047b00d,97496e55,False,138.0,ec888be4,WSCO,,ENG
7d9f0d7b-779,SCH6,2010-Jun-23 00:00:00,SUR9287,FOR3866,MID2035,PSUR6677,FSUR7602,0df6720a-a4b,f246321a-60d,4467ae3a-2,M,2023-Apr-21 00:00:00,2025-Jan-11 00:00:00,1,cdadb5e0,f1fa6e42,False,123.0,b4061e93,WKOS,7,GAL
7da59d61-996,SCH5,2007-Oct-04 00:00:00,SUR4401,FOR5071,MID8475,PSUR6388,FSUR8833,360c13a6-bc5,0dab17ca-5cc,30501147-b,F,2022-Oct-02 00:00:00,2025-Feb-25 00:00:00,1,dc4087bd,70e897b4,False,130.0,f1292348,CHNE,6,ENG
7ee39e05-fff,SCH8,2016-Nov-29 00:00:00,SUR2053,FOR8716,MID6674,PSUR3507,FSUR8020,c19caed0-1c8,b2a28204-625,06d29929-3,M,2024-Jan-13 00:00:00,2025-Mar-26 00:00:00,1,6cbf40ad,6681656d,False,119.0,91a10d81,CMAL,,ENG
7f4ae4b4-ce9,SCH1,2018-Jan-24 00:00:00,SUR3308,FOR3412,MID4294,PSUR4887,FSUR2761,f68a5771-4e5,cd70ec92-242,472eeb38-7,F,2024-Mar-20 00:00:00,2025-Mar-16 00:00:00,1,cf3b0880,fa152084,False,133.0,a6911ca3,OTHA,,ENG
7fcad37d-f28,SCH4,2014-Feb-15 00:00:00,SUR1161,FOR3015,MID6938,PSUR9185,FSUR1609,c09a40a4-4df,cf49f49d-02d,184ef2cc-c,F,2025-Jan-06 00:00:00,2025-Apr-06 00:00:00,1,bec019d6,2e4cc64b,False,130.0,8b8f8643,CTWN,,ENG
802fcd9e-17d,SCH1,2008-Aug-09 00:00:00,SUR7989,FOR8136,MID3700,PSUR2404,FSUR5953,81537093-131,1336ffb2-676,381b674f-d,M,2023-Jan-07 00:00:00,2025-Jan-08 00:00:00,1,12a40c5a,d46e7588,False,123.0,30b668d2,OIRN,,ENG
802fcd9e-17d,SCH7,2008-Aug-09 00:00:00,SUR7989,FOR8136,MID3700,PSUR2404,FSUR5953,81537093-131,1336ffb2-676,381b674f-d,M,2025-Jan-09 00:00:00,2025-Feb-05 00:00:00,2,3c1eafb7,add1e99e,False,129.0,fada139a,WBRI,,CYM
8290a957-7e5,SCH6,2018-Jul-16 00:00:00,SUR8322,FOR9083,MID5534,PSUR4733,FSUR4071,9ff3f9ba-274,1a957193-f25,0c8fe9af-9,M,2024-May-10 00:00:00,2025-Feb-23 00:00:00,1,c40d89f2,71e2989c,False,141.0,dfe90cc2,MWAS,,GER
82aa8dcd-663,SCH5,2010-Apr-03 00:00:00,SUR8935,FOR9945,MID6181,PSUR2185,FSUR1813,94e38176-266,1f8a56d0-505,d5d3a937-8,F,2023-Feb-22 00:00:00,2025-Jan-25 00:00:00,1,af5cf094,2e2dd182,False,123.0,c5d87953,MWAP,,PNJA
84a4b48c-ff4,SCH7,2013-Sep-07 00:00:00,SUR6682,FOR8564,MID4723,PSUR4213,FSUR5478,3bbfd914-9f1,7531858a-412,43be0a5b-4,F,2022-Aug-09 00:00:00,2025-Jan-13 00:00:00,1,cc711bb2,4b6078a4,False,121.0,81445dc1,OOTH,,CYM
84c8d68f-4b2,SCH4,2007-Nov-28 00:00:00,SUR1082,FOR9881,MID7189,PSUR4406,FSUR8984,fce148d1-afe,894c5f6c-1b0,c6766640-0,M,2021-Feb-04 00:00:00,2025-Feb-19 00:00:00,1,91e3efae,84882c63,False,139.0,6783a1d5,ANEP,,ENG
85c8d842-ee5,SCH6,2010-Sep-17 00:00:00,SUR2665,FOR8382,MID4188,PSUR6359,FSUR4585,9e5f58b8-11e,98fe0bd1-87b,fd7946f0-d,F,2023-Jun-26 00:00:00,2025-Mar-29 00:00:00,1,45b84ef8,d7d7d9ec,,129.0,6aa681cb,BAOF,,ENG
86dae6d5-060,SCH2,2013-Aug-31 00:00:00,SUR6041,FOR1868,MID5559,PSUR5061,FSUR9633,791446d9-42c,a8be3e99-741,64c93935-d,M,2023-Jan-26 00:00:00,2025-Jan-06 00:00:00,1,3cfc8f17,8b23736e,False,135.0,2329226e,CSNG,,ENG
8712288e-e9a,SCH3,2013-Oct-18 00:00:00,SUR3237,FOR2261,MID7248,PSUR4841,FSUR6992,2e8ca2c2-2c1,16bfe6c7-0d3,1eda2b4b-b,M,2024-Jun-29 00:00:00,2025-Feb-27 00:00:00,1,59d7b45d,1e7e8fd3,False,127.0,556cf7b7,BWEL,,ENG
8748b90e-a04,SCH6,2013-Nov-13 00:00:00,SUR8776,FOR8480,MID3604,PSUR3499,FSUR6928,66e79281-081,6ad780b6-8b6,0f4ada37-7,M,2022-Sep-18 00:00:00,2025-Jan-12 00:00:00,1,3f46dab8,a032b9a6,False,120.0,98f9fdc0,AOPK,,ENG
888d32df-54f,SCH2,2017-Nov-17 00:00:00,SUR7032,FOR5871,MID1854,PSUR9670,FSUR9078,fd8bcdb4-70f,81b7172e-5a5,7803e0eb-4,M,2019-Feb-10 00:00:00,2025-Apr-07 00:00:00,1,a8513147,b690798a,False,125.0,cfe08987,ORAB,,
8979956a-510,SCH5,2011-Aug-24 00:00:00,SUR5290,FOR4468,MID7040,PSUR9111,FSUR3737,4e2c8ba7-bfa,7c97202c-207,fbdd9940-3,F,2020-Jul-04 00:00:00,2025-Jan-12 00:00:00,1,8d8b1e5e,01d5ea3c,True,126.0,fd3d082c,CMAL,,ENG
897cb44b-6a0,SCH4,2009-Feb-07 00:00:00,SUR6390,FOR8768,MID6999,PSUR7718,FSUR7746,d41ab1a6-b88,17038cdf-6f9,8972e394-a,F,2023-Apr-23 00:00:00,2025-Jan-12 00:00:00,1,daa9a380,4ca09639,False,129.0,cb1b5c3a,WBRI,,GAL
8aba6166-52b,SCH1,2019-Mar-09 00:00:00,SUR3403,FOR6452,MID4101,PSUR9901,FSUR6431,4802068e-a9e,3cc7a5c2-060,27ec36b8-7,M,2024-Jul-02 00:00:00,2025-Feb-12 00:00:00,1,229d7c77,5a27a0df,False,128.0,b1791387,AOPK,,CYM
8db8fe7b-359,SCH1,2013-May-29 00:00:00,SUR5746,FOR7068,MID5993,PSUR6499,FSUR5951,5e11fb7a-fed,f2eccafc-279,594c7997-2,M,2024-Aug-03 00:00:00,2025-Feb-13 00:00:00,1,bbb9d422,d0d3bbaf,False,129.0,f8c84c91,,,ENG
8e47e990-571,SCH5,2014-Feb-11 00:00:00,SUR9237,FOR5527,MID1603,PSUR1699,FSUR6699,896c9b71-a6d,f2e3c6ed-ba2,a18a2263-2,F,2024-Jul-26 00:00:00,2025-Feb-24 00:00:00,1,e9b818e4,7e320a12,,130.0,8cab1a42,BNGN,,ENG
8e631909-bd4,SCH2,2013-Jan-17 00:00:00,SUR4924,FOR8329,MID2656,PSUR2670,FSUR2165,606f8470-c4a,2b8b6904-c57,6e4ee6de-0,F,2025-Jan-13 00:00:00,2025-Mar-24 00:00:00,1,069c73c4,41cee757,True,127.0,a74fb5c1,,,ENG
8f0d56aa-67d,SCH6,2017-Feb-14 00:00:00,SUR8369,FOR5646,MID4567,PSUR1354,FSUR7267,ccd387c0-275,5903834c-b73,06b6aeab-0,F,2021-Sep-08 00:00:00,2025-Mar-03 00:00:00,1,2373bdcd,065d02b2,True,135.0,a344c0d5,WGRK,,ENG
90412f64-a40,SCH1,2018-Sep-22 00:00:00,SUR6476,FOR1295,MID5843,PSUR8549,FSUR3641,22ed064b-d99,091bc529-d41,1177a143-8,F,2025-Jan-17 00:00:00,2025-Mar-12 00:00:00,1,1619ed36,d799fa64,False,139.0,6ab4bded,OARA,,ENG
90628895-437,SCH1,2012-Nov-28 00:00:00,SUR7531,FOR9290,MID6126,PSUR1448,FSUR1469,6f5f3c90-52c,9a70f4ec-a59,c01ee2ad-e,M,2020-Jul-14 00:00:00,2025-Mar-14 00:00:00,1,3085d870,dd1eb838,False,142.0,59ca848e,AOPK,,PRST
9175f031-932,SCH3,2019-May-09 00:00:00,SUR7726,FOR1580,MID9417,PSUR6485,FSUR8495,3b2679fa-f0f,edab81ce-a56,63fae967-b,M,2018-Sep-04 00:00:00,2025-Jan-18 00:00:00,1,a1d64842,d37d5364,True,137.0,e16af9df,WGRC,,ENG
92569591-235,SCH2,2020-May-18 00:00:00,SUR1360,FOR8585,MID4444,PSUR1746,FSUR9650,4f64fee2-971,8da60d68-2a7,9738d31d-d,F,2020-Apr-06 00:00:00,2025-Mar-12 00:00:00,1,523eabdc,ee125684,False,127.0,b856780a,OOTH,,ENG
92ca6d39-38b,SCH8,2016-Aug-01 00:00:00,SUR1043,FOR9419,MID3092,PSUR7325,FSUR3186,29e3e1be-cf0,200d38d0-852,49f58acb-d,M,2024-Sep-30 00:00:00,2025-Jan-18 00:00:00,1,d2dff626,f5128cff,False,131.0,8c4a3a58,BAOF,,ENG
92ca6d39-38b,SCH2,2016-Aug-01 00:00:00,SUR1043,FOR9419,MID3092,PSUR7325,FSUR3186,29e3e1be-cf0,200d38d0-852,49f58acb-d,M,2025-Jan-19 00:00:00,2025-Feb-17 00:00:00,2,f063dee8,42d84545,False,122.0,33065236,ASLT,,UKR
9318a70f-e36,SCH4,2019-Jan-23 00:00:00,SUR7282,FOR6101,MID3263,PSUR9594,FSUR7320,476a85ee-0b4,4695a231-9aa,63964650-6,M,2023-Jun-08 00:00:00,2025-Jan-10 00:00:00,1,bc8fbd72,ea975d63,False,134.0,37acec60,BGHA,,ENG
94403990-c3f,SCH4,2014-Mar-23 00:00:00,SUR6283,FOR3446,MID5575,PSUR5821,FSUR8764,1ec6c3c5-9bc,e519e24d-95e,efbcf100-f,M,2024-Jan-10 00:00:00,2025-Jan-22 00:00:00,1,9bff537e,b24bcd80,True,129.0,e11c21e9,WGRK,,CYM
9534b814-d0e,SCH3,2017-Jan-15 00:00:00,SUR1183,FOR9970,MID1323,PSUR9599,FSUR3313,a82dc932-681,819cca87-ece,931da4ee-2,M,2024-Jul-19 00:00:00,2025-Mar-11 00:00:00,1,b9e8f03d,8693b343,False,134.0,5aed22ec,OPOL,,ENG
96261a21-4f6,SCH4,2014-Jun-08 00:00:00,SUR3876,FOR6059,MID1338,PSUR2285,FSUR7480,d37eed28-b81,62e1ee34-db7,c4aed5cb-9,F,2023-Oct-19 00:00:00,2025-Mar-28 00:00:00,1,072e322d,bf1e2001,False,128.0,ea5104ad,OLEB,,
96e2d490-de1,SCH5,2014-Apr-01 00:00:00,SUR5542,FOR8294,MID5195,PSUR1697,FSUR3166,d32dfb82-d2f,2966aa08-780,d8f2d8ba-4,F,2024-Feb-09 00:00:00,2025-Mar-08 00:00:00,1,03839f60,1e55d760,False,125.0,9b403b4d,APKN,N,ENG
96e2d490-de1,SCH4,2014-Apr-01 00:00:00,SUR5542,FOR8294,MID5195,PSUR1697,FSUR3166,d32dfb82-d2f,2966aa08-780,d8f2d8ba-4,F,2025-Mar-09 00:00:00,2025-Mar-18 00:00:00,2,17e18a69,ac1960f8,False,126.0,51c22a5d,APKN,N,ENG
9737f618-eea,SCH1,2008-Mar-04 00:00:00,SUR8222,FOR6887,MID9484,PSUR2498,FSUR4899,a94f93e4-8e7,35ef7be1-88b,f479f89c-3,M,2019-Jan-01 00:00:00,2025-Jan-20 00:00:00,1,8b24a813,f031aa70,False,136.0,482c332e,WKOS,,
97491ce9-6a5,SCH1,2008-Dec-26 00:00:00,SUR2201,FOR4077,MID8052,PSUR5660,FSUR2548,4119d4b7-857,16ca4610-74c,922e48bb-4,F,2023-Aug-17 00:00:00,2025-Jan-25 00:00:00,1,66abb549,5fca8438,False,128.0,d169749d,WGRK,,ENG
984d8412-8b8,SCH3,2014-Nov-02 00:00:00,SUR5333,FOR9835,MID2861,PSUR7276,FSUR4451,d7840777-62e,00ccf2b4-0f4,cac5c15e-2,M,2019-Jun-25 00:00:00,2025-Jan-24 00:00:00,1,c15140f7,d5b52d48,False,141.0,a703c303,CSNG,,ENG
9b1e8513-db2,SCH8,2020-Apr-27 00:00:00,SUR3306,FOR2980,MID1144,PSUR1238,FSUR3021,989c6591-5f2,937a1b30-a2c,e81221c2-f,M,2024-Mar-05 00:00:00,2025-Mar-05 00:00:00,1,705d703f,b96dd4a8,False,123.0,8315529a,WITA,,CYM
9dc1e480-523,SCH6,2018-Feb-23 00:00:00,SUR7277,FOR3929,MID3855,PSUR9995,FSUR5278,4214d727-6f8,af5abbdb-475,1296855c-8,F,2023-Feb-15 00:00:00,2025-Mar-28 00:00:00,1,9dcbcd97,79400f02,False,130.0,06ea918a,BOTB,,CYM
9e1c714a-247,SCH6,2008-Jan-09 00:00:00,SUR5823,FOR4199,MID7228,PSUR8196,FSUR9940,951f7ac8-22d,4cb6078e-9c9,88b928c7-a,M,2024-Oct-26 00:00:00,2025-Jan-06 00:00:00,1,b0d05570,c5fa37e4,False,135.0,b0b54b3f,ABAN,N,ENG
9e2fb9c7-6d5,SCH1,2018-Dec-04 00:00:00,SUR4423,FOR1139,MID1144,PSUR4223,FSUR2737,ae5134c1-797,d16bcf7a-f6f,66dccd79-3,F,2024-Oct-06 00:00:00,2025-Jan-07 00:00:00,1,62e1436c,11f1c9a6,True,141.0,ccc6a76b,OLIB,,ENG
9eb20305-936,SCH7,2012-Sep-25 00:00:00,SUR6152,FOR8453,MID2663,PSUR8253,FSUR8361,4655d207-fa1,41f28878-12b,e0a34e19-7,M,2025-Feb-02 00:00:00,2025-Mar-16 00:00:00,1,36389ea1,9ab3706d,False,132.0,489c0aba,ABRI,,ENG
9f33ba16-939,SCH2,2019-Jan-06 00:00:00,SUR2753,FOR8561,MID1957,PSUR6399,FSUR3514,dd5c7f1d-55f,4d7bb1a0-ba4,f9fc7562-5,M,2024-Dec-06 00:00:00,2025-Feb-13 00:00:00,1,e0268e42,0fb9cd67,,119.0,d9356be7,CHNE,,ENG
9f8609e3-c26,SCH4,2009-Jun-15 00:00:00,SUR5864,FOR2126,MID5479,PSUR6797,FSUR6312,9549fa2b-b77,ce1f6183-8a0,69c69ab5-d,M,2022-Jul-18 00:00:00,2025-Apr-07 00:00:00,1,fc06eceb,6a05fa39,False,,2525bcb4,AKAO,,ENG
9fdebe49-bc3,SCH3,2020-Aug-25 00:00:00,SUR9969,FOR7435,MID8665,PSUR6514,FSUR9042,e8b4ba4a-1f6,0be8c9f6-276,ff465d30-d,M,2024-May-24 00:00:00,2025-Jan-11 00:00:00,1,3820e74f,18fa43c6,False,131.0,f98eeb66,,,ENG
a0e68490-d84,SCH2,2018-Mar-14 00:00:00,SUR2286,FOR1120,MID8595,PSUR1907,FSUR7297,820c6dfa-6da,2e73a4c8-c54,960909e7-e,M,2024-Dec-27 00:00:00,2025-Feb-18 00:00:00,1,1095192a,0d791651,,131.0,a262bd9b,MWAP,,CYM
a0f63841-16c,SCH1,2019-Jun-24 00:00:00,SUR5316,FOR9537,MID2822,PSUR7416,FSUR5856,c0109cc8-92a,b76b44ff-851,24051c5f-2,M,2024-Apr-25 00:00:00,2025-Feb-11 00:00:00,1,3e0b2ee2,97c8c608,,125.0,bfdf6c88,OOTH,,CYM
a17396cd-2c6,SCH8,2012-Jan-13 00:00:00,SUR6072,FOR7048,MID3934,PSUR9762,FSUR9862,89d4ed1e-4b1,08d157ea-10c,a65689a7-b,M,2021-Aug-08 00:00:00,2025-Jan-19 00:00:00,1,83fcbb0a,46c96a4b,False,128.0,7c244c1e,MWBA,,ENG
a1cbd727-a42,SCH3,2007-Sep-05 00:00:00,SUR4383,FOR8831,MID3212,PSUR1324,FSUR2419,4b461989-998,f3ea9407-ad6,aafc7960-4,M,2024-Nov-23 00:00:00,2025-Jan-24 00:00:00,1,24d386fe,386cddf5,False,126.0,28a73fcf,WROR,,ENG
a38bfb57-037,SCH1,2016-Nov-15 00:00:00,SUR3590,FOR7608,MID5644,PSUR9243,FSUR1273,96067d00-462,d679a41f-8ca,6dbf8a02-4,M,2021-Dec-28 00:00:00,2025-Mar-28 00:00:00,1,be89f58b,dbbe1ea3,,123.0,e5ca779e,MWAP,,PNJA
a3eee8da-086,SCH6,2010-Nov-11 00:00:00,SUR8903,FOR4104,MID3813,PSUR2856,FSUR4107,9a320440-c0e,4fb28b98-163,bebd700f-5,F,2022-Sep-25 00:00:00,2025-Feb-15 00:00:00,1,69a15725,d4cd7ec1,False,139.0,07b396fe,,,ENG
a4699e0b-904,SCH8,2016-Sep-27 00:00:00,SUR1835,FOR7755,MID9811,PSUR3408,FSUR5495,2dc83cfb-3b8,2eae5213-18d,f713acc2-f,F,2023-Nov-12 00:00:00,2025-Mar-28 00:00:00,1,1fcc639b,41e31c26,False,125.0,8d0e8bdc,BANN,6,ENG
a651fbc0-6e2,SCH6,2011-Apr-09 00:00:00,SUR7282,FOR6535,MID2893,PSUR8889,FSUR8658,efa9f999-1fe,abeff37a-846,080f40bc-3,F,2024-Nov-27 00:00:00,2025-Feb-27 00:00:00,1,7dfa96e6,f02d914f,False,121.0,effa3a6d,,,ENG
a6afc2f3-b69,SCH2,2008-Dec-10 00:00:00,SUR5904,FOR1326,MID2432,PSUR9905,FSUR5797,b4798716-35a,b68b846f-2af,1aec4ec0-f,F,2022-Sep-13 00:00:00,2025-Feb-09 00:00:00,1,463c300a,b0635d79,False,140.0,b1347520,OYEM,,CYM
a6c73748-5c3,SCH2,2015-Nov-05 00:00:00,SUR9690,FOR2623,MID5273,PSUR3534,FSUR3202,2e19681a-8b5,09b26b1d-4c0,c0701cc0-3,M,2024-Sep-16 00:00:00,2025-Mar-15 00:00:00,1,12de98e9,f92f5d00,False,128.0,23374a9e,BNAM,,ENG
a6dba7e0-9b5,SCH2,2007-Oct-21 00:00:00,SUR7223,FOR6071,MID3566,PSUR3409,FSUR9138,1743a702-08b,b393abe0-333,74e208e5-3,M,2024-Aug-05 00:00:00,2025-Feb-14 00:00:00,1,ca99c153,07a52971,True,134.0,ba44154a,AKAO,,ENG
a6eea984-a62,SCH2,2017-Dec-17 00:00:00,SUR8282,FOR1305,MID5036,PSUR3676,FSUR3247,7c0b515a-498,60542631-c1c,cc588950-6,M,2023-Jun-30 00:00:00,2025-Apr-06 00:00:00,1,35e8167f,c902af1b,False,131.0,3e741f38,MBOE,,RUS
a7517483-b47,SCH2,2019-Jul-15 00:00:00,SUR3369,FOR3652,MID4758,PSUR3371,FSUR2313,5cb84fdc-ca2,d8e90e0c-9a6,733133b1-f,M,2019-Apr-15 00:00:00,2025-Jan-29 00:00:00,1,e9b92fb7,d63e8a1e,False,138.0,70e6066c,,,CYM
a7517483-b47,SCH4,2019-Jul-15 00:00:00,SUR3369,FOR3652,MID4758,PSUR3371,FSUR2313,5cb84fdc-ca2,d8e90e0c-9a6,733133b1-f,M,2025-Jan-30 00:00:00,2025-Mar-31 00:00:00,2,731b5344,744fd05d,False,126.0,4c198962,,,ENG
a7ff3a4e-ca2,SCH5,2010-Aug-14 00:00:00,SUR3517,FOR5712,MID7313,PSUR8945,FSUR3686,fe51054c-4a1,473965bd-a72,fbb9f70c-a,M,2021-Oct-13 00:00:00,2025-Feb-18 00:00:00,1,973abb6d,c39a5daa,False,135.0,125cd738,BAOF,,ENG
a988d3d3-649,SCH8,2010-Jan-11 00:00:00,SUR1633,FOR5538,MID6427,PSUR9014,FSUR7620,99378336-34e,cd026de5-93f,14c1be21-4,F,2024-Jul-24 00:00:00,2025-Apr-06 00:00:00,1,6c20fd48,8c9a581f,,118.0,8766a617,OYEM,,
aa4481e1-178,SCH4,2015-Jan-19 00:00:00,SUR7118,FOR5598,MID7456,PSUR8041,FSUR2997,af032c7f-420,26bfa86b-31e,9ddf6a58-3,F,2024-Dec-26 00:00:00,2025-Mar-16 00:00:00,1,2e1e0603,514c39f5,,132.0,db6958de,,,ENG
aa4bceb4-959,SCH5,2018-May-25 00:00:00,SUR9412,FOR8419,MID7867,PSUR9402,FSUR4555,bbde20ce-00c,b2c780a5-229,1311140b-7,F,2021-Feb-21 00:00:00,2025-Mar-11 00:00:00,1,8e823ee6,792348cb,False,124.0,9f2c8cbc,AOPK,,PNJA
ab9a1ad1-6de,SCH1,2016-Aug-06 00:00:00,SUR8062,FOR5248,MID1093,PSUR5468,FSUR7393,eef09d9b-0e4,97050617-7ce,1cf8d1d6-3,M,2022-Oct-27 00:00:00,2025-Feb-06 00:00:00,1,b958ac41,27b3173f,,130.0,30a9d579,CMAL,,GAL
aca801d9-6f5,SCH8,2018-Aug-31 00:00:00,SUR2003,FOR3539,MID8375,PSUR8410,FSUR7907,c0cbe730-fe9,f49adcee-6a2,31d2f507-0,M,2025-Jan-08 00:00:00,2025-Mar-07 00:00:00,1,1fa23921,2b91c08d,,125.0,35ec9d42,AKAO,,ENG
acab7c75-578,SCH8,2019-Aug-19 00:00:00,SUR6110,FOR7160,MID5092,PSUR7280,FSUR9239,d7be999e-dcc,d4ac6f38-582,51d65c3b-5,F,2025-Jan-20 00:00:00,2025-Mar-11 00:00:00,1,44eadaeb,23cbe663,False,132.0,58d29d6b,MOTM,,ENG
acf20afd-30a,SCH7,2010-Dec-11 00:00:00,SUR8660,FOR9287,MID4537,PSUR9348,FSUR2734,1f087b74-3df,37c7258d-c0d,61017d88-7,M,2021-Oct-23 00:00:00,2025-Feb-08 00:00:00,1,f9072a3e,5c2769bf,,129.0,20547097,OKOR,,PNJA
ad895f74-720,SCH6,2009-Dec-02 00:00:00,SUR1803,FOR5202,MID8237,PSUR7414,FSUR6672,a475c6f3-aef,8d6b6bbb-754,3d56e0a9-2,M,2024-Mar-20 00:00:00,2025-Jan-26 00:00:00,1,1f1039fb,e5d41e87,True,131.0,e46226f4,MWBA,,ENG
aec6a9b1-854,SCH3,2012-Jul-08 00:00:00,SUR8929,FOR4049,MID8249,PSUR7978,FSUR8113,304351d9-5a3,f473dc0b-e03,a65ea6e3-c,F,2023-Aug-24 00:00:00,2025-Apr-07 00:00:00,1,ab460f25,abfcb971,False,130.0,77c27372,MWAP,,ENG
af044c45-f91,SCH4,2018-Feb-08 00:00:00,SUR1839,FOR1852,MID9380,PSUR4299,FSUR2655,ed1f104c-c77,21bf53c6-4e0,70ea3cc4-0,F,2022-Jun-14 00:00:00,2025-Jan-25 00:00:00,1,7b4b83cf,628c7565,False,134.0,84a1ccb9,WROR,,GER
afe1ff26-4bd,SCH8,2014-Jul-19 00:00:00,SUR7416,FOR8232,MID7117,PSUR3830,FSUR4084,4ecfa4d4-f89,4d827ad4-f98,69e60d1b-e,M,2022-Nov-07 00:00:00,2025-Mar-29 00:00:00,1,af1d6815,b51238c7,False,128.0,3c573ab1,NOBT,,UKR
b054da58-0f0,SCH4,2019-Feb-16 00:00:00,SUR4672,FOR5876,MID3523,PSUR2389,FSUR2549,1240ed1b-be0,aefe6218-82b,b5498317-4,F,2024-Mar-06 00:00:00,2025-Feb-23 00:00:00,1,56e9618e,c8295b37,False,132.0,f82a22a4,,,PNJA
b25f2721-358,SCH6,2018-Jan-18 00:00:00,SUR5161,FOR2034,MID5068,PSUR6657,FSUR3566,39dd9434-e7d,8e4e2983-70a,4d101ead-e,M,2023-Mar-13 00:00:00,2025-Jan-06 00:00:00,1,e1e98253,9523c572,False,129.0,d65e41b7,OMAL,,ENG
b30e2033-3b1,SCH6,2018-Feb-21 00:00:00,SUR9451,FOR4487,MID7062,PSUR7603,FSUR5490,ad04590b-b12,9fb404aa-074,faf67f4b-0,M,2022-Jul-17 00:00:00,2025-Mar-18 00:00:00,1,0dbd5578,0830a0f6,False,141.0,eab6ed25,AIND,,ENG
b314f4da-0cc,SCH2,2010-Dec-29 00:00:00,SUR4058,FOR7181,MID6988,PSUR5045,FSUR2619,666eb0b5-fe0,1fa95257-cce,0227bcec-9,M,2024-Oct-14 00:00:00,2025-Mar-20 00:00:00,1,beae4093,50b08d87,False,135.0,00aefc21,MWCH,,ENG
b42a5f50-8eb,SCH5,2014-Nov-17 00:00:00,SUR6041,FOR5382,MID2981,PSUR2646,FSUR9332,986ac44e-ee3,70105f13-fdc,7070493a-7,M,2019-Sep-01 00:00:00,2025-Mar-10 00:00:00,1,2cc1384a,a8a4efee,False,132.0,3233878d,OKOR,,ENG
b494524b-9b5,SCH4,2015-Jun-09 00:00:00,SUR4905,FOR7693,MID1096,PSUR2357,FSUR6411,54a20ddf-3c9,58ad1231-e7c,8024f777-b,F,2023-May-11 00:00:00,2025-Jan-21 00:00:00,1,d847ca6e,f3ea3660,False,135.0,af2f9877,WBRI,N,RUS
b50001c5-b01,SCH4,2020-Jun-17 00:00:00,SUR5995,FOR4195,MID4439,PSUR4194,FSUR8246,9b576f0f-b55,11f14db2-9e7,209d8f04-8,M,2023-May-12 00:00:00,2025-Apr-03 00:00:00,1,48884d7b,a8d93a87,False,135.0,60d775f0,AOTH,,ENG
b56a28a9-3bf,SCH8,2014-Jan-27 00:00:00,SUR6177,FOR9230,MID9325,PSUR6228,FSUR1832,1e6b295f-fb1,d59594e5-797,7c449e8b-0,F,2024-Nov-24 00:00:00,2025-Mar-21 00:00:00,1,05d8745d,fb172eaa,False,134.0,9f844599,AKAO,,ENG
b5bef496-85c,SCH1,2016-Feb-11 00:00:00,SUR1331,FOR1028,MID4099,PSUR9813,FSUR7688,85d7dbef-32c,64f06191-071,05aedb04-d,M,2021-Oct-29 00:00:00,2025-Mar-29 00:00:00,1,e9d5a008,ed928575,False,128.0,4cea8336,WTUK,,
b5c166a2-579,SCH6,2012-Apr-22 00:00:00,SUR7830,FOR3741,MID5842,PSUR5440,FSUR6859,82da54a4-e7d,4430c4c6-f79,82fd9ef5-a,F,2022-Nov-23 00:00:00,2025-Mar-15 00:00:00,1,ec48774f,36f8b916,False,126.0,b18db388,OKOR,,ENG
b65ec771-dc9,SCH5,2013-Jan-28 00:00:00,SUR7223,FOR5900,MID4721,PSUR3669,FSUR3432,11e983bd-d6e,ec4ca529-2cd,bc534388-e,M,2024-Jan-19 00:00:00,2025-Mar-19 00:00:00,1,e561b4ee,c79680aa,False,129.0,2a8cd505,WOTW,,ENG
b66d7f2f-136,SCH1,2018-Dec-24 00:00:00,SUR7845,FOR3761,MID4400,PSUR7719,FSUR1770,36fd29fd-b99,00513e6c-bc7,36d18ac3-f,F,2018-Oct-22 00:00:00,2025-Jan-12 00:00:00,1,134eb6ca,ea90c2ec,True,119.0,cb3263e2,AOPK,,ENG
b6e3a732-f4d,SCH4,2018-Jul-12 00:00:00,SUR1874,FOR5604,MID7957,PSUR7240,FSUR5056,83193bd2-555,8bc84ae4-ffd,c54a61a6-1,M,2025-Feb-11 00:00:00,2025-Apr-03 00:00:00,1,6b067bb3,589fac6f,False,136.0,ec98effc,MAOE,,ENG
b841c948-aca,SCH2,2012-Jun-19 00:00:00,SUR1237,FOR6901,MID9305,PSUR4988,FSUR3761,952d8809-466,69cbd394-b94,4486a984-7,F,2021-Jan-01 00:00:00,2025-Apr-08 00:00:00,1,b1a1bdc8,1e2924cd,False,132.0,9b41a1bf,WBRI,,ENG
b9231e42-26c,SCH1,2020-Jun-15 00:00:00,SUR7625,FOR2236,MID8489,PSUR9776,FSUR5550,f8fde4c3-9c7,f1b30b44-cb2,c2aba270-9,F,2023-Dec-31 00:00:00,2025-Mar-15 00:00:00,1,edc80b6b,9dfc765f,False,133.0,fa906d03,BCON,,
bbee8cc2-116,SCH1,2011-Jul-22 00:00:00,SUR8119,FOR8402,MID3513,PSUR2037,FSUR5398,42d39717-815,8d60ab1d-905,a2530c51-5,F,2024-Mar-11 00:00:00,2025-Mar-28 00:00:00,1,a5d140f3,39e3bf70,,128.0,760fdf98,WBRI,,DAN
bd48e0b0-2e4,SCH2,2014-Aug-25 00:00:00,SUR1554,FOR6577,MID1933,PSUR9367,FSUR5676,4139a705-724,e13f75d3-22f,0ca030f7-9,F,2023-Jun-06 00:00:00,2025-Feb-28 00:00:00,1,17d7b234,5c7c31db,False,131.0,3b854274,AKAO,,ENG
bd7bbd1c-133,SCH2,2014-Jan-20 00:00:00,SUR3043,FOR8174,MID7244,PSUR2102,FSUR4837,06e91245-9d8,71bec7f9-73c,132721f5-7,F,2024-Aug-14 00:00:00,2025-Feb-26 00:00:00,1,3c53690f,2e41c3b8,True,134.0,55d738d6,OKRD,,BNG
be251991-297,SCH6,2010-Mar-06 00:00:00,SUR7966,FOR5000,MID8632,PSUR4405,FSUR4920,47f22392-9ac,189d88e0-862,9169aaa9-8,F,2024-Aug-21 00:00:00,2025-Jan-14 00:00:00,1,619a5b86,ce2f6149,False,130.0,25da7800,AOPK,B,
beccd901-176,SCH5,2009-Mar-06 00:00:00,SUR2504,FOR6335,MID6428,PSUR8545,FSUR3447,346a3e0a-c70,5aa89f8a-080,35305603-2,F,2024-Dec-21 00:00:00,2025-Mar-06 00:00:00,1,93b1c8a3,0b380d95,True,126.0,15ce7aa4,WBRI,,ENG
beff46b2-ba2,SCH1,2008-Dec-18 00:00:00,SUR2560,FOR3814,MID1178,PSUR5110,FSUR3955,3940c279-446,22ebdc89-d54,6178e00c-8,M,2023-Sep-10 00:00:00,2025-Apr-10 00:00:00,1,b0a2ae1e,929bb465,False,132.0,03465c4f,OLAM,,ENG
c035b2b0-0be,SCH6,2009-Jan-23 00:00:00,SUR1392,FOR3527,MID9455,PSUR8382,FSUR6214,ac34e8d3-b25,883e783a-ef9,462e8a56-f,M,2024-Oct-31 00:00:00,2025-Jan-14 00:00:00,1,19a23b6e,09c0e8be,,129.0,5080e8dd,BSUD,,ENG
c035b2b0-0be,SCH7,2009-Jan-23 00:00:00,SUR1392,FOR3527,MID9455,PSUR8382,FSUR6214,ac34e8d3-b25,883e783a-ef9,462e8a56-f,M,2025-Jan-15 00:00:00,2025-Feb-08 00:00:00,2,93879622,4ef4c8da,False,125.0,9e0c8c14,OIRQ,,ENG
c2728260-847,SCH8,2008-Jan-01 00:00:00,SUR1118,FOR8353,MID4861,PSUR9183,FSUR4792,e65d7817-9c4,5cc6012d-eed,7a6102a8-3,F,2023-Mar-03 00:00:00,2025-Feb-08 00:00:00,1,ccd6fa75,187d6675,True,129.0,2dfecb24,MWAO,,ENG
c28769d5-ee1,SCH5,2008-Nov-26 00:00:00,SUR1188,FOR9214,MID1642,PSUR8973,FSUR2252,85eea3db-cd0,c3668500-edd,5beb16af-8,F,2023-Jun-27 00:00:00,2025-Mar-14 00:00:00,1,5f39919a,0239d424,False,127.0,d8e5df59,CSNG,,ENG
c2c0b6f8-fe2,SCH7,2016-Oct-19 00:00:00,SUR2965,FOR7010,MID1510,PSUR4913,FSUR5017,ba801c43-e9d,36edccfc-d26,d685d122-3,F,2024-May-03 00:00:00,2025-Mar-02 00:00:00,1,6a44dc11,9de91d40,False,128.0,4403a823,OLIB,,ENG
c2f20572-ef3,SCH4,2014-Mar-09 00:00:00,SUR5191,FOR3432,MID9193,PSUR9915,FSUR2256,cb863e11-22e,750938de-a06,37696e0b-7,F,2023-Apr-28 00:00:00,2025-Feb-04 00:00:00,1,4cf982cf,6afe2263,False,136.0,5fa3783a,BSOM,,ENG
c2f20572-ef3,SCH6,2014-Mar-09 00:00:00,SUR5191,FOR3432,MID9193,PSUR9915,FSUR2256,cb863e11-22e,750938de-a06,37696e0b-7,F,2025-Feb-05 00:00:00,2025-Mar-02 00:00:00,2,96fad535,5d3d870b,True,127.0,bc9e8017,MOTH,N,ENG
c31d2367-570,SCH8,2019-Aug-02 00:00:00,SUR3803,FOR8831,MID8554,PSUR7343,FSUR3925,31440e05-613,d80d11be-f9a,50b3be65-2,M,2023-Oct-07 00:00:00,2025-Feb-01 00:00:00,1,c9f42648,3ba34b13,,133.0,d5609097,WEUR,,CYM
c3897b58-096,SCH3,2017-Oct-27 00:00:00,SUR2257,FOR1566,MID8460,PSUR1151,FSUR1053,7abb81eb-30e,45e52f1d-364,dd3d08a1-b,M,2024-Jul-03 00:00:00,2025-Mar-02 00:00:00,1,cd106deb,c5ec904e,False,136.0,d9c70d2d,CSNG,,ENG
c4650ed6-c41,SCH5,2016-Nov-26 00:00:00,SUR8844,FOR6275,MID5167,PSUR5329,FSUR2889,e00d9308-070,55aff5c0-a30,108932a4-9,F,2024-Aug-26 00:00:00,2025-Feb-05 00:00:00,1,5257e6fc,a4142fbe,False,134.0,2e7c5d08,OLIB,,CYM
c493a231-86d,SCH8,2017-Feb-15 00:00:00,SUR9022,FOR1086,MID7587,PSUR8452,FSUR6165,329a9d65-e4a,28a4116c-6d2,aeb04484-8,F,2024-May-08 00:00:00,2025-Mar-17 00:00:00,1,a325565a,15c31da8,False,127.0,61b6837d,AOTA,,ENG
c5a190e0-050,SCH4,2011-Oct-25 00:00:00,SUR4749,FOR9346,MID8261,PSUR2756,FSUR1950,dd147b89-191,48d49792-5fd,87f9ecf1-1,F,2025-Feb-25 00:00:00,2025-Apr-08 00:00:00,1,e1530523,6f7fba2b,False,128.0,05c1c4bd,MOTH,,GER
c5d6c2d6-fa1,SCH1,2008-Mar-25 00:00:00,SUR2477,FOR8649,MID4479,PSUR2043,FSUR3244,3bedfdb1-21a,08430d69-d07,3c4b78b5-0,F,2024-Dec-16 00:00:00,2025-Jan-25 00:00:00,1,474ed0a0,d136ef41,False,128.0,f6735ca9,WGRC,6,CYM
c6d4b8e8-bbd,SCH2,2018-Nov-24 00:00:00,SUR6854,FOR4904,MID6212,PSUR5289,FSUR8190,173fff69-03f,e6eda4bd-c24,63e1ef4f-8,M,2024-Feb-16 00:00:00,2025-Apr-10 00:00:00,1,42f05c1f,0928c904,True,130.0,02130132,WSER,,ENG
c7bc64d4-883,SCH3,2014-May-17 00:00:00,SUR2770,FOR1928,MID7318,PSUR4375,FSUR9691,bd40c7a8-f6a,d7c9e226-b0b,545629d7-f,M,2024-Sep-20 00:00:00,2025-Jan-08 00:00:00,1,22c1b92a,6a1b6e72,False,128.0,59b95fd0,OKRD,N,ENG
c7bc64d4-883,SCH2,2014-May-17 00:00:00,SUR2770,FOR1928,MID7318,PSUR4375,FSUR9691,bd40c7a8-f6a,d7c9e226-b0b,545629d7-f,M,2025-Jan-09 00:00:00,2025-Mar-21 00:00:00,2,f23d7a2b,5946e403,True,126.0,bff37cc6,BAFR,,CYM
c9434b20-5bb,SCH3,2013-Mar-23 00:00:00,SUR7754,FOR9979,MID6686,PSUR2748,FSUR5940,b083e721-99a,6d6f431d-969,5694736f-4,M,2022-Nov-10 00:00:00,2025-Feb-06 00:00:00,1,d38c6224,bd846e49,True,126.0,f3c790c8,AOTA,,
c9affd83-ec4,SCH2,2010-Feb-13 00:00:00,SUR9050,FOR9419,MID5615,PSUR5880,FSUR9992,c52a6370-9e7,d6fc7bf4-5a6,b9c0ee4d-6,M,2025-Jan-12 00:00:00,2025-Feb-21 00:00:00,1,f6cfcf2f,8acaadb7,False,128.0,27674689,WBRI,,ENG
c9e12f70-45f,SCH5,2019-Jun-20 00:00:00,SUR4001,FOR4350,MID5469,PSUR4921,FSUR2218,b55363b3-d0f,a5055657-3bb,6f6d1702-f,F,2019-Aug-19 00:00:00,2025-Jan-31 00:00:00,1,a791e079,d0be5119,False,126.0,70919373,OLAM,,ENG
ca089524-ebd,SCH5,2012-May-17 00:00:00,SUR2607,FOR7015,MID6545,PSUR4669,FSUR9772,2735554f-e0a,85e78318-edc,f21eff6f-7,F,2024-Dec-19 00:00:00,2025-Jan-29 00:00:00,1,0c068dd9,3680d113,False,128.0,ec72bba9,MWBA,,ENG
cb59e62a-5aa,SCH2,2020-Jul-25 00:00:00,SUR9086,FOR4808,MID4111,PSUR8519,FSUR6128,404e7cf7-205,3fe26bc3-136,9266fd48-2,F,2022-Dec-19 00:00:00,2025-Apr-10 00:00:00,1,11d2b2c2,21795d4d,False,135.0,3a64a801,WOWB,,ENG
cbf18447-748,SCH5,2019-Jul-13 00:00:00,SUR5636,FOR9014,MID9882,PSUR8328,FSUR5857,ef1e0f7a-3c6,1e710728-8c4,56246d5a-0,M,2022-Feb-12 00:00:00,2025-Jan-09 00:00:00,1,4ac5037a,c2a1f0a3,False,124.0,1f7fa56e,WTUC,,ENG
cd1fc060-c0a,SCH5,2014-May-16 00:00:00,SUR2405,FOR4902,MID3865,PSUR6054,FSUR8616,5d5a8f3d-7ea,c93f57c8-79d,2641dcb8-7,M,2024-Sep-04 00:00:00,2025-Jan-23 00:00:00,1,5d193a12,ee358955,False,116.0,348297d4,CHKC,,ENG
cd6b1ccb-51f,SCH4,2012-Mar-13 00:00:00,SUR6771,FOR5029,MID8703,PSUR7624,FSUR1127,4d040ee0-3a8,a5411da9-124,dacc67e7-0,M,2024-Nov-29 00:00:00,2025-Jan-25 00:00:00,1,bdfe17f3,95ee3859,,129.0,9e71a1e0,WCOR,,ENG
ce31cb4f-031,SCH7,2019-Dec-02 00:00:00,SUR5505,FOR9915,MID8120,PSUR5826,FSUR8303,17fcaf88-e98,1d4c9330-2fe,4fa3b93a-2,F,2019-May-01 00:00:00,2025-Feb-19 00:00:00,1,15191752,d425919c,False,128.0,f0451109,OOEG,,ENG
ce31cb4f-031,SCH3,2019-Dec-02 00:00:00,SUR5505,FOR9915,MID8120,PSUR5826,FSUR8303,17fcaf88-e98,1d4c9330-2fe,4fa3b93a-2,F,2025-Feb-20 00:00:00,2025-Mar-08 00:00:00,2,8b6c4ad1,5df00949,False,128.0,5f6761eb,WOTW,,ENG
cf3f70c4-27b,SCH7,2011-Jul-01 00:00:00,SUR5544,FOR7191,MID2621,PSUR1108,FSUR2787,a14a3c39-820,6e2858c9-055,31f5b024-c,F,2023-Jul-21 00:00:00,2025-Feb-17 00:00:00,1,60bb1a31,0858725e,,123.0,86d68200,MACH,,ENG
d16a8d94-1fb,SCH6,2008-Dec-19 00:00:00,SUR7015,FOR3365,MID4474,PSUR7541,FSUR4413,c10ec4dc-68d,eefbd806-303,3cbf1d39-4,F,2024-Nov-20 00:00:00,2025-Apr-08 00:00:00,1,984e80e1,b008ecb4,False,130.0,5160d12d,ABRI,,
d18b012b-c93,SCH3,2015-Jan-02 00:00:00,SUR9681,FOR9425,MID7734,PSUR9730,FSUR2820,b87d5b5d-cbb,9a2be7e6-8aa,1a39285e-5,M,2024-Oct-20 00:00:00,2025-Feb-09 00:00:00,1,8f5aab56,1c1bbd3c,False,127.0,c320e91d,COCH,,CYM
d2b3b880-8f2,SCH5,2015-Mar-17 00:00:00,SUR7557,FOR9849,MID3408,PSUR8187,FSUR2391,7d1b0614-7af,54ed9272-f0c,6dbdac2a-8,M,2023-Jul-10 00:00:00,2025-Mar-10 00:00:00,1,1453dcf7,db14439a,False,132.0,2f02dcde,WBRI,,GER
d2b3b880-8f2,SCH3,2015-Mar-17 00:00:00,SUR7557,FOR9849,MID3408,PSUR8187,FSUR2391,7d1b0614-7af,54ed9272-f0c,6dbdac2a-8,M,2025-Mar-11 00:00:00,2025-Apr-10 00:00:00,2,07d67592,695044a5,False,128.0,0d8f07b3,MWAI,,ENG
d2c916b5-00b,SCH2,2010-Jul-15 00:00:00,SUR8369,FOR7894,MID7279,PSUR7314,FSUR3820,54eb74f1-717,247ceadb-a68,3919aa1a-e,M,2024-Apr-18 00:00:00,2025-Apr-09 00:00:00,1,5cbad65a,88ef5489,False,130.0,74d1e364,WGRE,N,ENG
d2e39b41-d9d,SCH4,2016-Dec-19 00:00:00,SUR4461,FOR8660,MID9016,PSUR3088,FSUR6001,7b836205-ff9,c0bfe349-a57,6c9dd1e7-e,F,2024-Nov-27 00:00:00,2025-Jan-13 00:00:00,1,9f374e25,c12e5d21,False,129.0,d836058d,OLEB,,ENG
d37d3832-26e,SCH3,2019-Jun-17 00:00:00,SUR5381,FOR5196,MID3610,PSUR6200,FSUR8926,2d9ff153-5bc,d0070b2c-914,ef832476-4,F,2023-Dec-13 00:00:00,2025-Mar-17 00:00:00,1,43b71f1f,dea49862,False,130.0,282366f1,BANN,,ENG
d4014e8a-875,SCH8,2017-Jan-23 00:00:00,SUR9201,FOR9180,MID4889,PSUR5740,FSUR8600,962efcd4-af7,2c0962f2-b6d,128d12ee-0,M,2023-Jan-15 00:00:00,2025-Feb-10 00:00:00,1,e2b55c3d,e5c8e8ee,False,141.0,d9ec55ec,OYEM,,
d4a3e292-f5e,SCH5,2019-Nov-16 00:00:00,SUR8999,FOR1208,MID4911,PSUR8966,FSUR2537,2d97a528-837,64f37861-676,5d6baccb-c,F,2021-Jul-03 00:00:00,2025-Jan-06 00:00:00,1,5b381d47,b2b04491,True,,4cab8368,,,ENG
d512a164-482,SCH7,2012-Apr-11 00:00:00,SUR8052,FOR1029,MID8916,PSUR5596,FSUR3286,8a634d3e-b33,577770e5-035,6870e1c1-a,F,2023-Nov-28 00:00:00,2025-Apr-07 00:00:00,1,3e716cfa,44946a76,False,137.0,2d7cacae,OOEG,,
d57b2e34-8cb,SCH8,2018-Jan-15 00:00:00,SUR4003,FOR3798,MID4981,PSUR7263,FSUR2211,cead80d8-b55,12e71d1f-f30,36dfb918-6,F,2024-Jan-08 00:00:00,2025-Mar-25 00:00:00,1,331ca263,8913c2ee,True,127.0,b5dd100f,BBRI,,
d5e593a5-475,SCH2,2012-Sep-11 00:00:00,SUR9025,FOR5295,MID7404,PSUR4127,FSUR7852,24d4f080-ec7,41f6381c-ae6,68aefca7-9,M,2024-Sep-20 00:00:00,2025-Feb-19 00:00:00,1,ad1d1365,d3feea87,,140.0,608cd30c,WROR,,PRST
d6c11183-0cc,SCH7,2007-Nov-20 00:00:00,SUR2366,FOR9007,MID8353,PSUR4930,FSUR5771,e5076b1c-7d7,d8b152fe-290,e48dc555-e,M,2022-Aug-02 00:00:00,2025-Feb-13 00:00:00,1,6098de0b,ce2566fc,,137.0,01244e32,OPOL,,ENG
d6c175e6-476,SCH7,2017-Mar-26 00:00:00,SUR1999,FOR9825,MID7898,PSUR9074,FSUR8782,01c31e9d-e14,221a2297-ea4,af6752ba-c,M,2018-Oct-08 00:00:00,2025-Mar-22 00:00:00,1,f328d3c8,f94b8356,False,130.0,6c153230,CHNE,,ENG
d8bb387e-d24,SCH3,2012-Oct-12 00:00:00,SUR1462,FOR9891,MID1391,PSUR5343,FSUR5488,ac480e8c-d47,64ee2782-015,7f6a4a33-5,M,2024-Feb-26 00:00:00,2025-Jan-12 00:00:00,1,557b9da6,6e28f9d0,True,117.0,2e2b6ecb,WROG,N,PNJA
d9f606e5-2eb,SCH5,2014-Mar-26 00:00:00,SUR7043,FOR6438,MID4959,PSUR4003,FSUR4274,8ec478e4-160,2d9712db-37b,9a4f259a-4,F,2024-Feb-11 00:00:00,2025-Mar-19 00:00:00,1,735aa49d,10db54ab,False,132.0,758a801a,AAFR,,GER
da856e74-fa9,SCH6,2016-Jun-20 00:00:00,SUR5729,FOR8761,MID2420,PSUR6315,FSUR8893,8b9c2155-1fa,5097de8d-354,97900ac9-1,F,2020-Sep-13 00:00:00,2025-Jan-31 00:00:00,1,ea63797e,c4aae0c9,False,134.0,fe206f72,OJPN,,ENG
dab76058-c58,SCH1,2009-Jun-15 00:00:00,SUR1346,FOR1567,MID7629,PSUR9677,FSUR1942,8bd052c7-166,5c8ae71d-670,02c61122-5,M,2024-Oct-08 00:00:00,2025-Jan-19 00:00:00,1,258370f4,a8816ed2,False,128.0,41f2e459,WBRI,,CYM
db1b497f-ea8,SCH2,2011-Aug-03 00:00:00,SUR2783,FOR7202,MID2365,PSUR8706,FSUR6606,2e25bd23-f6e,35d97787-53a,dc0b3ebd-1,F,2024-Aug-12 00:00:00,2025-Mar-15 00:00:00,1,e743335e,1799fe1e,False,130.0,86b67cd5,BCRB,,ENG
dce0855d-1f2,SCH2,2009-Dec-06 00:00:00,SUR3662,FOR5527,MID3273,PSUR3431,FSUR7040,a85d1f1e-66b,22884524-b6a,eb7c2803-0,F,2021-Mar-05 00:00:00,2025-Jan-31 00:00:00,1,442f7011,073d1e40,False,134.0,d4b05668,,,ENG
debdbd8e-f85,SCH6,2013-Jul-15 00:00:00,SUR2871,FOR7032,MID6449,PSUR5004,FSUR6609,822ab9c9-2a4,81108833-733,5a66679b-2,M,2024-Oct-18 00:00:00,2025-Mar-06 00:00:00,1,0859bebe,b09aa953,True,131.0,698d0467,WEEU,,GAL
dfaecf5e-fdc,SCH7,2014-May-17 00:00:00,SUR5105,FOR9092,MID7387,PSUR5853,FSUR1553,2737388a-4a6,f21713a2-358,4b99e2c7-8,M,2021-Sep-08 00:00:00,2025-Apr-09 00:00:00,1,0e6e83d4,2d2d6cf4,,126.0,29661e8b,OMRC,,
dff008a1-25b,SCH2,2019-Apr-23 00:00:00,SUR1508,FOR5594,MID9694,PSUR2729,FSUR8654,84e5f65e-0ee,ae9ebc73-4a1,c6831015-f,M,2024-Feb-25 00:00:00,2025-Feb-02 00:00:00,1,b8d5650e,6940e90f,False,121.0,f2f52b12,WSCO,,
e0bf7e43-366,SCH8,2014-Oct-16 00:00:00,SUR1324,FOR1918,MID4920,PSUR7826,FSUR1674,82eb6018-102,366dced1-dc4,b0bee2d9-3,F,2023-Apr-07 00:00:00,2025-Mar-25 00:00:00,1,7f5f3974,213dc080,False,126.0,7622a5c8,WKOS,,ENG
e0dceed5-e4e,SCH5,2015-Sep-14 00:00:00,SUR1584,FOR2085,MID9251,PSUR8023,FSUR1494,0987ffb8-556,0091125b-a73,376b9f79-b,M,2022-Dec-28 00:00:00,2025-Jan-17 00:00:00,1,24c794b8,f8f61179,False,128.0,883b045b,CTWN,,
e0e52f0f-137,SCH2,2020-Apr-22 00:00:00,SUR9851,FOR6818,MID6654,PSUR7347,FSUR1359,631ba722-2e3,10526761-960,72a690e0-0,F,2021-May-19 00:00:00,2025-Apr-10 00:00:00,1,96c19a4a,1e9fd1a4,False,132.0,3c08c23f,ABAN,,BEL
e1842850-ed7,SCH5,2018-Feb-11 00:00:00,SUR3340,FOR7602,MID7770,PSUR8986,FSUR2754,59f1998c-bb5,f9385545-abe,57618f02-d,F,2020-May-12 00:00:00,2025-Feb-10 00:00:00,1,5cabedc5,4dc254ac,False,133.0,fb82ff1d,BWEL,,UKR
e19be326-c56,SCH5,2010-Dec-23 00:00:00,SUR9548,FOR5482,MID1595,PSUR1541,FSUR1095,5e618452-3a6,2dd406f2-1a5,6d6b371b-6,F,2024-Jun-17 00:00:00,2025-Feb-26 00:00:00,1,c29afa43,38721966,False,131.0,79077d82,,,CHI
e37066f2-01e,SCH6,2012-Oct-03 00:00:00,SUR4370,FOR6413,MID5161,PSUR2827,FSUR9305,ef007199-18e,af8fad4a-cb0,f799d415-a,F,2018-Oct-01 00:00:00,2025-Feb-27 00:00:00,1,d7999328,13005748,True,123.0,4bff0398,OLIB,,
e3815ee6-03b,SCH6,2019-Aug-23 00:00:00,SUR5785,FOR2036,MID2227,PSUR3384,FSUR2319,0a294d76-8f6,c04d97aa-f2c,a6b33693-c,M,2024-Jun-13 00:00:00,2025-Mar-22 00:00:00,1,ce9fce33,529d956f,,134.0,30502ab7,,,ENG
e48b8568-e1d,SCH3,2013-Nov-27 00:00:00,SUR5707,FOR9152,MID7922,PSUR6577,FSUR4253,804c8f79-300,81a54d2b-613,f0f4c551-f,M,2024-Aug-14 00:00:00,2025-Mar-16 00:00:00,1,593eea36,85fcb9e8,False,126.0,677a3ed5,BEUR,,PNJA
e4fed09c-2f1,SCH3,2008-May-10 00:00:00,SUR7065,FOR5587,MID7475,PSUR6448,FSUR9131,405becbb-290,c3d5fb87-df1,8da241ff-d,F,2024-Apr-08 00:00:00,2025-Jan-16 00:00:00,1,0eeb78b2,15ee053d,,124.0,11fa667d,OTHA,,CYM
e60ed41e-e78,SCH5,2020-Feb-12 00:00:00,SUR1320,FOR6943,MID8315,PSUR1479,FSUR6384,e3f8e6f3-d30,9b9e282a-d76,ba3117b2-5,F,2024-Mar-05 00:00:00,2025-Mar-16 00:00:00,1,bdcc7786,2f889b7d,False,131.0,f38ac743,AOTH,,ENG
e66ab5fa-51b,SCH1,2010-Feb-25 00:00:00,SUR9501,FOR4931,MID6371,PSUR7755,FSUR3303,f70231d4-dfd,b6c01f58-429,68c54c86-a,M,2022-Jan-02 00:00:00,2025-Mar-06 00:00:00,1,3000a12c,e2fd241d,False,133.0,cdd4ccda,WGRC,,GER
e7704829-904,SCH1,2008-Apr-01 00:00:00,SUR4415,FOR7947,MID8770,PSUR3132,FSUR8054,3864c59d-4d4,98cff5c7-755,fd2d89cb-d,F,2023-Aug-27 00:00:00,2025-Feb-27 00:00:00,1,cf491d71,8c727571,False,125.0,fde5ef9f,WSER,7,ENG
e83f578b-e34,SCH5,2014-Dec-06 00:00:00,SUR5975,FOR5258,MID4888,PSUR3748,FSUR7757,612daedf-874,8ac80962-cb8,0930dcc1-1,F,2024-Dec-21 00:00:00,2025-Mar-31 00:00:00,1,5ddd979e,7a10bc9c,True,122.0,13ba7922,WCOR,,GER
e92cde0a-bc2,SCH3,2012-May-03 00:00:00,SUR6909,FOR4502,MID1745,PSUR1463,FSUR7558,403560c2-94c,f171f90a-dca,1784f3ba-6,M,2024-Oct-07 00:00:00,2025-Mar-12 00:00:00,1,25e33014,c1386416,False,127.0,e2912bac,WALB,,ENG
e959478f-581,SCH3,2010-Feb-17 00:00:00,SUR3289,FOR8203,MID5101,PSUR5535,FSUR6678,47aab9eb-482,fe507eff-b41,75f85150-f,F,2023-Jun-20 00:00:00,2025-Mar-09 00:00:00,1,fff4facb,66972164,False,132.0,470fe689,BSUD,N,ENG
e959478f-581,SCH6,2010-Feb-17 00:00:00,SUR3289,FOR8203,MID5101,PSUR5535,FSUR6678,47aab9eb-482,fe507eff-b41,75f85150-f,F,2025-Mar-10 00:00:00,2025-Mar-15 00:00:00,2,dc45f2ef,fd2e4784,False,134.0,1655bdc7,OIRN,,CYM
e97d731a-909,SCH2,2016-Feb-13 00:00:00,SUR3740,FOR2918,MID2086,PSUR8082,FSUR8238,b9d13c69-34e,ef3fb3e9-f86,25be2b5d-e,M,2025-Mar-07 00:00:00,2025-Mar-26 00:00:00,1,e73f1973,61ea7960,,126.0,983d81be,WSER,,ENG
e9c72c20-fcd,SCH3,2008-Sep-30 00:00:00,SUR6213,FOR7605,MID7927,PSUR2211,FSUR9271,ef847ff2-01e,4ab8b14f-8e9,1a7479b9-8,M,2024-Jul-27 00:00:00,2025-Mar-14 00:00:00,1,b2d6f846,9136697c,False,121.0,99f261d9,WROO,,ENG
ea7a975f-90b,SCH3,2019-Nov-17 00:00:00,SUR4886,FOR3580,MID4577,PSUR3259,FSUR5261,0a13c0c5-438,12ebe338-922,3ae217f2-9,F,2019-Nov-10 00:00:00,2025-Mar-27 00:00:00,1,0f31849c,13b72b1a,,122.0,72c4fc9d,MWBA,,ENG
ea857254-cce,SCH2,2011-Jan-13 00:00:00,SUR2610,FOR2787,MID2749,PSUR4757,FSUR5757,e652765d-c28,620d2d0c-2f5,89e7b711-e,M,2023-Dec-12 00:00:00,2025-Mar-05 00:00:00,1,b887fdda,bf790878,False,127.0,7ca60dc4,OMRC,,ENG
ebc15a93-fb7,SCH8,2018-Sep-25 00:00:00,SUR3707,FOR9488,MID3956,PSUR9765,FSUR4131,4cb48d4c-4f7,17324a6c-14e,66380ffc-9,F,2024-Oct-13 00:00:00,2025-Mar-12 00:00:00,1,e126a587,7c491a55,True,123.0,2587d3af,MOTM,,ENG
ecad1d32-510,SCH5,2017-May-13 00:00:00,SUR3724,FOR7963,MID2486,PSUR1827,FSUR3023,9a51da46-982,f3dc35df-930,56e08e94-a,F,2024-Jul-28 00:00:00,2025-Jan-20 00:00:00,1,c178874d,f937158b,False,135.0,24a7f836,BNGN,,ENG
ece65289-c87,SCH4,2015-Nov-08 00:00:00,SUR1655,FOR4787,MID2724,PSUR1659,FSUR1276,b8bfe297-25c,e0b55ff4-24c,69966add-a,F,2024-Oct-11 00:00:00,2025-Jan-19 00:00:00,1,cb9d7fab,2fe3656b,True,135.0,171d987c,WNIR,,ENG
ece65289-c87,SCH3,2015-Nov-08 00:00:00,SUR1655,FOR4787,MID2724,PSUR1659,FSUR1276,b8bfe297-25c,e0b55ff4-24c,69966add-a,F,2025-Jan-20 00:00:00,2025-Mar-09 00:00:00,2,a65c152a,4dd93840,False,127.0,8e37c3b7,CHNE,,ENG
ed65bc40-3a1,SCH1,2012-Nov-21 00:00:00,SUR6506,FOR9714,MID5863,PSUR5472,FSUR8140,cd39f225-939,9dc979be-627,c0a1d0a5-5,M,2024-Aug-16 00:00:00,2025-Jan-16 00:00:00,1,24f539e1,8ed8d771,False,133.0,4e9e77ed,MWCH,,ENG
ede73922-d26,SCH7,2018-Jan-10 00:00:00,SUR6172,FOR9275,MID7935,PSUR2256,FSUR3072,520cc349-4e0,ef074cd7-ca6,68b44662-7,M,2025-Mar-14 00:00:00,2025-Mar-24 00:00:00,1,d234f79e,ac75d56e,False,129.0,482f00cd,BNGN,,
eef36cf2-0f0,SCH6,2011-Feb-07 00:00:00,SUR1954,FOR1608,MID6052,PSUR9767,FSUR8748,08210bc0-91f,4fe3f1ea-939,b1e62fd8-c,F,2024-Mar-06 00:00:00,2025-Jan-06 00:00:00,1,5a7ec316,8c97e95d,True,124.0,56fd3933,MOTM,,GER
ef575e33-13f,SCH7,2013-Apr-14 00:00:00,SUR1614,FOR2526,MID8547,PSUR7278,FSUR7622,fd4c0211-e4e,a444bf5c-98f,3ffd2052-d,F,2024-Oct-26 00:00:00,2025-Mar-08 00:00:00,1,f1f8252a,9da41393,,132.0,e88b9577,WTUR,7,CYM
ef90c11d-104,SCH4,2009-May-12 00:00:00,SUR3804,FOR8274,MID7601,PSUR1307,FSUR7739,bb61b1cb-95d,a5e5085f-8e3,9a003c27-f,F,2024-Feb-03 00:00:00,2025-Jan-28 00:00:00,1,a78f048f,56948f23,False,127.0,16c39665,BOTH,,BEL
f0a3751a-ade,SCH7,2014-Feb-19 00:00:00,SUR2956,FOR8357,MID7624,PSUR1851,FSUR7779,0295e16e-073,2c7f5827-227,7c537356-b,F,2019-Sep-25 00:00:00,2025-Feb-19 00:00:00,1,e67fd6f3,e96777b2,False,130.0,aa73fc80,,,ENG
f1fbc3db-714,SCH1,2012-Sep-18 00:00:00,SUR4294,FOR6080,MID1828,PSUR8160,FSUR3310,7098b290-73b,7d8e614f-08c,bee4db1e-4,F,2024-Nov-05 00:00:00,2025-Jan-14 00:00:00,1,041a599a,014a2cea,True,126.0,396cb89e,BEUR,N,ENG
f27d6535-74f,SCH6,2013-Aug-30 00:00:00,SUR4663,FOR2293,MID3745,PSUR4857,FSUR1830,900c995d-8b0,d0f57b8c-be1,aaf491e5-5,F,2022-Jul-31 00:00:00,2025-Feb-15 00:00:00,1,cb2d0e70,6e827d7a,,132.0,263a806e,ORAB,,ENG
f2a382ff-36d,SCH1,2009-Dec-11 00:00:00,SUR1835,FOR6869,MID1113,PSUR5731,FSUR3814,eda864f5-545,3757aa7b-d92,c6f84410-1,M,2021-Jun-05 00:00:00,2025-Mar-25 00:00:00,1,f6c8c730,8d0dd939,True,127.0,d546816c,WSCO,,ENG
f2cffca4-43d,SCH7,2018-Jun-21 00:00:00,SUR1692,FOR7369,MID6278,PSUR3942,FSUR1007,59d7519c-ef4,0d29c490-df5,86a6a3e3-2,F,2021-Aug-14 00:00:00,2025-Jan-30 00:00:00,1,54f03173,a643b0eb,False,132.0,f9b77f52,ORAB,,ENG
f2f20d3e-f67,SCH2,2008-Sep-20 00:00:00,SUR1038,FOR1810,MID3544,PSUR9441,FSUR6612,ab9087bd-d47,01e8bbd8-de7,b939da9f-b,M,2023-Nov-29 00:00:00,2025-Feb-18 00:00:00,1,799b0a1b,ae6ea8a9,True,127.0,59d40bd9,WGRK,,TRI
f2ff947b-19f,SCH5,2015-Jul-10 00:00:00,SUR2774,FOR9031,MID1478,PSUR9423,FSUR9845,20e4b865-fb9,1ba998f5-cf9,f4ba5584-f,M,2024-Mar-16 00:00:00,2025-Apr-03 00:00:00,1,a7fac1aa,f1f644d3,True,130.0,cfd3560e,ASNL,,ENG
f3148f2c-25e,SCH8,2017-Nov-27 00:00:00,SUR1647,FOR9536,MID6562,PSUR9552,FSUR8911,86c32f4d-60f,13201420-c84,dd07514b-c,M,2024-Dec-30 00:00:00,2025-Mar-08 00:00:00,1,73369da9,a5710fb7,False,132.0,e9f5a3ac,WOTW,,CYM
f3866a02-ab4,SCH3,2015-Oct-26 00:00:00,SUR4972,FOR7461,MID6037,PSUR4238,FSUR6407,dfe85354-e65,43014c28-c5d,b341a3ef-2,F,2024-Mar-31 00:00:00,2025-Feb-16 00:00:00,1,2dcb19b3,812f431c,False,130.0,c792e2ba,ORAB,,
f4b0765b-5be,SCH8,2008-Sep-20 00:00:00,SUR2473,FOR7342,MID9498,PSUR5451,FSUR9610,d2ed53e5-de4,7b74b2f7-25e,efc2ad2d-5,F,2020-Apr-06 00:00:00,2025-Mar-14 00:00:00,1,61aba03b,632aa504,True,135.0,bfe37651,ASNL,,ENG
f4d02dd8-f22,SCH6,2008-Aug-19 00:00:00,SUR9131,FOR2204,MID7615,PSUR9528,FSUR2130,d14c32af-f31,ca018055-db9,9d2cdadb-7,M,2023-Jul-11 00:00:00,2025-Mar-12 00:00:00,1,7e4a43a8,f756435a,False,126.0,ed45d812,ASNL,,GAL
f5c18106-c7b,SCH4,2018-Dec-09 00:00:00,SUR7745,FOR6969,MID8659,PSUR7616,FSUR1806,783d56d1-05d,29ff36ad-1ad,3039aed9-9,F,2019-Dec-08 00:00:00,2025-Jan-22 00:00:00,1,cfc38213,d18b6c35,True,132.0,07a0cbad,MWCH,6,ENG
f65649e6-e36,SCH1,2013-Nov-19 00:00:00,SUR4687,FOR5161,MID5326,PSUR5015,FSUR3879,0eabf7d2-a52,f1b6c929-3f8,668d32c1-5,M,2024-Nov-28 00:00:00,2025-Jan-26 00:00:00,1,0c0c2113,d8632871,,130.0,fa2309bd,BEUR,,ENG
f65649e6-e36,SCH2,2013-Nov-19 00:00:00,SUR4687,FOR5161,MID5326,PSUR5015,FSUR3879,0eabf7d2-a52,f1b6c929-3f8,668d32c1-5,M,2025-Jan-27 00:00:00,2025-Mar-25 00:00:00,2,bb583d6b,aba252a7,False,139.0,821d476b,BSLN,,ENG
f793d3eb-376,SCH8,2009-Sep-05 00:00:00,SUR4081,FOR5943,MID4733,PSUR5698,FSUR9067,1ea14ec4-444,ace0f097-3b1,1bd5c27b-0,F,2024-Nov-13 00:00:00,2025-Apr-06 00:00:00,1,343c3632,e98cd562,,129.0,d3857e59,WOWB,,ENG
f7c4e620-58a,SCH4,2015-Feb-20 00:00:00,SUR6316,FOR7628,MID9185,PSUR9860,FSUR7274,850350b2-758,b01ef913-713,aa7b5c1b-6,M,2023-Mar-12 00:00:00,2025-Feb-15 00:00:00,1,d594fa8b,91d7c939,False,142.0,e625305c,BGHA,,PNJA
f7c4e620-58a,SCH3,2015-Feb-20 00:00:00,SUR6316,FOR7628,MID9185,PSUR9860,FSUR7274,850350b2-758,b01ef913-713,aa7b5c1b-6,M,2025-Feb-16 00:00:00,2025-Mar-16 00:00:00,2,3d114061,42622768,False,133.0,2e5bd1c9,OOTH,,ENG
f7e8d328-bb2,SCH5,2019-May-21 00:00:00,SUR1077,FOR5901,MID7069,PSUR9288,FSUR3423,a8006258-e6b,cfdbc786-913,8474b651-8,F,2023-Nov-06 00:00:00,2025-Apr-08 00:00:00,1,0270c7a4,ada90ce7,False,128.0,0123f33b,BCON,,ENG
f80f829e-18d,SCH7,2012-Oct-24 00:00:00,SUR3468,FOR5241,MID5164,PSUR9788,FSUR3496,26a57954-62e,2dedfb77-438,817804c4-5,F,2025-Jan-01 00:00:00,2025-Mar-02 00:00:00,1,6c4eddfd,1df0a138,False,129.0,0f68ddfe,NOBT,N,ENG
fca95526-383,SCH1,2011-Aug-16 00:00:00,SUR1108,FOR4420,MID2119,PSUR8924,FSUR8633,cafe60ab-150,e7cc58fb-d3d,935083cf-a,M,2023-Feb-26 00:00:00,2025-Mar-02 00:00:00,1,5fc7cb33,0f21eb40,True,133.0,c06996a2,WOTH,,ENG
fcefc173-205,SCH8,2014-Aug-01 00:00:00,SUR2151,FOR6301,MID4460,PSUR2095,FSUR3578,f3a72606-431,9b10ea41-0b4,a34aeb68-b,M,2024-Mar-14 00:00:00,2025-Mar-11 00:00:00,1,0a62b664,2c92f493,False,127.0,33ea6051,MWAI,,ENG
ff801e84-cd3,SCH2,2008-Aug-23 00:00:00,SUR7184,FOR1457,MID6545,PSUR1392,FSUR6080,efa89dcb-697,548c3978-054,f9b04ec4-f,F,2023-Oct-02 00:00:00,2025-Feb-18 00:00:00,1,56a24f0a,1527e54e,False,136.0,2930ea80,,,CYM
fff433e1-6bc,SCH7,2014-Mar-12 00:00:00,SUR2394,FOR8886,MID6186,PSUR3113,FSUR5201,2b5b2af1-218,b20dfbb3-da7,9aa7bd1c-2,F,2025-Jan-31 00:00:00,2025-Mar-26 00:00:00,1,7a756a8a,8574fca9,True,127.0,2386b2fd,BSLN,,
